learning_rate,n_estimators,max_depth,min_child_weight,subsample,colsample_bytree,reg_alpha,reg_lambda,gamma,weight_ratio_0,weight_ratio_1,max_delta_step,scale_pos_weight,value
0.0701645070067231,564,9,1,0.8307476754572037,0.6684021204243464,1.386023968166289,0.24258587256031638,0.5660384694420104,0.746115974127014,0.8950397467941514,1,0.5205725887061285,-0.6025283179863278
0.06525170548925914,515,4,8,0.8456359362397207,0.8088870645992081,2.5213774705508865,2.5201326413204104,1.3050652459826895,1.2198737575222716,0.8901963746805055,5,1.520040942809045,-0.6841590776603136
0.05024429028777026,490,6,3,0.8119823148807108,0.6558141699135235,0.985610160292793,0.12278256684262967,1.5971601933277864,0.9421711822697396,0.8644777701432228,9,1.7586427730140952,-0.6997435354487663
0.06417003327770163,553,6,2,0.6590341033082178,0.7251759404876078,1.459792041243642,0.6707612242309502,1.940008510677434,0.854449992167175,1.108085080540231,3,0.8194532233803666,-0.6803828272686587
0.041652832490301474,697,5,3,0.7712378456513898,0.7130151951932002,1.8587155243790217,3.8461864615114854,0.17802577191798918,0.7855002645646431,0.8109437919702877,10,1.742489800728727,-0.6892159917643513
0.08172995065178677,580,4,4,0.7877216653902668,0.6945619996081835,4.5912407296343725,0.5937620234957225,0.5785009280233075,1.0542650422548938,0.9485745687579537,6,1.3869619013607464,-0.6959581648582214
0.014784260710999945,335,10,7,0.6816708035825659,0.6731791007275958,2.7926807575881907,3.9527177795758157,1.3513432198206177,0.7742510422551384,1.060881293950087,3,1.6622092551919319,-0.663112241742707
0.024860972036643492,666,7,6,0.716606789241571,0.8207698221096822,3.9474049093843604,4.705159471274118,1.543962378412639,0.7323519418824158,0.8310648701181397,1,0.8308767311797554,-0.6016562926964292
0.015659648651450066,272,3,4,0.6259401887154216,0.8195808889129353,3.20744229159661,3.5584821317894355,1.5085492917877024,0.739365645033516,0.8184935335312814,6,0.5496797669956446,-0.6052952264535474
0.03343499957491281,125,3,4,0.6939708212334699,0.7805603939783625,3.9384854940757448,1.976363275258957,0.8627797052314792,0.7337427434660221,0.8433866351279693,5,1.0215409006817793,-0.6693292890784154
0.08810623506395067,106,7,3,0.8222421533040944,0.7333278390034418,3.174205842781034,1.202872054138266,1.3933406729544435,1.1522658011394304,0.89920256123168,3,1.7421359369432698,-0.7030976851323244
0.052375518138951194,118,3,10,0.8939670377894264,0.7009133292577966,2.1350782785364943,2.269418615487572,0.3977133132927744,1.2718492274124615,1.043861478320555,9,1.2616061481351695,-0.6700253533271083
0.010383425189418276,303,5,4,0.7236526826351521,0.6958919568889452,2.710033109853824,2.7142343344474296,1.1096647886290267,1.1167394587676251,1.1342918685950438,3,1.126363454547715,-0.6815658452297425
0.017631567045106548,629,6,3,0.7379247307151791,0.8909677315276776,1.2604287424473388,0.9009410779563193,1.6030919456058637,1.015911296368834,0.975667827785842,4,1.4539763028943866,-0.7028779035339023
0.06989127581345564,635,6,10,0.8994671719453002,0.7016695512073334,1.0423096574504986,0.1925048937281515,1.0098907468076923,0.7172461934683293,0.9729767004520035,9,0.6913883225008544,-0.5920303075935555
0.017785768998455954,208,4,7,0.7035812504155429,0.6828071742388313,2.1132714573837728,1.3539669515802244,0.36129905167333787,0.712591251924369,0.9044037235341642,1,0.8157049596221877,-0.6665991487871625
0.05825772044980008,458,4,1,0.744506521044397,0.76736297163982,1.668542090232934,3.3579726917843966,0.23792406812722744,1.0858983185928874,1.1624697786790597,1,0.9630731263706475,-0.6797559415948674
0.02524420341390352,169,6,3,0.6376274416521416,0.7936621647164802,3.1346801348576676,4.322271205423054,1.9239910067163688,1.0941307724097373,0.8521483072576066,5,1.160823551824187,-0.6065465534160602
0.06426552791704351,71,4,5,0.791415117206688,0.883705772858816,2.7745863609182986,4.451704928226572,1.110034978615198,0.8595305882879007,1.1788483956859526,4,1.5651005805152538,-0.6058400237308831
0.02223200280908658,584,6,6,0.8625402720975386,0.7978319650672807,2.450234230038798,0.6737253999899245,0.8044530801080831,1.0935547693519898,1.1131387468707927,6,1.027413024429228,-0.6841410990429618
0.057025855903104425,215,3,3,0.763818678870475,0.8582129149004177,3.121045252173019,2.3061541265447616,1.4879512463146352,1.2176726139685528,1.1477346650742979,4,0.5286440543054401,-0.6089654376040884
0.0355503210509907,263,7,3,0.6858305837686323,0.6825618411656306,3.0818354970006103,0.04387214750731783,0.10569471989931656,1.0423904655063374,1.0548595088773898,5,1.2734044209990647,-0.7042484628104616
0.016738105101741868,176,6,5,0.8765858170876653,0.8239472921231669,2.3302802570765486,0.617819256622617,0.6674229824509514,0.8567363486862007,0.8777328046882326,1,0.534678290069327,-0.614659121451142
0.04117392965897598,178,8,10,0.8962841478186573,0.7248056617153982,2.965834615994317,0.8830407417139219,1.2978685642297532,1.2305307355027184,1.1280682666914523,3,1.5687865616220946,-0.7016067151168892
0.019554514270281285,434,10,4,0.6410922947061308,0.8596438526673823,3.678463340168378,3.118833773275704,1.8163130447723166,0.7390113317041527,1.136702963718442,4,1.302947443995249,-0.6940694207209717
0.05341649756599053,677,10,4,0.7653275205454018,0.629281183841692,1.451189976877515,2.484667684587742,0.9944828787816318,1.1813258100539825,0.9182396449064273,6,0.8043829671759868,-0.6044129661269735
0.06287166322013026,533,5,4,0.6069355430061603,0.6264060286292827,2.8515499933716493,3.5605569503102235,0.436407949565772,0.7098993606623625,1.1867344873911845,1,1.9958660179428813,-0.6382647264472482
0.04146892272167686,73,8,10,0.6093997277689611,0.6080370414037651,2.7644245308077937,4.021710811182502,1.5578251205289577,1.0007170448578708,0.9520572048743228,5,0.7010074062000042,-0.6060335587446148
0.016510653164804007,609,10,1,0.8322257168403397,0.7465112775304732,1.6941780360414982,2.5214183561191925,0.7127632058536058,0.8691615740010236,1.0929953994013315,4,1.9639672785203255,-0.6904963540576293
0.04431996856241486,210,8,9,0.7929466894918138,0.6129354279474334,3.8501205024712917,1.378510439224096,0.1330393211926464,1.212702918186747,0.8921673862194704,10,0.598787286222124,-0.6158038699213747
0.027669938154090076,299,9,1,0.7828234814704611,0.8285530513716258,0.577511145648058,3.542842078963089,1.7759690698079678,0.7399522458561433,0.801835429594792,10,1.9374080052484102,-0.6878836598625492
0.013600511675234472,710,10,6,0.8514741870712645,0.7442183946025389,4.336673759077167,2.094049509024303,0.37364566873030514,1.0352573282862572,0.8869853547932092,7,1.2246135917614114,-0.699434013537652
0.06504672528644931,459,7,7,0.8461550390279085,0.7958417986566452,4.256235644298826,2.1367806424255265,0.6870376084857428,0.8253149421530498,1.0019606442686326,3,1.0337038141094639,-0.712169382797989
0.09428461222037239,456,9,1,0.6800507318213563,0.6043465704172178,0.28358520052977765,0.9996448312718884,0.045649289759984835,0.9237229963023637,1.0716587207702846,0,1.8953164273915108,-0.686937070918343
0.09326359075545768,479,5,8,0.8376058595374837,0.6198197148158023,0.07365619455773631,1.1738003464980333,1.9239926899073903,0.9779423735621486,0.9606397942156139,2,1.9490586219264903,-0.6893445548577585
0.09276274723472493,441,5,8,0.6934039975237123,0.6061328004383324,0.16198375548989974,1.2628872891694956,0.08163253289767247,1.0238959510806867,0.976936949495483,7,1.6640489625021666,-0.6981209840198458
0.09819624381030095,415,8,8,0.8208969848046663,0.6207223010264428,0.13894777758880572,1.300933306717726,1.8255785439842933,0.9419641657873614,0.9632652783975666,7,1.9887967244835796,-0.7010304397753299
0.09512469139669259,359,8,8,0.8288526233895628,0.6507903392500503,0.12376077140626807,1.46037721388288,1.2831147762237285,1.1295125186459678,0.939056697794208,7,1.9810883251586429,-0.7014360037229439
0.09403312851406757,365,8,8,0.8447812091178697,0.751766013833194,0.06983703785779927,1.362031101817871,1.2551648911605007,1.1259532641668328,0.9591511295856231,7,1.951079095159592,-0.7027028632661266
0.09809114523710435,337,8,8,0.8213023735230031,0.6009046748338417,0.26932997307825124,3.2480623417739967,1.2492885466047299,1.1672595998122017,0.9502971703242739,7,1.8978883018664165,-0.7017891298301636
0.09098712587611513,337,10,8,0.8237853110597135,0.7423724293950997,0.2066276081089411,3.017032361189002,1.2302112145710742,1.1836369838306546,0.9350064312753429,8,1.9754822337383398,-0.6959627439511991
0.0998058410634159,416,10,3,0.804077327781927,0.657459890737098,4.961542393091105,1.49876920034341,0.135184249530657,0.9784756650833004,1.0179224401050202,7,1.992342617187789,-0.698113872180581
0.09733360873549987,369,8,2,0.8185311104158263,0.7396835870004682,4.889006068309343,1.4080933099055752,0.027583336617523213,0.9721810215528248,1.0176381047210126,8,1.9460034522563445,-0.7011750276296441
0.09883337335353584,355,5,2,0.8120333410463398,0.748712546834486,4.939171576701427,1.2619481260688676,0.020215746301029514,0.9778917720949345,1.0414714939628162,3,1.9524881255897426,-0.6800153982055557
0.09298231788445203,336,8,3,0.8170384464786242,0.7415512021875285,4.686229301375614,1.2969605280763352,1.2339370734762092,0.9993458257329931,1.0139244791899236,3,1.9753738295071548,-0.7012721952394042
0.09865486942829756,384,8,2,0.8166929798666944,0.7397659655547919,4.900100948030852,1.2952698196558625,1.2946532229713215,1.0051919164084568,1.0661554879678814,3,1.9177647077790267,-0.7010753157123163
0.09965652148712309,355,8,2,0.8213123419776039,0.7412104840926789,0.2887732566556114,1.2914213447576632,1.352114289049678,0.9895482943835592,1.0438705133585198,3,1.9209575155220542,-0.6996481449730169
0.09495152490069943,367,8,2,0.6696431750370927,0.7398388406918329,3.6101476988876025,1.2277390697850323,1.3091361919886704,0.9950320509895643,1.0423303965096966,3,1.9714046952895836,-0.6967283517809424
0.03364702073559629,353,8,2,0.8453100921958558,0.7433402386976234,3.6343997232121663,1.652597518501215,1.2460891031601644,1.146589336422483,1.040151047612136,3,1.9423452732917867,-0.6964440194231366
0.03454476119424234,356,8,2,0.6667529459364033,0.7401696952688981,4.405071365751648,1.855092832008271,1.3143390815315799,1.290348036585314,1.0419966885045255,3,1.886561772581008,-0.7046370655334288
0.036735520716762164,351,8,2,0.6706897357935104,0.7379387001741339,3.6004295662676586,1.7684762721699063,1.3158683312379433,0.9265308477045198,1.0315110885446752,3,1.8199723497889715,-0.6883232973819123
0.034546090076986016,284,8,2,0.6743840683589251,0.7285034824148581,3.6868864449809156,1.7393012319678407,1.2998293182672214,1.2967914636718556,1.0339682565024628,4,1.77657525877229,-0.7050460111556581
0.07769593464927586,372,9,1,0.6577590765961266,0.6435334791120069,3.608489722232512,1.8110858296182166,1.7659304723334697,1.1489469569621682,1.0191269101964882,7,1.8220208058778502,-0.6991889036505524
0.032425277594957634,740,9,1,0.6633164277283713,0.7293292429294602,3.6381723008657834,2.971258088888535,1.6858925511038525,0.9254823481191935,1.0210523444697834,8,1.8143551857894007,-0.704854072424474
0.035185129986721145,276,9,9,0.8570833420670494,0.7399443675833547,3.564907544931122,2.9309252745828136,1.6990040399278055,1.1632493903494248,1.0121914757644668,4,1.8377702135397562,-0.7014024215056258
0.03185428633942106,264,7,9,0.8601116414527803,0.7405049707164179,3.55236419387263,3.111098802564772,1.732981993455609,1.2921898114018655,1.0256546694428397,4,1.8195315326322232,-0.6980598306253875
0.03521200324538331,251,7,9,0.8538963092625805,0.7513414167263154,3.564873512553799,3.110805684606031,1.3428581141272045,1.2910982778238165,1.0116172238447885,4,1.8307496606703186,-0.6993972627036062
0.03358546172742479,254,7,9,0.863426178789803,0.7316230639529706,3.4369709451945005,0.05810446952097437,1.3235482311874258,1.2839985485711616,1.024388166132283,4,1.8369646588959523,-0.6977603827188238
0.07535270792566265,393,7,7,0.8174000729118986,0.6493333957436358,3.756746835902804,2.912348645192747,1.751024048283273,0.9065477841881454,1.0091125679309247,0,1.4044893815414514,-0.7050782357482953
0.077529914889147,424,7,7,0.8597159186079557,0.760556312388328,3.5857408500173604,1.704994507192039,1.6630750477479013,0.9163383248750849,1.0122576405805013,0,1.3683402132391267,-0.7081669648519163
0.07836884750866467,393,7,7,0.8654794876521605,0.7282199552720654,3.578915665005335,1.7067976058436884,0.7246243714232145,0.9241165720223827,1.0064863937466948,0,1.8366208756771298,-0.6980653470079105
0.07633830054279256,612,7,2,0.6657996280722338,0.8974036796328656,3.4081008835269486,0.039919040514564255,1.6940902508371072,0.9280424411357827,1.0047332759622323,4,1.3367501476340762,-0.7048157649465576
0.07814211272938902,609,7,2,0.6705944793805582,0.8986170620627373,3.526548238740322,1.7842399539880685,1.7077554795290195,0.9118276689915652,1.004508082966038,4,1.390261002921524,-0.7050729902300638
0.07972246053749917,624,7,2,0.6706518617758678,0.8479863291331851,3.4387933477815418,1.7710197519303958,1.6611591152780356,0.8947122423050651,0.9997466945071349,4,1.4034048414677858,-0.705066501874153
0.07827608894546037,259,7,7,0.6666657660044136,0.7631877046992995,3.49322873397725,1.7191358757947746,1.6779502422996757,0.914317313999713,0.9990898763564463,2,1.395074664365932,-0.7022968476027582
0.07325282564525061,261,7,7,0.6605895447429097,0.7644506233722159,3.5933134794133155,1.8366733030750955,1.6777575723548093,0.9135448592468592,1.0014831494268606,4,1.427716339794144,-0.7024229159369434
0.07377191051487549,261,7,7,0.7272229755687286,0.7643536584506251,3.4953771104029916,1.6936075129622035,1.623888741339654,0.9117610416617851,1.0042996380259959,4,1.4076704123253858,-0.7025336044645253
0.07675951417125919,249,7,7,0.740915496021426,0.7650900873450752,3.5791188646227567,1.695888586003048,1.7010537929662375,0.7987705246289936,1.0081615364246175,4,1.4036283470149946,-0.6948832300075248
0.07887032940262832,614,7,5,0.726666315089561,0.7706510113639033,1.0725342160489009,1.6214029979790534,1.6167571333032762,0.9119433860619154,0.9983624862895532,2,1.3841356891797534,-0.7051504409013326
0.07842432382937917,512,7,7,0.7448762289203789,0.7673645002928203,1.1308846174241727,1.73099068250082,1.618176085567169,0.8187442874809837,0.9898727852118409,2,1.4034922630470763,-0.7040962750656742
0.07585168527349752,741,7,7,0.7382272496762741,0.7697448566603685,1.0972319327965594,1.7118417411521112,1.7121424813602073,0.901612650482628,1.002194479104655,2,1.4181801061500607,-0.7049711105725976
0.07804496524731906,618,7,7,0.7347220168997327,0.7763557066824255,0.8714910289927269,1.742132803389128,1.453312167942403,0.799306710956256,0.9215142334699261,5,1.4085436346581317,-0.705173894610919
0.04631095744913976,613,7,5,0.7365358428089992,0.7134088660777234,4.164906198082066,0.3774787894377954,1.4487309887241127,0.809472271117568,0.9889796117061979,2,1.4242975702056366,-0.7021899173172216
0.07411781834410135,625,7,5,0.7426625581007404,0.7138302697075364,4.490437934928511,1.7198469937057266,1.6734318647239605,0.8248614498732888,0.992201403965438,2,1.456544874370302,-0.7030508305647204
0.0770471190044685,621,7,7,0.7254597174599214,0.7639797015600357,4.172966685613275,1.8862974658045761,1.4447503898607794,1.0596233889481492,0.9900520035862569,2,1.449227824299659,-0.7071396707359137
0.0777075577701408,298,7,7,0.7286598693218399,0.7667256107270063,4.138996408944667,1.7306887906743749,1.6457835849896314,1.0591376728284374,0.9896704762095135,2,1.418603048274475,-0.7091862585616487
0.0823983296778266,630,7,3,0.7321182096461988,0.7741745717506333,4.2747860574978125,0.3641259723262248,1.459063706492991,0.7810963013515545,0.9998768030574001,2,1.405684675961253,-0.7040689136431985
0.0815855669728165,613,7,3,0.7367474897834821,0.7091658187358849,4.293512311550327,1.711989556001122,1.4514505089386955,0.8846601435980443,0.9946312980810222,2,1.4223222992948685,-0.7048054200777152
0.07930566618296916,598,7,3,0.7458695296890236,0.7686690992086231,4.193362325238256,0.4207412178412377,1.4558620063903165,0.8250060757018483,0.9924196225405398,2,1.4023870584028715,-0.7047962181240544
0.028603843247543757,618,7,3,0.7262523490091944,0.7185509759813259,4.4317673775873345,0.37043420047863845,1.4520899700070977,0.8213806248708792,1.0804277796371342,2,1.4596180170274367,-0.690245698058999
0.0789419519547306,507,7,7,0.6530997406491333,0.714857958450087,4.179028478059231,2.7307038211278476,1.4203673492010318,0.7988751647340195,1.089489239426917,2,1.7437746595446229,-0.6897218531255819
0.07044562777105429,503,7,5,0.6543652926011811,0.7155593592490785,4.280025224591576,0.3264116753717643,1.1065084868533048,0.8172901153361183,1.0880983439060363,2,1.669669756492363,-0.6911528721197554
0.04556197946252657,512,7,6,0.8820240421398161,0.6830933410120379,4.238140640519941,2.0254310186225393,1.4342007316352614,0.8833081407764896,1.0683350832516982,2,1.338923334573265,-0.7015320044691551
0.047872496663893156,306,7,6,0.8783148850949523,0.6806095054411678,4.1535139777367736,2.621004172720319,1.464609609142508,0.7837695783420194,1.0932599033353319,2,1.3100892168848806,-0.6877692180477565
0.04726743060384529,488,6,5,0.6469088775989362,0.7102144994071508,4.224583482512151,2.0867978181849094,1.457459180252985,0.8102904177640372,1.083172526954699,2,1.3255605737003677,-0.6928059312911236
0.04527564994985071,487,6,5,0.6481021043975278,0.717648264440243,4.278898757533363,0.32926642135064027,1.4920777181963003,0.886291825215971,1.0968510988352065,2,1.704935104048855,-0.6799245645260282
0.04719774460259495,489,6,5,0.8841649308080399,0.7124747459809555,4.2617067271527445,2.6105438852995264,1.4300112450821363,0.828022925865659,1.0752676014147382,2,1.3351785400047835,-0.6936268243395455
0.047897724999274506,504,6,6,0.7111781057642529,0.7154672562554882,4.21632562656196,2.6887582871226665,1.9828537302158347,0.8817031634479485,1.0847829727786948,2,1.3267972670713126,-0.6988349732085156
0.08449234368194623,740,6,6,0.8807757345738352,0.7808551902125208,4.203623045573501,2.086052267953269,1.4173063817064526,0.8870392673915011,0.988937884262559,2,1.3327211756641084,-0.7088523852900792
0.06763346274618981,598,6,6,0.7093597129808725,0.8726215828323542,4.131903988804103,0.3452384084948501,1.4779890144370063,0.8904619260981448,0.9886245837700305,2,1.3319753810004769,-0.7085091490327241
0.08442036902422333,747,6,6,0.8772920673751811,0.8795415664510764,4.113997939593314,2.103170427002273,1.4508812281309316,0.8818640578835433,0.9893563856008902,2,1.3365976493560663,-0.7084730968303573
0.08545896657248504,507,6,5,0.7087239708209547,0.8369676842391908,4.113638086564504,2.1642440616441943,1.425601811468419,0.8767231250467107,0.987903118544062,2,1.4890448523394164,-0.7038724197674039
0.08386878673277953,505,6,5,0.7068693866312084,0.7834968459727492,4.10038648636227,2.165246469704454,1.8892999705831188,0.8859708460115989,0.9900177872266607,0,1.4894982080938928,-0.7031914760223034
0.08526343965352694,750,6,5,0.7050142529641505,0.8449264528693695,4.056615256950131,2.179978250706836,1.8705661394366806,0.8868531640344434,0.9855230466433655,0,1.488688791236166,-0.7043548075997094
0.0677386788047941,561,6,5,0.7111350933722703,0.7869631704371056,3.897630443485573,2.1030853978236066,1.437430402036878,0.8928362294427848,0.9906347186341566,0,1.500594538667651,-0.7038319040848667
0.08538926015259601,749,6,5,0.7075217161461701,0.783200359891689,4.0381567878944695,2.099752565226934,1.8563324622353172,0.8804019375489607,0.9876612368041966,0,1.4922564644802947,-0.7041560287193577
0.08473125566078256,657,6,6,0.7587422141076342,0.7957303751821849,4.086941893453455,2.285641573521914,1.845657069489857,0.8801584543041573,0.9828982118068792,0,1.4928955892271611,-0.7062261305385
0.08631314991247514,574,6,6,0.7056286972456405,0.7885971931683095,0.8431878083642582,2.351566638005432,1.8636728964735898,0.8825541644000511,0.9894858069665803,0,1.524760332911469,-0.704278985417413
0.06818578846630866,555,6,6,0.755892341533011,0.790500227287262,4.0093266509434,2.2481926252578783,1.9971352503642459,0.8862020274211557,0.9901123332920765,0,1.493240198599764,-0.7033151809003838
0.08577954472386183,737,6,6,0.7240770208758062,0.7841369911074907,3.980629199846627,2.294964983206447,1.8663270774855136,0.8376397957652341,0.9852923800659691,0,1.4848082108025473,-0.7043414774430197
0.08441357611111346,553,6,6,0.7073482508838862,0.7873615367027105,3.9962219607008946,2.3257231919734913,1.9884791076442152,0.8416659368673899,0.9836635272345571,0,1.5392581596761334,-0.7016505563192498
0.08386486875733179,553,6,6,0.706157120566197,0.7946799273491025,3.9531661084567578,2.2696765328634054,1.9036567558638278,0.8393577401495528,0.9866280905109258,0,1.4929570740354507,-0.7024836432156261
0.08472658995447598,562,6,6,0.7077618650524786,0.7864923399158196,3.9844610738120405,2.3221633831751443,1.970945371358762,0.8454785078267779,0.9794700079881729,0,1.4933803144692954,-0.7037711305610611
0.08705997231414636,655,6,6,0.7088147520344129,0.7855604329080794,3.9739767243703303,2.205353574643314,1.5638868991808421,0.8438235642260552,0.9706129685247624,0,1.5232899372371311,-0.7040149067718472
0.0871430135497428,740,6,6,0.7122933228993789,0.7865211568896493,3.956408072421361,2.2860431960350835,1.8771033414526892,1.0664466086268558,0.970453865405288,0,1.4992831252859113,-0.7059583588895445
0.06702288644900471,652,6,6,0.7097844001597835,0.7951028167030656,3.9912870175210653,2.2500281641243025,1.5680343303921958,1.0740159987372093,0.9759670346366096,0,1.505082225302296,-0.7109493679127409
0.061083309950251165,743,6,6,0.7033491457610634,0.7878100564032833,3.9746419836425853,2.201451603857694,1.9954396938139898,0.8499344730100107,0.9796810580409552,0,1.501607031302792,-0.7038765314543173
0.06669416583687432,547,6,6,0.7095428347855383,0.7856877219860078,3.90748776004676,2.1571041897202696,1.9797637637938796,0.7575759276764521,0.969710016575796,0,1.5084891078546048,-0.6964469832400342
0.08596711530483363,557,6,6,0.7089504625090386,0.7890159342713164,0.8157157327896253,2.247769330386962,1.8677678425073472,0.7529788603292966,0.9701130352217043,0,1.492351868573225,-0.6988744376403114
0.08649228782429026,552,6,6,0.7154217572072378,0.7903460028168218,3.980017517708703,2.267509801669667,1.8572165254288522,0.7586870654070142,0.9707205231464507,0,1.516177755394119,-0.698932660250103
0.060004681625810206,556,6,6,0.707763267512495,0.7898160777087041,4.002614812674075,2.291313998670525,1.5609176999117829,0.7637765876921632,0.9713280569155279,0,1.5062321657347462,-0.6964271383016492
0.06158544553919713,557,6,6,0.7555743906083522,0.7926973924436154,3.959314526241525,2.2780964714108918,1.8634755663754485,0.7606036447315023,0.9689332628572788,0,1.5184357281495984,-0.6951846664543752
0.06104516098211772,652,6,6,0.7584983737806349,0.7880360907327387,3.8722236958214413,2.2114139110342426,1.5603075316456294,0.8414872642782657,0.9776322169777382,0,1.539563178255357,-0.7007844570115346
0.06620472582458387,553,6,6,0.7579269693459292,0.8053646631840345,0.7447258080512479,2.3027887728624847,1.5511694821529882,0.7651100526057993,0.977593942436884,1,1.5858938127391982,-0.6931736064443451
0.061226627527886976,655,6,6,0.754056386415916,0.8765536503468807,3.8382141443123228,2.3523250758977237,1.5624763106154402,0.7581902435598278,0.9727519396694968,1,1.5753477196491121,-0.6943863880968806
0.060210803782793,553,6,6,0.7559245286531607,0.8058933171423015,3.831049509920757,2.3520252508432495,1.5269610702512126,0.7578866683128979,0.9696918660836205,1,1.5786959330508974,-0.6898188299742097
0.0567867704411826,655,6,6,0.7546712940770921,0.8036580101916851,0.7419662212799427,2.334297415861434,1.5344475995361704,1.0724668662355328,0.971983228832029,1,1.5582586783839492,-0.7092836185841523
0.06104528167950351,671,6,6,0.7572374340887995,0.8808787702582579,0.6657993467364833,2.2528843249628805,1.53694070490127,1.0590066251170047,0.9767318848855427,1,1.2056276589547186,-0.6987771882757805
0.06459149082546563,652,5,6,0.7198057037907076,0.8755643742969667,0.8366652289821876,1.9562830376513916,1.567358782534311,0.8416274415910403,0.9780464447887882,1,1.2032001169862518,-0.7074200640002113
0.06191225902485699,662,5,6,0.8696110191919542,0.8033312320410482,3.780221939948249,1.559419389665241,1.5495297595223876,0.8422945489904897,0.9645130507221602,1,1.1977029331626154,-0.7080600791598911
0.05890206325361365,655,5,7,0.870588242417395,0.8066264572573933,4.683595565937413,1.970324336939497,1.5507048563617933,1.075635552192851,0.9733153860852055,1,1.193074617587097,-0.6821752799760672
0.0606290713954194,660,5,7,0.8715481526771335,0.8057852532482195,0.7455625051116043,1.545955015652258,1.5550115871976133,0.9571730379221716,0.9702566418744221,1,1.2096950527873416,-0.703890946719785
0.060803949663109966,654,5,7,0.6942281747034028,0.8054687312402118,3.8058804931136048,1.9553137403273217,1.5557384142787247,0.9456551621862229,0.972228673367349,1,1.121054094591695,-0.6894165155722888
0.058171117958913825,669,6,7,0.7186310872188485,0.864701397458818,4.699763700395225,1.096597439010638,1.545504621954037,0.8648827543492805,0.9705962376324923,1,1.2062501133539847,-0.7113151371062522
0.05797211990508878,657,5,7,0.8708358111251256,0.8083199496653051,3.781607106371308,1.9543521099792853,1.5489068502023866,0.7589864981451676,0.9702289694497597,1,1.215254705618762,-0.7016659493387453
0.06123516897811014,657,5,7,0.7191821435364985,0.8073306595070422,4.635937392096302,1.5626985160640237,1.5364400745905373,0.9494112313073736,0.9658462421622848,1,1.2213099665105185,-0.6984696342598088
0.06076284981961712,661,5,7,0.7201072621241246,0.8095293641797625,4.671666785026172,1.5746388409185672,1.5389047298867817,1.0667602025083136,0.9304618695690411,1,1.2219576057163137,-0.6796904989652554
0.06151387697027815,657,5,7,0.6958893208533614,0.8143061124348682,4.697867589251636,1.9084085393871337,1.5711125618758266,0.9493810938393472,0.9225916752036954,1,1.2322369445774757,-0.6910955611995306
0.06006358415752731,704,5,7,0.868397259846,0.8778517355694083,3.8294707148041356,1.528940773646516,1.5242427960690876,0.9545791352969788,0.9187961671128086,1,1.2581474141230935,-0.7035421164541648
0.06370817656397042,702,5,7,0.6929805287665974,0.8770869219270134,4.544763813254346,1.0770283278698305,0.5718071828198092,0.8636072064703768,0.9321372079227777,1,1.5904352142912839,-0.6976853252326677
0.06314205820917958,682,7,7,0.7551021078591025,0.8674418634529242,3.806225818719737,1.5543485116790163,1.771655677517852,0.9566496723969392,0.939152295117904,1,1.6010608783860296,-0.7079414249098813
0.062872465940724,707,5,7,0.7792089607126401,0.8740310306501285,3.7755756461340773,1.4988595182964994,1.7673465416127832,0.8647214010054503,0.9411557621336579,1,1.2740243981407273,-0.7084114454750216
0.06320934489722867,701,5,7,0.888979500675116,0.8725837223664965,3.8056329294127322,1.5857223735395918,1.3807460262965172,0.8618655084341248,0.9340997546189833,1,1.5894424330102002,-0.6968368948651418
0.05369595125938475,692,5,7,0.7202521917833492,0.8814464568127711,4.5611539665494645,1.5418786175864807,0.5553334823664441,1.0627580221728072,0.9375024289418318,1,1.5890825394832786,-0.7076513209955705
0.0531893857959904,710,5,7,0.7746889263941189,0.8761476660180223,3.787171570284589,1.5712726824229548,1.794502444041454,1.0671120482947476,0.9357810131342178,1,1.2661719270200136,-0.6851180206587931
0.06422260313188353,698,7,7,0.8925796386317694,0.7570840016739351,3.2683075286972523,2.436661801821503,1.7809649023670824,0.862539235442134,0.9566204642746045,1,1.266147198127055,-0.7095328649323385
0.06454295127962222,694,7,7,0.6969821015383513,0.8774876698478193,4.522516152662042,2.4435322498685896,0.4899042257413553,0.8636422570553409,0.9448166494799979,1,1.281895572080151,-0.709680903003147
0.0707117693120705,701,5,7,0.8907365575774063,0.8802413092903403,4.535788337338818,2.4265917267210027,0.5111159232485765,0.8626676893881385,0.9563048957836385,1,1.5879350360070772,-0.6966265043299011
0.07130883620901825,708,5,7,0.697648222598542,0.7758465562211861,4.566888905107236,1.5363243994317988,1.3673657410088167,0.8678563974700383,0.9536153009352211,1,1.5719433737545303,-0.6985479066078156
0.05515404563204448,692,7,8,0.6990817466378463,0.7554597491713754,4.5633272567413385,1.5116140169016683,1.3746498670020413,1.1026302633688225,0.9529837028844864,1,1.5857442324773738,-0.7089353143568057
0.0548358020056273,703,7,8,0.7715771765161958,0.7554435149373192,4.463293004777609,2.466045981742628,1.6274671490865957,1.1011827815806932,0.9437410791292273,1,1.6009379338385485,-0.7088417125763473
0.07053726563054856,697,7,8,0.7311752647081832,0.7586900185711488,4.5031825861601815,2.4460227099486973,0.5640635592652532,1.024944341762292,0.9454897548052108,5,1.5963763095747299,-0.7073396949313621
0.055941562523362715,690,7,8,0.7297387254519564,0.773601671357784,4.49743126569417,1.0659858555017305,0.5286145465598454,1.101902817126608,0.9553565262720879,3,1.3722336886541986,-0.7105150898728051
0.07055084309145679,689,7,8,0.8874433104414589,0.7760375889439518,4.480129004819242,2.4897168524695976,1.3920000494153852,0.8640807180372361,0.9583832132967076,5,1.363119934621797,-0.7087096133826462
0.0720503857517458,693,7,8,0.8897659591177647,0.756363314357416,4.529743527220272,2.516326264809339,1.3736721552947455,1.1020699466061263,0.9514051584246263,5,1.5789957742835832,-0.7083314166381482
0.09117379720093198,689,7,8,0.8886388854843923,0.7589676769785673,4.4492796380782735,1.8957066835315486,0.5265746523872873,0.8577342507309641,0.9484036729677452,5,1.359080630575251,-0.7057263537141601
0.07180877959396839,697,7,8,0.8874970895437583,0.7763821289747741,2.033966608748799,2.5085392613310002,0.5002898571329488,0.8640193103338618,0.9456795305537651,6,1.3626468586963636,-0.7073510910509456
0.06992281228685521,693,7,8,0.8880410622628292,0.7566040859724984,4.386720627201676,2.8136791333549755,1.3755544587096378,1.04580339530838,0.9550641460169313,5,1.3603815880831716,-0.7083382518324811
0.09116358170619526,704,4,8,0.8873241436754126,0.7565531338355709,4.47237386286193,1.0045835146104642,1.3724366211119639,0.8617851642773855,0.9519396968022013,3,1.3703411433375894,-0.702399543156322
0.0716192926522051,727,7,8,0.8918639403003522,0.7564635320798105,3.323560130975244,1.061658758024953,1.6303805617563523,1.1055737438126396,0.949917545358205,3,1.363894235181911,-0.70627500502701
0.05618818842132557,692,4,8,0.689018104160516,0.7574349532190447,4.447645684749118,1.023275185619517,1.3807901246228473,1.037220134453185,0.9533235519259188,5,1.08984577261325,-0.6260094401953215
0.07049076206170002,688,4,8,0.8926669126586302,0.8574284461404027,0.4496224488604007,2.4262949528266367,1.3879670740169188,1.117039711637734,0.9554312273398365,1,1.0163389625203254,-0.6002936884068227
0.05553992240938908,721,5,8,0.8905086318264208,0.8573790027899543,4.529918279354654,2.469537169941692,1.3795971772213997,1.1040330896604706,0.9496152462317189,3,1.632630122332449,-0.707270256227644
0.07026239581739814,728,5,6,0.6858942397672998,0.7580074335340596,3.292572095797441,1.0986183934546643,0.5748850219496862,1.0377172659810623,0.9578553269610425,3,1.3663441301386658,-0.7021809119053332
0.07202509806671359,721,7,7,0.8884109506508885,0.7766795216498307,4.525913106294625,2.449401960374705,1.6376190993833089,0.864510378493993,0.9447919726575875,1,1.6179282895571403,-0.7068260346604687
0.055326751560656966,724,5,7,0.8901508501564884,0.8647987346194438,1.92472801665702,2.4952735510218926,0.5129515693168426,0.8652419175183611,0.9423937591661556,3,1.621505426046752,-0.695100520149948
0.055423200588881553,680,6,6,0.8506412768446704,0.8699627842134731,4.366139460206671,2.4814551640425915,0.46352137653936354,1.0213937925934071,0.9441112801486847,3,1.3618170053872873,-0.7123072469417489
0.07070698846085557,687,6,6,0.8516076517200508,0.8676619509917131,4.336340909875931,2.485008052791634,1.623782225981613,1.0443929133610352,0.9602175692087841,3,1.3715680825863523,-0.7098260003796196
0.05488672335240266,637,5,8,0.7673155922394228,0.8649224232639023,4.3672206795303685,0.8389194770358288,0.8686025152815462,1.1075166031452077,0.9453289093730881,3,1.2859484396232108,-0.6840697915407933
0.05474991316750915,720,4,8,0.8371617799617111,0.869181045586996,3.319187932475565,0.8834421762052037,1.6135517952447846,1.0880491941891937,0.94394456703586,3,1.3698315842810682,-0.691934345329893
0.05118761798582261,682,4,8,0.7295098660976197,0.8881724420551804,4.379577930139232,0.7739732106011761,0.6492966753776261,1.098457090518476,0.9421261196973335,3,1.3646141764517719,-0.6810957313485507
0.05530205923713725,724,4,8,0.8776102572499915,0.8665460195385372,3.3210459942835118,4.995272634203935,1.6366357786527372,1.0914586220496898,0.9471644258784941,3,1.2937349835367655,-0.6826867584681245
0.05513972226981186,721,4,8,0.8759353382219974,0.8891280676813982,3.2568728270225757,0.7068273641244034,1.6406085255852692,1.0943062509507326,0.9445828466043218,3,1.3672020639954618,-0.6899606051340821
0.055189599638340456,727,4,8,0.8998692770349012,0.8633127691521101,3.3594639742193726,1.4333463584859616,1.6387139942079993,1.0920242687515405,0.943569896348038,1,1.3662899043660004,-0.6841922007296252
0.05080512503843241,725,4,7,0.8767804213936822,0.8873796040743657,3.377742441117052,0.7771974379525239,1.6351569074122128,1.028819236546478,0.9440869133658584,1,1.6346496797236112,-0.7001596275941028
0.05076873912883818,681,7,7,0.899535216141197,0.8853020617294162,4.773945208435953,4.947343540128565,1.6311392941844505,0.9003888574023242,0.9615015613980702,1,1.6288203640010432,-0.7038022204965745
0.06664384210009,725,7,7,0.8991614335299309,0.8897472862268779,1.8017340221178286,1.3936006903464206,0.2966344459768063,0.8571813870385333,0.9093687476155565,1,1.1596736650756787,-0.7068537107149414
0.0677925797762551,723,7,7,0.8972576357017779,0.8906100395320655,3.2814225292228185,1.1554402886180504,0.5156798414220003,0.8545538290565075,0.9615686267769258,1,1.6305630185744693,-0.706023614887053
0.06826589126828836,722,7,7,0.8482457898464867,0.8526310017726839,4.805575869345637,1.3948589375966591,0.4453789685331618,1.0196609517791682,0.9628445398114961,1,0.884054677806037,-0.5993844762574335
0.06671776792189901,724,7,7,0.8981930606996044,0.8562552869024652,2.0394876619930793,1.3768702820045402,0.2101227627752052,0.8719708270927322,0.9621282353145993,1,0.89030375034029,-0.6592259304358531
0.0679555322777534,437,7,8,0.7995919006371963,0.7552367156279475,4.860905255860432,2.5565540509084697,1.6436416718881013,1.0180864478666678,0.9254904300863382,2,1.1262559191299673,-0.6796520981712875
0.05717152463448312,464,7,9,0.8504088256095316,0.7556264955187514,4.755787040575985,2.5529641134816363,0.20122911444713087,0.8966763703719449,0.9045859557966764,2,0.8972537932001623,-0.5923934565053685
0.06729595705945934,678,7,9,0.6813516962990466,0.7579527079565341,2.6039679428140112,2.5277816386119523,0.2764574205297828,0.8559063803670283,0.9593257500842289,2,1.6289522603499493,-0.703235887856449
0.06709619603036698,458,7,9,0.7801204553606647,0.7574765363506312,4.851529846052709,1.1407890202418038,0.3017404488735148,1.1318675377134488,0.9579573441775476,2,1.6475180578651984,-0.7095745862912953
0.05086621108451603,677,7,9,0.6821607050792035,0.757518413864793,4.773857064561598,0.5644255240754716,0.43396984043501663,1.1270903944613588,0.9609696041773567,2,0.8677093668084146,-0.6014504069316472
0.05145193253623895,462,7,9,0.7960858017137784,0.7516448954687214,2.109574691188896,2.8253532412772864,1.1867693044296854,0.8544313656899599,0.9633374144026028,2,1.1646091371874476,-0.7085794614389435
0.06714569102147351,682,7,9,0.6825535279618206,0.7492169681962277,4.783115405298784,2.5782209933791673,0.4631742801005543,1.1327677117409165,1.0294101464545196,2,1.6393130782581193,-0.7073627225251728
0.05047421120083173,418,7,9,0.7815899031249498,0.7739884433265004,4.763071489659055,2.8208456324819915,0.49120932157570907,1.1283229246034367,0.9608247248487358,2,1.2973452915995627,-0.7015934559794954
0.012904629249275846,446,7,9,0.8006033967786789,0.7501145499564276,4.799351426122056,2.7912315095665843,1.149363170854302,1.1313832217829316,0.927240822062665,6,1.6320095760168993,-0.698868695812814
0.07403829920394892,433,7,9,0.855806024370185,0.7777502612134846,4.766360377108187,2.5007366687128725,1.4917092572210566,1.1432081767537072,0.9134582874137922,6,1.641446475102501,-0.7101587125682808
0.050906431160530015,412,7,9,0.7752064668978148,0.748542849498887,2.611358042303034,2.7493219218755836,1.494496313727468,1.1353869570464887,0.9264613887517634,2,1.165741300008416,-0.5904456978105966
0.07405033775049301,636,7,9,0.7838795927844564,0.7784428439934175,2.9198122073720274,2.79961583295505,0.45277177846329925,1.1336153334514383,1.0132529108760686,6,1.2969307524933946,-0.7037983771965353
0.05066766808866666,680,7,8,0.7869862934740404,0.7764573795726284,4.355589300987579,0.5568382890586275,0.8144879790500997,1.1284505724418232,1.015144336754509,6,1.3121054170354958,-0.7118708259358479
0.05148188028259544,639,7,9,0.7777047230294418,0.7780692794074668,2.465722002539256,2.6400210224440586,0.3981572956853798,1.1332753617123932,0.9134471043704637,2,1.303232407520936,-0.6945579451159313
0.06482145304534073,675,7,8,0.8605730146179623,0.7760539619382926,2.6464960876177988,2.840721846048053,1.4966513323572843,1.1138559862523145,1.0279131746109482,5,1.6360632983305177,-0.7083222510199412
0.010921376230091743,639,7,9,0.7719639316329603,0.7459680404555221,2.6248035786851736,2.863769021980644,1.488462376601654,1.0781643219032278,1.030451234068868,2,1.6459364126546634,-0.6907132428584498
0.011008189853814113,674,7,8,0.7797545591040934,0.7715657492205483,2.959727377747685,2.4620411016634156,1.4925040793195181,1.1084711306548711,0.9118702985406015,5,1.3198673502281837,-0.6943466156395338
0.011736870151022677,637,7,8,0.8840817763600919,0.7791661270457416,4.344979393559873,2.786146746946518,1.489157191625033,1.1097013471575237,0.9570178258290748,6,1.6440381392761376,-0.6984906328488503
0.011845127665143425,674,7,8,0.8809270609703846,0.7791027504511653,4.9964599438753945,2.8933518102998046,0.6412090877316864,1.0471732743943742,0.9594617719693098,5,1.307184918486042,-0.7048634568812092
0.06450896937583932,673,7,8,0.8824315865962354,0.7698980683705428,2.9705470791305495,2.024001634345779,1.158184862465434,1.0474001664301942,0.9586681745794247,5,1.6360816543784042,-0.7081433236844207
0.010567549821139327,673,7,8,0.8811235622095674,0.7709521798442971,4.332727525788802,2.8005219802034484,1.1794402610848356,1.074359058769769,0.9632112839523176,2,1.2658280446454142,-0.6989158716188614
0.03828970782963666,673,7,8,0.7863295079844826,0.7729483673851496,3.0252048738122155,2.0465600806642854,1.1797603717191676,1.0751819992669878,0.9965085749143323,6,1.6946383815638375,-0.7069135708975689
0.06531058000782228,676,7,8,0.8814280962239625,0.7483224890992666,4.3560543805284855,2.0234369811541595,0.31144037777045097,1.1149794613799016,0.9573970112495267,6,1.4425953620282814,-0.7090590844735415
0.06521534158548357,674,7,8,0.8768785507763635,0.8280558936892235,4.375448482417919,0.5050234163289908,1.4879428171675095,1.051772625458632,0.9554517224677376,5,1.4485351221199472,-0.7087299744496356
0.06472573382252444,671,7,8,0.8828737644284003,0.7672263108701187,2.998582250492562,2.742069960159144,0.3570247381887225,1.048402127414848,0.9623319017653522,5,1.4466465977239784,-0.7098100400315621
0.06588196892155612,673,6,6,0.7003210390139383,0.8958660821006972,4.382674396888495,2.8029549447216886,0.6371737177904027,1.0461877990094828,0.8247058930441997,6,1.4515707919415644,-0.6971965935604604
0.0578405733989926,678,6,6,0.8572279997672375,0.841316765520398,4.343653746354275,2.7904096570366343,1.1766550731701335,1.0484103930891144,0.9619406406376155,2,1.2562899666988712,-0.7071774430916932
0.038808290226503284,678,6,6,0.7880058251677142,0.8254117271194976,4.366449256520784,2.77028682764406,1.73196138241063,1.048938540034428,0.997852389058236,6,1.451847844966444,-0.7088208122581922
0.06433892333263982,232,6,10,0.7858153338371198,0.8401246631285216,4.321151749499888,2.046123558158115,0.25822653267348566,1.0790958376760325,0.9970560755535431,2,1.682289541750783,-0.696077120527336
0.065531458808325,471,6,10,0.8389564723009381,0.8419094703411276,4.93821671924788,2.0173088960592884,0.2987622007279276,1.0787958653450256,0.8956731083232023,6,1.715732650445365,-0.7077116601455428
0.06514847265619018,676,6,10,0.8564973523215371,0.8283296833299787,4.640915419774885,1.1820197971979907,0.2575591760260584,1.1706844579135138,0.9620121652694373,6,1.6985316306839795,-0.7095830615358812
0.06508922384684715,453,7,9,0.8578263632407196,0.7469503475867537,4.341391504809339,2.6745166775183145,0.2710574144954821,1.1876006134978323,0.9617112704155993,6,1.671341817868935,-0.708682090928046
0.04350249083143143,469,7,9,0.791280763569141,0.7676209394170469,1.5321351583230103,1.200154578133843,0.27013624080882226,1.168710985200996,0.8874939766890341,2,1.7111174926142156,-0.7092890771602717
0.05782736951966164,674,7,10,0.7466345311434328,0.7675032488552314,4.972179545102873,2.661000932085134,0.27333145273743725,1.0755610347947888,0.9612868208328454,2,0.9713006757965468,-0.590882582093533
0.0387104369545836,462,6,10,0.8560173346567277,0.7663964116217371,4.312289695284238,2.068858753023524,0.9211567318267196,1.0740021612213497,0.879610957976431,2,1.6785609798905519,-0.7056583362221671
0.03927886933126078,592,6,10,0.8611147968594004,0.7653513599358573,1.6041976071706705,2.1100306061470517,0.9986215633439247,1.1644889604814466,0.9810451780618789,9,1.6605818664497598,-0.7064839429699066
0.06556086497006007,461,6,9,0.8400634872925694,0.7655164629084308,4.309471538426072,2.075176400837605,0.33638595419457185,1.074681152889613,0.8825655375990719,2,1.673900227264266,-0.7078636240969672
0.06444418094706639,596,6,10,0.8432294697078191,0.7663457923327675,2.283112512617151,2.0568244911920477,0.32251021400141044,1.0811640195137149,0.8711845653025928,2,1.7280472957396362,-0.7077941829158321
0.04244220927003043,445,6,10,0.8376624891135659,0.7993265603220922,4.6364127166488025,2.049516500398721,0.35671409807253635,1.1800893033529865,0.8840903620354402,2,1.6961824213546508,-0.7095264624602274
0.03850796354731104,464,6,10,0.8390599791255293,0.799597258129342,4.275941779601352,2.064229492432192,0.9264056440096622,1.0828556125859679,0.884348353426365,2,1.0818083925499793,-0.5982896560038692
0.06415834590773854,531,6,6,0.8416264797610241,0.8195520815301091,4.663226618191907,2.0718302355370843,0.8581528584246791,1.1542095912072774,0.9801114049195226,2,1.24729389441835,-0.6891293217975006
0.04044448194619049,471,6,6,0.8620536308923524,0.7659415710121631,4.623351649915981,2.0764816699090947,1.0411415455154378,1.1685927609518625,0.8740156726963293,3,1.6985045083530763,-0.7088536025277796
0.057629313552744296,445,6,6,0.8267353544067496,0.819847462652314,4.137196777179613,2.389670472627938,0.32991228131118644,1.2040670330480077,0.8645447495744458,3,1.3344419179737446,-0.6011588603346616
0.05808856022103196,528,6,9,0.8560153176617807,0.8180711980439053,2.317159938764818,0.4912506759696156,0.7340159516292115,1.1660227473836047,0.8969764785425169,3,1.7022485809892363,-0.7103642465398061
0.05824745151699447,473,6,6,0.7923728729292432,0.7668823584537511,1.2599679061808877,2.3749283403462202,0.795923835868314,1.1651902942595416,0.9964565812953737,6,1.243567325578537,-0.6843438500490525
0.0430645159950668,446,6,6,0.7910751125280271,0.7991040995780722,2.263282822180884,0.2634284634841432,0.776262797474816,1.1616013533254408,0.9810538704113263,6,1.7092186244099616,-0.7047525057473933
0.01961769483296471,477,6,6,0.791642832208058,0.7639760640546347,4.6175412540037515,0.5603266933822193,0.7454038724689123,1.1482031353443773,0.9812212909726121,6,1.7089374394803927,-0.6957640773804314
0.022848992879047753,382,6,6,0.7882525257191411,0.7650120216698185,4.13748662768944,0.588904876017094,0.33573648295236913,1.1667007742120101,0.9830813158004197,6,1.2467076521010263,-0.683776553693597
0.07596170056295995,598,6,6,0.7663900554693625,0.768502204572814,4.648831184316081,0.6181343747193518,0.8107291993357675,1.159859781211375,0.9823090511504129,7,1.445269213203894,-0.7079501792768165
0.07446377365507374,584,6,6,0.7920394052357476,0.7634046721086267,4.621035836930902,0.5794062176110257,0.7903091970884226,1.1760499294451603,0.9833199366282108,7,1.5556344116950591,-0.7104129608219972
0.049037075364198345,474,6,6,0.7968121639005997,0.7692689198973677,2.3356833406709203,0.5357574163936132,0.3943259863668577,1.1667358052119334,0.9976316379531104,6,1.4281817370251766,-0.7117370495306341
0.04299647923419308,592,6,9,0.7661890673377526,0.795447496945206,2.2362354318942006,0.5713946742648924,1.5889382543355643,0.8356590965211195,0.9806335034315351,3,1.6952841206539861,-0.6878154458287833
0.07442236277640843,321,6,9,0.7664983690785838,0.7990283908536446,1.5459170568828398,0.15854453822022396,1.0535384988363865,0.8323050673493299,0.9799715419076267,3,1.333315126143517,-0.7004853955820699
0.07408114684672816,426,6,9,0.764753753129071,0.762147355723283,4.643734889877102,2.6397852812324376,1.5877006136422045,1.1919013992262046,1.0060508610483372,3,1.5510704460521287,-0.7098707268457624
0.04863465698685219,709,6,6,0.7660608824170773,0.8709681462995985,4.1985553792872805,0.14656800668918102,1.0096607940869071,0.8733962175807466,0.9815517696473234,3,1.3374504210854794,-0.7067867510801357
0.05323489897161223,148,6,9,0.8534581884834479,0.7639107460572824,2.280978476283252,0.6353124604084273,0.3351964262184697,1.1560377575304757,0.9815979636722072,3,1.426994506018461,-0.700498593609837
0.07442009270199801,404,7,9,0.850308039296598,0.7370557231743143,4.654332965405143,3.0214183116069555,1.0308610802850768,1.1844304605868194,0.9807191705882863,6,1.4441506816476126,-0.7090772175165717
0.07477195087317613,316,7,9,0.8530827245293015,0.7959419447633191,4.629393742756633,0.5266455196742312,0.35925716696189985,1.2515516288422872,0.9799299435928913,6,1.4176677575150947,-0.7101352208716291
0.05268560706435929,456,7,9,0.8539667535413645,0.7376694985908234,4.610335123203573,0.4600536809794109,0.14915790326020545,1.2550601133967398,0.9358773694915565,7,1.4384376380774209,-0.6945801964523213
0.07605641689050534,168,7,8,0.8532545482188894,0.7359377628144333,4.625946112103971,2.6663564666952504,0.36555826333704117,1.2596850255566658,0.9342740943748215,7,1.4305649854328928,-0.6830512327981934
0.04889639442585897,121,8,8,0.808286795568148,0.8302030100655717,2.3212496134055502,0.501542320862253,0.3887023401090464,1.006561431559226,0.876989867029977,9,1.4406955939716495,-0.7047101295244635
0.07410542152134561,193,8,8,0.8483194110688234,0.7352868914463598,4.61216325032976,1.1896165170741588,0.7219719923354221,1.056631361087805,0.9351804211201253,7,1.4453011941095932,-0.7089066407289665
0.043660988600925765,707,8,8,0.7632180164385423,0.7820949769679564,4.643578697520206,1.1537317333389516,0.38051647526163673,1.1417873749814103,0.8735616660990732,7,1.4571514198721334,-0.706383127776074
0.05363188394605199,427,8,8,0.7159841440139575,0.8349454936797199,4.587894454690076,0.9880868518631925,0.4083917877104502,1.146719256717986,0.8688893322757751,7,1.445938694327187,-0.7061615946436204
0.04801257976578298,320,7,8,0.8065229581855466,0.8273835255378535,4.679887359318881,2.163922651456021,0.3804384192471707,1.1518747632386506,0.8393832673266021,7,1.440331346634319,-0.6919062530693135
0.0478184935340095,439,7,8,0.7686286555921443,0.8497408242221892,4.442561028970141,1.219915121277266,0.41267647078877023,1.005271080539348,0.9356542736898794,6,1.4526909396868044,-0.7098088054519406
0.0434918455064419,438,6,8,0.8110147356013611,0.7349370535100467,4.633834413899409,0.965590034620801,0.39495041752211413,1.205254361469082,0.8693347197090648,6,1.7112565557146908,-0.7090244460506477
0.04082504744462996,709,6,10,0.7663022275393138,0.8000295555599894,4.614320031778999,1.1631202353201242,0.40031961806436833,1.1768594882209458,0.8999306903497787,6,1.724459244178894,-0.7118837886089713
0.04326091933586542,86,6,10,0.8454893484352828,0.795808137284205,4.62638973436328,1.225647368547877,0.4057959650276304,1.1471886509372804,0.9010869996415003,6,1.778562184538819,-0.6838035930518235
0.049415837764205536,429,6,10,0.8125295383891309,0.7988790810239743,4.647149687072411,1.299830301777639,0.39035347292350775,1.1789876513039628,0.9012478655899507,6,1.7291536550821776,-0.7089592222595641
0.04127039840375155,486,6,10,0.8318399986184232,0.7959977490945943,4.6209288657354195,1.1857413475637595,0.3781294409946382,1.186552423123361,0.8787711513521748,3,1.7710759606327298,-0.7084080819681328
0.05892251178354294,430,6,10,0.7657503398807625,0.8015483937087987,4.610429652652178,1.2147961353744636,0.4136099518616919,1.1454514085462102,0.8870873455727039,3,1.7792427812942098,-0.7072777000408271
0.04796610641936856,426,6,10,0.8305965050784611,0.8011893885413931,4.602941580657442,1.2651671278149506,0.2168844746490661,1.1888102991654494,0.8927699388203995,3,1.7640166033143503,-0.7087429404259823
0.042708374563280006,480,7,10,0.7386880156632436,0.7949808842632957,4.611980588900772,1.1878733552216516,0.7023110215045992,1.1983699833867527,0.8922296052488587,3,1.540207975746881,-0.7080359111283161
0.042405971874995785,434,6,10,0.8653067312353797,0.8124530389878628,4.630511439736205,1.1994928301500334,1.7326299016054802,1.1417642104340253,0.8526535513079546,6,1.786107533133846,-0.7076857034186766
0.036662293413430684,422,6,10,0.833840725636898,0.8145992782786293,4.596875505814892,1.1598704818629935,0.2159311450840622,1.188967264279461,0.8904264344113952,6,1.7185311831321786,-0.7072920385063584
0.04079762935667998,434,6,6,0.830757019655011,0.8131270600715501,4.571836637545415,0.9153430225374293,0.2391170147221141,1.1771149355782364,0.8700122655493671,6,1.5422988608705728,-0.6998649759674337
0.04121311968671086,483,6,10,0.8342815282912167,0.8163280538764179,4.8632895645149,1.1270186289862252,0.6866204020400255,1.184990483412805,0.89433789455662,3,1.5568587396755134,-0.7023572420817169
0.0444002767737903,429,8,10,0.8654452711436676,0.7813166015166414,4.621289823070931,1.1361312993034267,0.612173917775696,1.1834002139178121,0.8884824501869244,3,1.782227128682509,-0.7106497110773183
0.044968273962059206,426,8,10,0.8477684963700663,0.7826630796152939,4.7160716702802645,0.9768297137144784,0.7108558320168532,1.1851562250121064,0.8896945226392512,8,1.780990030652453,-0.7103441546854968
0.042038201455234715,427,8,10,0.8489739544959776,0.8161301387120441,2.810954370363107,1.15466047796346,0.21873271053185142,1.1859966212541098,0.8923945699723794,8,0.744101604798717,-0.6119633792733045
0.04551975134143641,425,8,9,0.8491315614880085,0.8134504612648316,4.466883045599423,0.9822925159736295,0.22497925749499575,1.181763041781442,0.8882884006049984,7,1.5464163104829673,-0.7111623977232125
0.04518556412626428,279,7,9,0.8485190406779126,0.8118389698102475,4.90771842163339,0.9697128434170724,0.2211281923224947,1.1970207819331584,0.9710268236089831,6,1.75245022586192,-0.7036234806189631
0.08021924460418665,428,6,9,0.7960029145643701,0.8176659006469194,4.747734339010716,0.6854129166124582,0.23095739952174887,1.1927840427482599,0.8889693372757753,3,1.5483994345138627,-0.7070824845123598
0.0806621448177763,427,6,9,0.7982343086275493,0.800502701121299,4.84868285821048,0.9598825533253811,0.4318406411982498,1.1921459691441312,0.8913307109462147,6,1.7352172073077727,-0.7089048809368771
0.07958774330268674,423,6,9,0.8332945249279671,0.8005878085454644,4.860690207084679,1.0130786855021194,0.4127308282106163,1.171555915047728,0.8922914238901727,6,1.5469276818055286,-0.7055578752990086
0.0810907110877896,430,6,9,0.8649008206638794,0.7943489108674656,1.3807129317416862,0.6631741965781267,0.6159252076485422,1.2081541694722875,1.007843283993427,6,1.5425961045308583,-0.7087332016985727
0.04558545301780894,406,6,9,0.8330652761032774,0.7988390203561522,4.866881377318316,0.9355806719065443,0.4150475519185983,1.2034137060753642,1.010335779110457,6,1.7626975531842908,-0.7024099524380141
0.07169131973161358,408,6,9,0.7969233061727825,0.8115554369296339,4.8846705380895115,3.229815214778847,0.6820732048281996,1.196008564400859,0.8880522008635958,6,1.7773160585765144,-0.7100146730489957
0.08109517306456278,415,7,9,0.8646388181117615,0.7822919022653552,2.4119564330387906,3.077306199624658,0.3707484113214613,1.1836320155250735,0.8907828325793506,6,1.7506593786201599,-0.7096582800541619
0.07370311783919328,534,7,9,0.8336292756119685,0.7836786646129146,4.8124573796711605,0.8012959253481186,0.3684082252025952,1.1995579064301962,0.8901301878268125,6,1.5561963070142848,-0.7093305970226215
0.0800694701889756,402,7,9,0.8668463393665761,0.8017908905299229,4.845014184732333,0.7947771576745228,0.8384968913932896,1.1968345333449308,1.0099861957583756,6,1.7614362985609893,-0.7084762712277254
0.04665252595984845,408,7,9,0.8651104952169888,0.8521358990379886,4.732739381270648,0.788998942946378,0.4773143331703308,1.167691839808127,1.0081553650329058,6,1.7449433281797535,-0.7048810903117504
0.045519911317838876,414,7,9,0.8473717555098427,0.8521768657930804,4.828842625668538,0.4276097501126366,0.474201213050855,1.2312041012070436,1.003656621763806,8,1.4046354381500334,-0.7072844163191295
0.08021975246184196,288,7,9,0.8477258531273373,0.8015070692059559,4.740509210233194,0.7266333824846806,0.452671542334815,1.2404745503094556,1.0160626401275121,6,1.3993359811097335,-0.7097618616973137
0.04672512119417502,409,7,9,0.7974891501963817,0.7833001628184417,4.4770112916430245,3.180217643475304,0.3564931484013898,1.2411301088800426,1.0082924181786475,6,1.4019860091078518,-0.707392159197541
0.04636637796843546,406,7,9,0.8656415385300109,0.8507276481514952,4.87016973451697,0.4284904421149377,0.6146201281375887,1.196870929627317,1.0130082794528328,6,1.4037927406177804,-0.7123813506222443
0.07923270470923738,399,7,9,0.8645633918121285,0.8516249025994662,4.751443411086104,3.25530239915253,0.47464339570027525,1.2262133598086609,1.0080191227036444,6,1.3883874012573763,-0.7102372599096082
0.07344245722424696,413,7,9,0.7971056197225259,0.853131728902674,4.47936052437564,3.3083233470644497,0.3021875681263626,1.1728964547121068,1.0054876551970227,6,1.3935871221555463,-0.7107896190903514
0.07964776420267468,453,7,9,0.7489253309316266,0.8590796873655117,4.863384125885619,0.6854317877552928,0.45801844993173224,1.229764957386137,1.0059211043515996,6,1.4064173825720314,-0.7083136601625477
0.07043139649221607,400,7,9,0.8468700823778139,0.8611693924734389,4.46046455666786,3.378281939010585,0.6123867297011901,1.2325064601834412,1.011457808230739,6,1.3984444134619942,-0.7095968714857216
0.06950831524478722,401,7,9,0.74949775157776,0.860340781643513,3.1401915184919273,2.3718085167276532,0.6054099753504611,1.2236211898577285,1.0090547423022165,6,1.3922915661538409,-0.7101491860729535
0.07908557445686813,294,7,9,0.7511910285158392,0.8486949257771105,2.403755146345324,0.7653744256756161,0.47015170521448996,1.1228487491187824,1.0057697183616527,6,1.3927259679515114,-0.7106461419447937
0.0688362730369523,530,7,9,0.8646482890027245,0.8516918548246991,1.361090458720088,0.40351537238761703,0.46147088696630423,1.2141982387446082,1.004071065373061,4,1.389791600287578,-0.7079722918778376
0.04574559631405866,530,7,9,0.7505678294118711,0.861340268875358,4.451717849462881,3.1264735071817853,0.4714446886982551,1.2305640832928753,1.008411787705375,8,1.3900351317739092,-0.7083042905703163
0.07124820921141198,402,7,9,0.7510455214441667,0.7843464607673214,4.483630478585947,0.7846122654897569,0.6090557719227188,1.2442987817122702,1.019279047786518,3,1.3947471539990337,-0.7105691727182869
0.046892618605587334,406,9,10,0.7741261949062496,0.7833963776223556,4.490419837060003,0.42936110557164797,0.604209123807407,1.2296143861549753,1.0077526203899887,8,1.7433567050946799,-0.709894637225938
0.045050645499787816,397,9,10,0.7755252902487719,0.7838453120913681,4.469861198594256,0.40479343602793083,0.6272238468998587,1.2138938036497782,0.9064363571036661,10,1.753834526657067,-0.7103892998351632
0.046012552594885944,406,6,10,0.7727431402489602,0.7799604771078018,4.459183573550302,0.8642330243772379,0.46330381717564917,1.2461491262017241,0.9030057724698682,4,1.4004200969805856,-0.679516028503459
0.04480607258806679,406,8,10,0.844192062486219,0.7813037619530113,4.737643204429845,0.8183088144444077,0.47314827333375964,1.1741342820906406,0.9020629619310043,8,1.3939532610951064,-0.6990109532432541
0.047859927202393404,455,8,10,0.8572496813052942,0.7834340756967979,4.480140229076661,1.0792812584579414,0.48084723706748883,1.2241862682566196,0.9071351780254211,4,1.399764265959928,-0.6970833929317356
0.04648288117480746,409,8,10,0.8444279222317763,0.7816233413140578,4.433113575286818,0.8092622479126996,0.756232387649524,1.2274589188640475,0.9078780671253203,8,1.7921650850810722,-0.7099029217093918
0.02884228527991218,393,8,10,0.8438580304085991,0.7849921252635124,4.470007354652489,3.765264187388405,0.6793865367240534,1.2246730504288321,0.9056500656058075,4,1.812326062193141,-0.7087185378655695
0.06996765749236925,390,9,9,0.8580373611878905,0.7837234232353046,4.459008140302725,0.8115054194432556,0.5963061563605051,1.2253769541825805,0.9054502979421654,8,1.390256028804029,-0.701739144632897
0.04705336293387685,382,8,9,0.8563263463206122,0.8513073245717824,4.4712242763247705,3.228423247487844,0.6022427094110266,1.2371179470229512,1.0196103300300847,8,1.8683069913603851,-0.7075152282051805
0.0701934175606659,387,8,9,0.8568988779285458,0.7839026310491886,2.4677961990947326,3.1713462361261175,0.7550531781852001,1.2361426544813432,0.9023508962556966,8,1.8027790848113752,-0.7077199058161255
0.07210671563640232,530,8,9,0.8605636648478205,0.7841500141724057,4.7402223020649945,3.2210101699225553,0.7574753452239178,1.2373007453567786,0.9052908568080439,6,1.404059784298948,-0.6862652391140749
0.06924668869826009,377,8,9,0.8552799493882257,0.7897881572188894,2.466619185913032,3.397502182949714,0.599156279380102,1.2161775149557352,0.9124109159864993,7,1.838938058425901,-0.7072846202931539
0.07256448755229748,524,8,9,0.8569777466229141,0.7893458107003399,2.4088295267905853,3.1885507541831455,0.7382943778271264,1.2216200409829883,0.9132186542974592,8,1.8271036814495378,-0.7059382340030043
0.07343209291606989,416,8,9,0.8614348211303886,0.7878860324499467,4.740456319290732,3.497391126225019,0.5992162090497793,1.221482856869043,1.0208917777902726,7,1.744286541650013,-0.7086739889476666
0.07040030374101772,444,9,9,0.8595574793960092,0.7734809317197655,2.465541065115966,3.4004010032394945,0.6050929833581755,1.2301246843335079,1.018767533982314,8,1.4826073414117942,-0.7021706033719447
0.03067912458367978,394,9,9,0.8551513143622895,0.8621102565311877,2.182540839194783,3.27025762395258,0.7489937539731928,1.217737691527635,1.020294474459129,7,1.8751044010798328,-0.7062064994838085
0.07258952232084916,291,9,9,0.8555031369876073,0.8605480144770211,4.448851600779064,3.233788969863221,0.5942078897154875,1.213938720470635,0.9140856005796226,6,1.7918915826186437,-0.7084584387779943
0.07364685055284796,296,8,9,0.7477716272050662,0.8463267555234043,2.3237610091072147,3.311861227759803,0.6118153972136519,1.2165495948200649,0.915038317954625,7,1.8119141898174358,-0.7094058345344347
0.030654436083814383,368,8,9,0.8523266848452841,0.8577460564891359,2.1351062193360235,3.4282438681597287,0.5466695576320976,1.2174845881394771,1.0196819761579414,7,1.7953520305783244,-0.7044237458651327
0.0757259374970504,395,9,9,0.8528793834035551,0.8455619589787546,2.382682415189026,0.7008731003573869,0.5371804841624065,1.2243668874806917,1.0187844478677355,7,1.8540496865061844,-0.7042183704483147
0.07621125104833405,382,9,9,0.7496859848560398,0.8453876397131626,2.3614898901797683,0.295807577658461,0.5476853235667811,1.209584592987456,1.0233863766861697,8,1.8097260635383392,-0.7035993959937704
0.0749685032727976,383,8,9,0.854439729500023,0.845769589141436,2.513644148818793,3.7502758206050038,0.6741474719597672,1.223721632608538,1.0197693557618817,8,1.8478536978393234,-0.7061070815533338
0.07696125997262572,388,9,9,0.8031865860623901,0.8497208872446261,4.944210454926755,0.3914758912541556,0.603916519778964,1.2207382373945286,1.0188940719001318,7,1.8719608514297312,-0.7058116528434378
0.027955827330380396,368,8,9,0.7509328230643795,0.8450410986670351,2.422592000757729,3.592174276184805,0.5626736335102089,1.2068002792503536,1.0165991712886226,8,1.3788625327366681,-0.7108871814352679
