number,value,datetime_start,datetime_complete,duration,params_colsample_bytree,params_gamma,params_learning_rate,params_max_delta_step,params_max_depth,params_min_child_weight,params_n_estimators,params_reg_alpha,params_reg_lambda,params_scale_pos_weight,params_subsample,params_weight_ratio_0,params_weight_ratio_1,state
0,-0.1550382549243041,2025-12-07 13:48:57.988385,2025-12-07 13:49:02.527531,0 days 00:00:04.539146,0.6825523516388927,0.4193509252062029,0.016466152949675444,1,5,4,681,3.779493152899567,4.049011988588894,1.820247033480619,0.8449456722568569,0.8135103410487483,1.4474555750031541,COMPLETE
1,-0.35286768896234544,2025-12-07 13:48:57.995415,2025-12-07 13:49:19.324477,0 days 00:00:21.329062,0.6513515021665961,0.0060308202654904,0.01330722549710754,9,6,5,370,0.7943394333563014,0.3208407834389737,1.743250594676844,0.7077975743479348,1.1039896842934667,1.908853888463916,COMPLETE
2,-0.6474731021370376,2025-12-07 13:48:58.006619,2025-12-07 13:49:05.331105,0 days 00:00:07.324486,0.8175283761209505,1.7133114901435114,0.09572497311612004,0,9,7,394,3.5580424003875715,0.49722947605382206,0.5503529138503371,0.6356479975168017,1.5334917374685082,1.095639105771327,COMPLETE
3,-0.4901770275704364,2025-12-07 13:48:58.013024,2025-12-07 13:49:19.143152,0 days 00:00:21.130128,0.8241692723098999,1.8964509530551057,0.05524879069902077,2,7,5,335,1.5041288665968133,2.087398010500336,1.9497519498427476,0.6178892070035427,0.9409350439470641,1.459781290633932,COMPLETE
4,-0.6526855808657247,2025-12-07 13:48:58.024414,2025-12-07 13:49:07.811741,0 days 00:00:09.787327,0.8668631782106505,0.9445106071358143,0.08560376427797968,10,4,9,195,4.355785382781709,1.253649907494267,0.6215056518788266,0.6599597398514033,1.4040458289824191,0.6728153931811203,COMPLETE
5,-0.6300449424431239,2025-12-07 13:48:58.041769,2025-12-07 13:49:31.524230,0 days 00:00:33.482461,0.8967346359889055,1.5285553485208407,0.06305285627832158,9,8,4,466,2.836082166524525,2.7253235279675883,1.8612778462735422,0.6661488194131803,1.1940548535293993,1.0268529731592837,COMPLETE
6,-0.645116489111102,2025-12-07 13:48:58.135003,2025-12-07 13:49:07.990250,0 days 00:00:09.855247,0.6927257508352993,0.0225688781166562,0.012372658697989826,9,6,8,272,0.843352560732078,3.144317234564525,1.680025152391459,0.6081377423332094,1.5194787078801064,0.9306510845730573,COMPLETE
7,-0.5173235832771558,2025-12-07 13:48:58.156299,2025-12-07 13:49:20.266378,0 days 00:00:22.110079,0.8510372082794542,1.5511022799329632,0.09305888347444007,3,7,8,362,0.38221563358546207,2.4743061615166404,1.2871236069893164,0.6443448022204857,0.694265797291362,1.8264715116190173,COMPLETE
8,-0.6128054575311851,2025-12-07 13:48:58.197732,2025-12-07 13:49:02.525925,0 days 00:00:04.328193,0.6629664678530997,0.24893801683102867,0.024735442194894427,10,4,1,255,0.32364825152395915,1.4905271884790827,1.7203140216828368,0.7707952656703234,1.3350907127470628,0.6513556021434836,COMPLETE
9,-0.629578237441823,2025-12-07 13:48:58.223989,2025-12-07 13:49:02.899054,0 days 00:00:04.675065,0.8239769885373911,1.5545492313505607,0.05783412114654398,5,5,6,634,3.787522604858251,3.1976878586015465,0.7852004320015622,0.701864113240485,1.7549017202019808,1.5618945199459404,COMPLETE
10,-0.6135790099420475,2025-12-07 13:48:58.235399,2025-12-07 13:49:02.138223,0 days 00:00:03.902824,0.8162762890469045,0.351344196892571,0.03598542043703845,4,3,4,61,2.288943252762812,0.025310186568644477,0.7018846097777931,0.8663349097216313,1.576184431016834,1.8952894088238101,COMPLETE
11,-0.6362738693172393,2025-12-07 13:48:58.293732,2025-12-07 13:49:03.531179,0 days 00:00:05.237447,0.8227941334322574,0.7819921052723426,0.05466016832535048,9,4,10,110,1.0563417400413777,4.655785324196641,0.8670254452033616,0.6650469104560438,0.9564606771116102,0.501170609063881,COMPLETE
12,-0.5708590907246611,2025-12-07 13:48:58.323189,2025-12-07 13:49:20.573873,0 days 00:00:22.250684,0.8233817460628692,0.04918204942004323,0.0736005296789379,7,9,2,258,2.0186798364882574,3.667126974927775,0.7613973154491169,0.7298289640545497,0.5360814139944524,1.705844652177098,COMPLETE
13,-0.5532959533748559,2025-12-07 13:48:58.353238,2025-12-07 13:49:13.050506,0 days 00:00:14.697268,0.8860037720166686,1.2905770977665378,0.022150692684576638,0,3,7,355,3.6224406079500726,1.2059918700418337,1.5198046573126756,0.6388498472142976,1.0678607970125813,1.005997945319686,COMPLETE
14,-0.6417836988336714,2025-12-07 13:48:58.371744,2025-12-07 13:49:04.732270,0 days 00:00:06.360526,0.8620172816029388,1.7547378841153802,0.02314643125835635,9,7,8,319,3.3547305452508906,4.082384616737432,0.9571269704991506,0.7192752083801037,1.185540207401695,0.8106912120751135,COMPLETE
15,-0.5282093417473195,2025-12-07 13:48:58.388413,2025-12-07 13:49:23.996226,0 days 00:00:25.607813,0.6589947247020422,1.8207990605676425,0.01139376231562825,5,4,1,597,4.646758185302785,4.441639059687184,1.74443394416492,0.6661183954313159,0.7667524891601247,0.6780994790588522,COMPLETE
16,-0.6402789134560375,2025-12-07 13:48:58.425080,2025-12-07 13:49:06.711057,0 days 00:00:08.285977,0.8004295012658251,1.1335374072250826,0.041304123436819155,4,10,2,611,3.7827595581791478,4.220124958257713,1.5086021366407874,0.6558615368860066,1.8850063024278454,0.9599631121342174,COMPLETE
17,-0.623984736190799,2025-12-07 13:48:58.475835,2025-12-07 13:49:22.908781,0 days 00:00:24.432946,0.7926752813618427,0.7359139044776244,0.05487937328546067,8,8,6,348,4.0544729883981665,4.874226213974063,1.825560330936437,0.8447181107253842,1.7410365616744115,1.3806586945642056,COMPLETE
18,-0.5479839564597361,2025-12-07 13:48:58.488788,2025-12-07 13:49:32.974467,0 days 00:00:34.485679,0.7846646841862599,1.0887271449466924,0.06293264875508946,4,6,9,682,1.5354204752231593,3.4158951585396027,1.9470744511630294,0.8360364758240579,0.7479694322517851,0.888578772881208,COMPLETE
19,-0.542573057474855,2025-12-07 13:48:58.535849,2025-12-07 13:49:17.035032,0 days 00:00:18.499183,0.6012272005886938,1.7024668539089258,0.0265995019253124,4,4,8,435,2.923036772339409,3.636792158081316,1.0653945893738412,0.8534870781177291,1.1081759060961307,1.6081162302700645,COMPLETE
20,-0.6220871141308403,2025-12-07 13:48:58.575004,2025-12-07 13:49:04.618053,0 days 00:00:06.043049,0.6669661803928961,1.289995290779963,0.05386926022528677,1,9,1,145,4.774864903458764,2.07459353784449,1.1627482546665393,0.8108715115188054,1.3511091816172298,1.0200263841168842,COMPLETE
21,-0.6412460387647232,2025-12-07 13:48:58.623500,2025-12-07 13:49:05.217220,0 days 00:00:06.593720,0.8639593130433812,0.8810796885215881,0.022434670729320753,6,6,10,689,0.02502145857925686,4.260568009108595,1.2443304875799495,0.783468338315511,1.8751009818055426,0.7702849648494905,COMPLETE
22,-0.6453859976909704,2025-12-07 13:48:58.647818,2025-12-07 13:49:19.622694,0 days 00:00:20.974876,0.6233313576725608,0.1258471644775916,0.031292315251379155,3,9,2,233,2.7675752413176085,3.9358318113795248,1.8715037935337757,0.6332073025410618,1.9110664526775536,1.1908314631468613,COMPLETE
23,-0.6075254257680874,2025-12-07 13:48:58.668277,2025-12-07 13:49:04.184771,0 days 00:00:05.516494,0.673858450645807,1.0605005109590921,0.09961232896418244,0,9,4,447,1.4909238555713262,2.4709176812752522,1.7904837041979775,0.6886168220678148,1.330104321944531,0.6587279746610031,COMPLETE
24,-0.6295511349227081,2025-12-07 13:49:02.139186,2025-12-07 13:49:18.189016,0 days 00:00:16.049830,0.8734529751194473,1.1509053144993082,0.04133438645065045,6,9,7,189,1.6261011448397173,3.2066078160474576,1.0602105924458125,0.7727515611300874,1.0775215066066406,1.2702127661489047,COMPLETE
25,-0.6439151336743532,2025-12-07 13:49:02.528185,2025-12-07 13:49:11.080438,0 days 00:00:08.552253,0.7519591144763014,1.4947162878839846,0.02505143947662223,6,9,1,544,2.361270654679999,0.42522543589839534,0.5747522623684236,0.8165125695257225,1.3206290309097202,1.3193660066305555,COMPLETE
26,-0.6402174741684179,2025-12-07 13:49:02.535845,2025-12-07 13:49:09.911278,0 days 00:00:07.375433,0.8846895750812496,1.5036329068490433,0.018401310992765495,9,9,4,533,1.0638629453562032,4.795763609358517,1.2467410781358834,0.7775297532561284,1.4478726496791507,0.9047502623331585,COMPLETE
27,-0.6016153463920948,2025-12-07 13:49:02.901221,2025-12-07 13:49:19.215902,0 days 00:00:16.314681,0.7516658069827158,1.997537435351005,0.012793517719194607,1,6,2,284,3.4279482462269155,0.8695157405324699,1.2047839960241633,0.7778559180205019,1.7900714959412114,1.8404320712003477,COMPLETE
28,-0.5868586840032549,2025-12-07 13:49:03.532107,2025-12-07 13:49:15.557604,0 days 00:00:12.025497,0.6496779132409627,1.4081765392211703,0.015286274362822852,7,3,7,306,3.3375536600985645,1.2235780854530665,1.3297276892888528,0.8599182603567985,1.3694232032084146,1.2875104408204423,COMPLETE
29,-0.6259845483819861,2025-12-07 13:49:04.186102,2025-12-07 13:49:10.320305,0 days 00:00:06.134203,0.8098370591593177,1.816685718276386,0.034263971758738965,10,9,4,144,0.005749633192517201,3.2099791293252182,1.3183489175993472,0.6414800079756214,1.9455600270731104,1.3032879608306156,COMPLETE
30,-0.5614488558466993,2025-12-07 13:49:04.619099,2025-12-07 13:49:37.188694,0 days 00:00:32.569595,0.8197087480344463,1.0907425796933001,0.018359967321012475,1,5,1,678,4.189091660706578,4.174318126594904,0.7483632493080878,0.6359313491141195,0.7843763207445509,1.611176423391099,COMPLETE
31,-0.6521030873128824,2025-12-07 13:49:04.733204,2025-12-07 13:49:29.525779,0 days 00:00:24.792575,0.7906715712351627,0.20241988729657723,0.06587829575842122,4,10,8,276,4.600945344196646,3.769454935643158,1.9073010018794867,0.7075741937286999,1.1089332225904915,0.7402887315874608,COMPLETE
32,-0.5297589569870229,2025-12-07 13:49:05.218122,2025-12-07 13:49:21.367003,0 days 00:00:16.148881,0.8620322794839963,0.9089049634286157,0.02920082091787514,4,5,7,332,0.40616789628589334,4.139092980448023,1.3781544893281714,0.8379246300975951,1.0247353610418581,1.2641389753441594,COMPLETE
33,-0.6535138684398821,2025-12-07 13:49:05.332053,2025-12-07 13:49:25.450210,0 days 00:00:20.118157,0.7496671633195399,1.9057254503246837,0.010561676528037686,3,10,7,488,4.870654482724024,0.11584794533760945,0.5229328677785196,0.6127052927949088,0.6118766599640542,1.206313743245323,COMPLETE
34,-0.6432815459382538,2025-12-07 13:49:06.711920,2025-12-07 13:49:15.230789,0 days 00:00:08.518869,0.894872659890156,1.9367368403748066,0.014060734540984426,8,8,8,383,2.884825588191016,0.2500564172489237,0.5383797827477164,0.6000985848902223,1.0613459136221783,1.162742092530766,COMPLETE
35,-0.6468428183379611,2025-12-07 13:49:07.812849,2025-12-07 13:49:33.794966,0 days 00:00:25.982117,0.7484486294245801,1.9735263345174257,0.09861680579678503,7,7,8,456,4.9835932760094295,0.5083788917755445,0.5178397532162923,0.6044154203236914,0.5438791123127248,1.208390477774612,COMPLETE
36,-0.6518020071485316,2025-12-07 13:49:07.991214,2025-12-07 13:49:29.595340,0 days 00:00:21.604126,0.7449223023662024,1.858530666796498,0.08822373793751148,7,8,8,463,4.937177246062642,0.520386377810431,0.5380125617535999,0.6042941804665127,0.6015220478763426,1.2127424919019103,COMPLETE
37,-0.628285254339588,2025-12-07 13:49:09.912238,2025-12-07 13:49:33.017900,0 days 00:00:23.105662,0.7501227586992775,1.9677157560455565,0.09131563017026771,7,7,8,399,4.974210450026801,0.6882718673290046,0.5395132681462985,0.6011657337510466,0.5187004678188591,1.2609813284644014,COMPLETE
38,-0.6440208167959139,2025-12-07 13:49:10.321241,2025-12-07 13:49:15.616833,0 days 00:00:05.295592,0.7482060847062568,0.6634266591249401,0.0772210687874691,6,7,8,400,4.88376590943349,0.7451483252555235,0.5119427893801191,0.6108048976705909,1.1207375342552703,1.0803010312160257,COMPLETE
39,-0.6270512684557384,2025-12-07 13:49:11.081452,2025-12-07 13:49:36.205799,0 days 00:00:25.124347,0.7639737548480467,0.6604702529035464,0.09972977047173058,3,7,8,427,4.882514778362646,0.9994113583727007,0.6269437105414143,0.6008149879295067,0.5270913859843173,1.1583938492837833,COMPLETE
40,-0.640650796406327,2025-12-07 13:49:13.051800,2025-12-07 13:49:32.151250,0 days 00:00:19.099450,0.7614438337637314,0.6292945586798397,0.08978093650559903,3,7,9,431,4.833385601067766,0.8565413177813479,0.5251101981492208,0.6119587272308017,0.5258845906241411,1.14128265779495,COMPLETE
41,-0.4748336267487124,2025-12-07 13:49:15.231779,2025-12-07 13:49:29.125951,0 days 00:00:13.894172,0.761194688478043,0.7704278428835551,0.09855298355392779,3,7,9,229,4.793421489831955,0.9241791011868361,1.0242662973579604,0.7471451990573797,0.517981631803154,1.6220763479809799,COMPLETE
42,-0.6438859467829883,2025-12-07 13:49:15.559120,2025-12-07 13:49:21.492077,0 days 00:00:05.932957,0.7654569616547445,0.6422668153783544,0.09459482038768383,3,8,9,219,4.901995111345293,0.6778389661331291,1.076936629545773,0.7172672285725643,1.6806400936583559,1.6339048255031643,COMPLETE
43,-0.6144674175599186,2025-12-07 13:49:15.618360,2025-12-07 13:49:35.107616,0 days 00:00:19.489256,0.6004759631060036,0.6277058381677894,0.09807052230988084,3,10,9,212,4.193190487257691,1.7929687017061007,1.9842256479545433,0.7224325533576503,1.6223523072340043,1.7420525400716906,COMPLETE
44,-0.6011065907136931,2025-12-07 13:49:17.036136,2025-12-07 13:49:21.300455,0 days 00:00:04.264319,0.7388473255235406,0.5414999137143709,0.011600167714863016,2,6,9,232,4.439340988046348,2.0410130311737382,1.9777191637319225,0.6223135930861615,1.6116723774235717,0.8034941994952343,COMPLETE
45,-0.6134862050985501,2025-12-07 13:49:18.190083,2025-12-07 13:49:32.714230,0 days 00:00:14.524147,0.7356904931741892,0.04946867996948616,0.010063028635232587,3,6,9,250,4.373219829056192,1.8249439715947524,0.693314792787143,0.6220443318917698,1.6111552425490347,0.5252490404202157,COMPLETE
46,-0.6347926125995264,2025-12-07 13:49:19.144154,2025-12-07 13:49:32.736233,0 days 00:00:13.592079,0.7391604219813465,0.5804985365131086,0.011211771470802274,8,6,9,240,4.320343078427016,0.8104022514028597,0.6892402729303935,0.7339424895570797,1.5769978671748683,0.8302777947299846,COMPLETE
47,-0.6069170351426899,2025-12-07 13:49:19.217917,2025-12-07 13:49:31.052534,0 days 00:00:11.834617,0.7094580942963158,0.019417452174194355,0.01026751932754157,8,5,9,228,4.428237909543322,1.9440124085164865,0.6836771809915232,0.6779080457234888,1.5914603437128485,0.5020086742157219,COMPLETE
48,-0.6430229532611631,2025-12-07 13:49:19.325403,2025-12-07 13:49:30.046583,0 days 00:00:10.721180,0.7788590716877927,0.5714080975360956,0.0915953411107817,8,5,9,208,4.325297342777065,1.667437497172578,0.6886390183217681,0.6747890798290909,1.5678809712774158,0.509761208706262,COMPLETE
49,-0.6405302227519434,2025-12-07 13:49:19.623741,2025-12-07 13:49:26.413437,0 days 00:00:06.789696,0.7813489030718962,0.6097695332095541,0.09498470659349743,3,10,9,205,4.261253134285088,1.6122472503272074,0.7030697152838963,0.7321262674305103,1.5913126885428697,1.168385145992433,COMPLETE
50,-0.6432534885482823,2025-12-07 13:49:20.267346,2025-12-07 13:49:27.726593,0 days 00:00:07.459247,0.7800951140956904,0.5776281556488643,0.07231662954129743,2,10,9,235,4.244285514338539,1.7257179914692746,0.6692545312521163,0.6756880493631714,1.6310745477206887,1.1323378662334527,COMPLETE
51,-0.642583717010419,2025-12-07 13:49:20.575090,2025-12-07 13:49:28.180761,0 days 00:00:07.605671,0.7821486549818402,0.5747738263859612,0.07354469385046244,2,10,9,208,4.3144033358092875,1.7275768524242352,0.6615731897379522,0.6859662703041006,1.6556218598919599,1.127474402784048,COMPLETE
52,-0.6477495283722513,2025-12-07 13:49:21.301613,2025-12-07 13:49:28.488892,0 days 00:00:07.187279,0.7819485746063503,0.22213094097949893,0.07948309354342527,3,10,9,203,4.212139637871324,1.6060041432561465,0.6390079446105748,0.6775167780993868,1.6512247757806229,1.4132552600218222,COMPLETE
53,-0.6340230591391731,2025-12-07 13:49:21.368273,2025-12-07 13:49:28.116282,0 days 00:00:06.748009,0.7928908483493974,0.6355100940310167,0.08063575831909967,2,10,9,205,4.423941276807632,1.6143017564456914,0.7073163361076792,0.6784354348019445,1.658019689669532,1.4354617896706499,COMPLETE
54,-0.6514927869032827,2025-12-07 13:49:21.493012,2025-12-07 13:49:39.358361,0 days 00:00:17.865349,0.7181520412457431,0.18810582923491148,0.07129482003043609,10,10,9,185,4.257144398825296,2.8411351457146106,1.6316197847620901,0.6785010530501512,1.4812706732309835,1.1073335870804926,COMPLETE
55,-0.6467287065306314,2025-12-07 13:49:22.909828,2025-12-07 13:49:41.223504,0 days 00:00:18.313676,0.7082460389678621,0.1717011870993158,0.07214403935966111,10,10,9,186,4.267137609381175,2.8491912942039566,1.6725107382541426,0.6720043541932892,1.5282374554199791,1.1653110284771986,COMPLETE
56,-0.6494406453014513,2025-12-07 13:49:23.997315,2025-12-07 13:49:40.953632,0 days 00:00:16.956317,0.7208070462075736,0.15562540182786289,0.07220730701055467,10,10,9,171,4.2689302073311,2.930116534437945,1.599246629192172,0.6825347991253368,1.499170570639703,1.1538961220111688,COMPLETE
57,-0.6359967372293348,2025-12-07 13:49:25.451877,2025-12-07 13:49:32.321473,0 days 00:00:06.869596,0.7112021121860992,1.6672525572092685,0.08205057893868545,2,10,5,485,4.193736533055639,1.630442033198999,0.6438393058997148,0.684795382855654,1.2171709391569934,1.1716365443927448,COMPLETE
58,-0.636784599570492,2025-12-07 13:49:26.414419,2025-12-07 13:49:33.322997,0 days 00:00:06.908578,0.7274543882997002,1.6661188954295374,0.0800067725501789,2,10,6,501,2.9820223795105636,0.13863667717064707,0.6237873445838135,0.6264742454390128,1.227556763141409,1.1538627298379351,COMPLETE
59,-0.641175642154385,2025-12-07 13:49:27.727530,2025-12-07 13:49:38.873305,0 days 00:00:11.145775,0.7157586869351658,1.678097237387741,0.018056606971230262,1,10,5,485,2.853042607002725,0.024124059730233516,0.6048068150882393,0.6194127673888462,1.5161003262841646,1.4626377300730757,COMPLETE
60,-0.6376477414631249,2025-12-07 13:49:28.117493,2025-12-07 13:49:36.062609,0 days 00:00:07.945116,0.7138449886825472,0.2043592728455474,0.018512997644013363,1,8,5,505,2.978837584384752,1.037348799488532,0.5995344192024835,0.620884774879223,1.4593776213460787,1.511761573248544,COMPLETE
61,-0.449495163753606,2025-12-07 13:49:28.181649,2025-12-07 13:49:33.349341,0 days 00:00:05.167692,0.7097232009922285,1.658324885759353,0.017769845541364775,1,8,5,746,2.9539084012867645,0.09460505632037118,0.5984329581792732,0.6304419920620754,1.5059917591725334,0.880296070533302,COMPLETE
62,-0.642108769051621,2025-12-07 13:49:28.489800,2025-12-07 13:49:39.276412,0 days 00:00:10.786612,0.7063843655814644,1.6396163608433223,0.010001375056240498,1,8,5,747,3.9641069896173105,1.0716804087213605,0.5986064115448984,0.6203613526557185,1.4790496804143607,1.5197613103196999,COMPLETE
63,-0.6146902098597727,2025-12-07 13:49:29.127167,2025-12-07 13:49:34.306700,0 days 00:00:05.179533,0.7179870584499657,1.7083798563409753,0.06355213027219245,1,8,5,482,4.00550938861037,0.0881774315521261,0.8561675148758013,0.6211698930402808,1.450220506987532,1.506371756840671,COMPLETE
64,-0.6430082905608835,2025-12-07 13:49:29.527002,2025-12-07 13:49:46.835072,0 days 00:00:17.308070,0.7150511481913758,0.2549689822413489,0.0646251799535898,1,10,6,481,4.123883868336875,0.012983564176404658,0.5917495632515157,0.6961375162233682,1.4710206473952618,0.5230104850208039,COMPLETE
65,-0.6412551018415145,2025-12-07 13:49:29.596998,2025-12-07 13:49:35.658172,0 days 00:00:06.061174,0.7194631522801743,0.36864172917396965,0.06417314420933769,4,8,10,491,4.553336436503413,0.09080465234537669,0.6161069463767078,0.8949304231183617,0.6477014342059146,0.5327419351351573,COMPLETE
66,-0.6372751696720477,2025-12-07 13:49:30.047651,2025-12-07 13:50:09.953817,0 days 00:00:39.906166,0.7206184278426019,0.38746808347170253,0.06503987861670896,5,10,10,480,3.995244520590939,0.015293419477861336,0.609586259933417,0.6236069693852412,0.5889053281391504,1.5339805119609078,COMPLETE
67,-0.590831639253211,2025-12-07 13:49:31.053747,2025-12-07 13:50:01.690221,0 days 00:00:30.636474,0.72485447677915,0.36841552792584065,0.0648273859496111,5,8,10,481,3.9472173307687304,0.10840255380648921,0.8512305400823084,0.8851753327192461,0.6421112683596417,1.5017176566878563,COMPLETE
68,-0.6288285347457067,2025-12-07 13:49:31.525290,2025-12-07 13:50:15.392731,0 days 00:00:43.867441,0.7311678332244642,0.3505671663021199,0.06497577517674497,5,10,10,510,4.008815111594766,0.15477804890423363,0.8329282110942979,0.6976286173053488,0.6310368126667157,1.463390795104468,COMPLETE
69,-0.6274763835908505,2025-12-07 13:49:32.152199,2025-12-07 13:50:13.156844,0 days 00:00:41.004645,0.7263740728174155,0.4006206039779595,0.0656925074908844,5,10,10,490,4.100521601784685,0.23424609044090353,0.8412897440478044,0.7005254554775134,0.6547871498720669,1.5244499306592973,COMPLETE
70,-0.6304456252720886,2025-12-07 13:49:32.322514,2025-12-07 13:50:15.820311,0 days 00:00:43.497797,0.7280594301907815,0.40642158612203233,0.06501219869378955,5,10,10,509,4.0053284748264195,0.06899965146094472,0.8449806480603714,0.6547496498264626,0.6696382301399113,1.5172135609652326,COMPLETE
71,-0.5968152906704786,2025-12-07 13:49:32.715842,2025-12-07 13:50:05.129747,0 days 00:00:32.413905,0.7178215082072,0.34222196278628236,0.06364807498830209,5,8,10,499,3.914166391964642,0.0045131992607599924,0.7969886389529988,0.6531580638874426,0.6348368220679677,1.4973661654908752,COMPLETE
72,-0.590612906250017,2025-12-07 13:49:32.740243,2025-12-07 13:49:45.161512,0 days 00:00:12.421269,0.7248101840788964,0.35660371209221753,0.06315499807799066,5,8,10,165,4.048303335882747,0.13335116384068746,0.8430401629967641,0.891893819532799,0.8565939236851559,1.532131240854713,COMPLETE
73,-0.49807733629203604,2025-12-07 13:49:32.975755,2025-12-07 13:49:38.795359,0 days 00:00:05.819604,0.8403377073994942,0.38695230344362663,0.06621932473404767,5,8,10,59,3.9871698064389838,0.036008196984538554,0.8558790721631762,0.6537424427485948,0.6741320580718393,1.4982076533121509,COMPLETE
74,-0.6073241058382214,2025-12-07 13:49:33.026585,2025-12-07 13:50:06.366904,0 days 00:00:33.340319,0.836674195046677,0.39280438761124636,0.06474522849152478,5,8,6,512,3.986841113101067,0.12403147145184529,0.8164596763761405,0.895077512368756,0.6625968615421352,1.4968736222619146,COMPLETE
75,-0.5550499863056205,2025-12-07 13:49:33.324448,2025-12-07 13:49:46.021096,0 days 00:00:12.696648,0.8031883244373733,0.36355501253930794,0.06490074793769365,5,8,10,170,4.559966233837448,1.2424749773872668,0.8240018862200053,0.6480481412691301,0.6798444168209645,1.4956409299060054,COMPLETE
76,-0.5410128716784434,2025-12-07 13:49:33.351440,2025-12-07 13:49:40.699594,0 days 00:00:07.348154,0.8355250180811075,0.3637863546251765,0.0652108967676311,5,10,10,61,3.9548593343320397,0.44301109288803087,0.7986599122617023,0.655032866101976,0.6531167792442787,1.4776009889001656,COMPLETE
77,-0.5410873447176384,2025-12-07 13:49:33.796305,2025-12-07 13:49:44.829307,0 days 00:00:11.033002,0.8368723758601148,0.3205876225821874,0.06443703484560998,5,10,10,108,3.9739172445747744,1.1736345818489464,0.8704174916283126,0.6458731059052719,0.6244196463238372,1.4775123352812474,COMPLETE
78,-0.6305309231982622,2025-12-07 13:49:34.308120,2025-12-07 13:49:40.914152,0 days 00:00:06.606032,0.813511624679137,0.30590566184860984,0.04564930163793806,5,10,10,167,4.594140681622719,1.2080971046761073,0.80056261998312,0.6536002667914755,0.6744700011788642,0.7111196550831328,COMPLETE
79,-0.5352511096503395,2025-12-07 13:49:35.108735,2025-12-07 13:49:43.149409,0 days 00:00:08.040674,0.8390229294586217,0.21726057670103405,0.04761386614792971,0,10,10,69,4.574186227876717,1.2673341633301143,0.807901820526316,0.6520831895047647,0.6237120994447429,1.3913712223513366,COMPLETE
80,-0.6184958508939088,2025-12-07 13:49:35.659316,2025-12-07 13:49:42.748544,0 days 00:00:07.089228,0.8443903291731194,0.2482768113436765,0.06918266401313714,5,9,7,66,3.9376488855967895,1.2195032370587275,0.7990754751218314,0.6540498112111688,0.8795207481591342,1.3683263631101759,COMPLETE
81,-0.6167625405340288,2025-12-07 13:49:36.064170,2025-12-07 13:49:44.388525,0 days 00:00:08.324355,0.8445159168165792,1.8577012384360212,0.047628284744227235,5,9,7,81,3.8836407392910983,2.70108642100549,0.7900266988863596,0.6479728406469575,0.8743174071849973,1.3740208022285765,COMPLETE
82,-0.6286576042907326,2025-12-07 13:49:36.207120,2025-12-07 13:49:51.083151,0 days 00:00:14.876031,0.8353010419810508,1.8563210856120678,0.04871382217891924,5,9,7,172,4.645405082600164,1.2862288028449331,0.7923834611180918,0.6543690933303274,0.888907403754092,1.4008005033330544,COMPLETE
83,-0.6135460581222133,2025-12-07 13:49:37.189958,2025-12-07 13:49:46.616149,0 days 00:00:09.426191,0.842211187973187,0.44603530982428485,0.04806692132133046,5,9,7,95,3.9743496410570263,1.387134775867604,0.8007397907775414,0.6537010521037089,0.8493654923944275,1.355972560730551,COMPLETE
84,-0.6551563051978099,2025-12-07 13:49:38.796647,2025-12-07 13:50:23.491849,0 days 00:00:44.695202,0.8413676257049737,1.8659804886335924,0.05017260205262408,5,9,7,560,4.64496538963441,0.5025344453826593,0.8117091468328443,0.6487771841680211,0.879030318655228,1.3703428937433446,COMPLETE
85,-0.5395269532633575,2025-12-07 13:49:38.874340,2025-12-07 13:49:52.602128,0 days 00:00:13.727788,0.837263595003185,1.8550570920091038,0.08478705506489224,5,9,7,159,4.639623207365702,1.347293178900544,1.6348174065241985,0.7024755603469072,0.8934312640091946,1.3577297433379738,COMPLETE
86,-0.5353582669738354,2025-12-07 13:49:39.277435,2025-12-07 13:49:53.339130,0 days 00:00:14.061695,0.8391334647049572,1.8359765544049935,0.0854154991764299,5,9,7,164,4.63242617769634,0.4967815368091321,1.619772552532002,0.6489183914742684,0.8657158210434921,1.3773399762686076,COMPLETE
87,-0.5461374828575204,2025-12-07 13:49:39.359326,2025-12-07 13:49:53.206734,0 days 00:00:13.847408,0.8351575830083787,0.44753654040301777,0.049429072131132006,10,9,7,160,4.640180282375628,2.283825699999595,1.6246458442530094,0.6984833775997769,0.6038048066299068,0.7110234668399892,COMPLETE
88,-0.53522525158815,2025-12-07 13:49:40.700593,2025-12-07 13:49:54.885392,0 days 00:00:14.184799,0.8118475383801059,1.851464157358163,0.08608146722454701,10,9,7,166,4.654315661458848,2.7509895139304756,1.656281768337385,0.6945531008232896,0.8712755700907299,1.3666801188596915,COMPLETE
89,-0.47607170106915175,2025-12-07 13:49:40.915326,2025-12-07 13:49:51.327304,0 days 00:00:10.411978,0.6895875495351537,1.8523222055439532,0.04750607789110204,10,9,7,109,3.688383871400248,2.277250462350684,1.6251088790923696,0.6999137505573532,0.9154972403784145,1.36216174078682,COMPLETE
90,-0.6177077757134698,2025-12-07 13:49:40.955729,2025-12-07 13:49:50.613006,0 days 00:00:09.657277,0.6913471152264035,0.1752908590847652,0.05137108169267177,10,9,7,98,4.6584284203876845,2.714565015180534,1.5809485475928409,0.699944119646912,1.7164086462178978,1.3939115627441976,COMPLETE
91,-0.5774384602203274,2025-12-07 13:49:41.224533,2025-12-07 13:49:52.801713,0 days 00:00:11.577180,0.689293521624882,0.4763550348707366,0.049723761067130695,10,9,7,124,3.6932042527457853,2.3515888385500205,1.63581391475097,0.7076421582078442,1.3890575317212623,1.355915775141408,COMPLETE
92,-0.6286656494443761,2025-12-07 13:49:42.749739,2025-12-07 13:49:53.437208,0 days 00:00:10.687469,0.6859234924016903,0.433945249507811,0.05142444917804692,10,9,8,114,3.6618412363263717,2.3502130545941524,1.5898394996366407,0.7060790048914865,1.388324677114443,1.0668169015990623,COMPLETE
93,-0.6304164360735689,2025-12-07 13:49:43.150386,2025-12-07 13:49:49.421762,0 days 00:00:06.271376,0.6847972774481411,0.4473347348488098,0.058462487719407645,10,9,8,102,3.7077119832216505,2.681925222670658,1.6005565420066608,0.6948575108584907,1.4167229650516768,0.5907219005240584,COMPLETE
94,-0.6399973957851571,2025-12-07 13:49:44.389491,2025-12-07 13:49:56.044082,0 days 00:00:11.654591,0.6891877468681786,0.4644800974876156,0.08660129321690183,10,9,8,131,4.71741170570878,2.391042467704312,1.590265704814488,0.700239831963414,1.3873375519080926,1.0531239189101995,COMPLETE
95,-0.6667111343092404,2025-12-07 13:49:44.830347,2025-12-07 13:50:06.237121,0 days 00:00:21.406774,0.6948187015471321,0.4388872703014726,0.08559538458510334,10,9,8,271,3.725106584426663,2.3462470146442524,1.4215816175823701,0.7033061089590548,1.4115356037975897,1.0620059386355998,COMPLETE
96,-0.6637032927929151,2025-12-07 13:49:45.162809,2025-12-07 13:50:08.266310,0 days 00:00:23.103501,0.6839308815594742,0.11607627068136854,0.08564434634053335,10,9,8,295,3.5655450141989697,2.2901582830155847,1.572261889054276,0.6634500689947495,1.3927975253711415,0.9677473906090897,COMPLETE
97,-0.6651436001424709,2025-12-07 13:49:46.022155,2025-12-07 13:50:30.285915,0 days 00:00:44.263760,0.6802269380715378,0.45182197068228014,0.08745898491699015,10,9,8,560,3.6728479671969207,2.366302057084672,1.6135022078503127,0.6996362224243584,1.3029105043470555,1.0667898813169407,COMPLETE
98,-0.6393203823238162,2025-12-07 13:49:46.617259,2025-12-07 13:49:58.517794,0 days 00:00:11.900535,0.6970236480486999,0.09497272132997403,0.08522633004037515,10,9,8,135,3.6794127024009278,2.2699156388861192,1.5976847139147003,0.7002423168921488,1.398547790274162,1.0780363696430963,COMPLETE
99,-0.65636218687589,2025-12-07 13:49:46.836345,2025-12-07 13:50:09.033107,0 days 00:00:22.196762,0.6911417789739494,1.2315934246640055,0.08561469663734367,9,9,8,286,3.637370703344528,3.8203637009243185,1.5916203994957356,0.7106111548587052,1.299392131514492,0.9795803889628217,COMPLETE
100,-0.6328099842698253,2025-12-07 13:49:49.422721,2025-12-07 13:50:11.929789,0 days 00:00:22.507068,0.69597925735466,0.07457287554778984,0.08580333736404497,9,9,8,282,3.5437065920877933,2.3321660751232725,1.9076299146985614,0.6626305627763761,1.2851218083446343,1.063160603123463,COMPLETE
101,-0.5493156899901303,2025-12-07 13:49:50.614129,2025-12-07 13:50:02.371792,0 days 00:00:11.757663,0.7720307388707658,0.10703989980819073,0.08451206499444662,9,3,8,289,3.492035795159937,2.3607515705286657,1.8598830401522508,0.7094267439871899,1.2807783213273671,1.0788764769970471,COMPLETE
102,-0.5527288230008282,2025-12-07 13:49:51.084490,2025-12-07 13:49:57.637993,0 days 00:00:06.553503,0.7727305182223992,0.11786969733184441,0.0834385609683788,9,3,8,138,3.531819512885452,3.805178903693157,1.907125172830704,0.7139200404572915,1.271987189425539,0.9739250151972305,COMPLETE
103,-0.6120110285095194,2025-12-07 13:49:51.328444,2025-12-07 13:50:00.234397,0 days 00:00:08.905953,0.7009692569900353,0.12310988373917157,0.08801576083681954,9,4,8,283,3.489033775208304,2.9231901533046836,1.4395030477077935,0.664915829010445,1.275092241908173,1.0672868801046986,COMPLETE
104,-0.32375896126905496,2025-12-07 13:49:52.603721,2025-12-07 13:49:58.837140,0 days 00:00:06.233419,0.7685831268937908,0.10192701591042196,0.08632189546560806,9,3,8,132,3.473812634645536,0.5195018013481064,1.4245970304947893,0.662904153510257,0.5599481517674838,1.2207581986023834,COMPLETE
105,-0.4360510878327477,2025-12-07 13:49:52.802969,2025-12-07 13:50:04.146318,0 days 00:00:11.343349,0.7667911961582355,1.9557331079489493,0.08795354187078307,9,3,8,281,4.981096363213381,0.45523205305504943,1.4685761648653408,0.665072116692011,0.7374070635348484,1.2104026388275488,COMPLETE
106,-0.4356869961060678,2025-12-07 13:49:53.207775,2025-12-07 13:50:04.071499,0 days 00:00:10.863724,0.7727425265552065,1.7544783505676942,0.08634792444622494,9,3,8,269,4.992373483081097,0.5717480824167288,1.4641698981685816,0.6630835206548286,0.7425445905842136,1.2182570704427391,COMPLETE
107,-0.4034920403517204,2025-12-07 13:49:53.340063,2025-12-07 13:50:10.646995,0 days 00:00:17.306932,0.7700181867978118,0.09852214020999894,0.08869323010943865,9,3,8,456,4.95866168194034,0.6112241769717008,1.5023636376116536,0.6655603222318418,0.570091799054745,1.2196704208814169,COMPLETE
108,-0.48702574181352826,2025-12-07 13:49:53.438795,2025-12-07 13:50:05.002411,0 days 00:00:11.563616,0.7006922636917602,0.10084378890007425,0.07675535801713512,9,3,8,282,4.984014613363091,2.9917173960389944,1.4439025379094197,0.6617857509400812,0.7364593308653669,0.9866004071316635,COMPLETE
109,-0.4364302138165115,2025-12-07 13:49:54.886444,2025-12-07 13:50:12.378490,0 days 00:00:17.492046,0.7697152946907775,0.08813983724399554,0.05923637770934453,9,3,8,457,4.99180530570724,0.5843531723209694,1.4793535068421875,0.6642737091910674,0.582228337938317,0.9743877222944324,COMPLETE
110,-0.5100858425294795,2025-12-07 13:49:56.045356,2025-12-07 13:50:17.131715,0 days 00:00:21.086359,0.7423669883467405,1.9138851061212705,0.07706896059532828,9,3,8,548,3.448993510994907,2.9967832901607716,1.440957517789332,0.6644444068945238,0.7283093024462783,0.9848409759745159,COMPLETE
111,-0.6307065554468239,2025-12-07 13:49:57.639356,2025-12-07 13:50:23.456301,0 days 00:00:25.816945,0.6991303609240408,1.9424699405731176,0.07667724719199231,9,10,8,284,3.1835609406492,0.5894873291341824,1.4185998314243893,0.6641259771100576,0.986616555115584,1.2209276581676252,COMPLETE
112,-0.6229033976824856,2025-12-07 13:49:58.519531,2025-12-07 13:50:39.912385,0 days 00:00:41.392854,0.7434141885953329,1.9202266561144543,0.07818333267277168,9,10,8,460,4.941915981283021,0.5977108413203296,1.424799897922745,0.6667655382015328,0.7588457037741216,1.2254610508766526,COMPLETE
113,-0.6369788451301855,2025-12-07 13:49:58.838252,2025-12-07 13:50:25.349249,0 days 00:00:26.510997,0.7567601637150387,1.7476559243001035,0.07790168622120651,7,10,8,281,4.979212112063077,0.6241158476185802,1.7355486096440407,0.6065870697796788,1.303197210860329,1.2293331679646704,COMPLETE
114,-0.6562448513888641,2025-12-07 13:50:00.235322,2025-12-07 13:50:25.313184,0 days 00:00:25.077862,0.7417762434209111,1.7730126407846802,0.07733681074608584,7,10,9,262,4.98899932382414,0.282248495453362,1.7736013139848805,0.6076901994936064,1.545295920129755,1.1125033495629606,COMPLETE
115,-0.6089052318794419,2025-12-07 13:50:01.691213,2025-12-07 13:50:51.415234,0 days 00:00:49.724021,0.7471167593735064,1.9417447345815533,0.07771278399290361,7,10,9,541,4.997317729808677,3.5134299463221024,1.7312413611980504,0.6063759348982538,0.7401592511679271,1.220972014191286,COMPLETE
116,-0.650845310852446,2025-12-07 13:50:02.372723,2025-12-07 13:50:10.443980,0 days 00:00:08.071257,0.7323173082569313,1.9492906377831611,0.07656186143632066,7,10,9,534,4.791822733088169,3.367846513421899,0.5053649019491161,0.6093227364820244,1.5402221193632297,1.222312645665869,COMPLETE
117,-0.6629131137509158,2025-12-07 13:50:04.073320,2025-12-07 13:50:49.219958,0 days 00:00:45.146638,0.7439668073442552,1.9177238790136495,0.07400581286906009,7,10,9,462,4.794695646083864,3.509806801101721,1.752616869382869,0.6116493763308426,1.5602876352290627,1.2212905204474096,COMPLETE
118,-0.648579237276839,2025-12-07 13:50:04.147397,2025-12-07 13:50:11.964704,0 days 00:00:07.817307,0.7445815327133455,1.3247054455703093,0.07645266258275281,7,10,9,532,4.810417271290679,3.410681310064399,0.5495755229243865,0.6102866691960589,1.5470798385243132,1.3112476319253006,COMPLETE
119,-0.662443559082869,2025-12-07 13:50:05.003568,2025-12-07 13:50:49.351724,0 days 00:00:44.348156,0.7444491024271113,1.9087996999958008,0.07108878908274555,7,10,9,456,3.1890568874735346,0.32667983551612684,1.7604800369311586,0.6378340721310815,1.5429726142317335,1.3049906443594759,COMPLETE
120,-0.6710325327633541,2025-12-07 13:50:05.130874,2025-12-07 13:51:00.957910,0 days 00:00:55.827036,0.7578206531758356,1.918379640824176,0.059637827469211674,7,10,9,568,4.80035565081659,3.341784361901578,1.7006874213203196,0.6088289073336431,1.5554682207208688,1.1107507343882177,COMPLETE
121,-0.6482330368682279,2025-12-07 13:50:06.239675,2025-12-07 13:50:59.495834,0 days 00:00:53.256159,0.74524932605724,1.3215618613409434,0.07872932520367042,7,10,9,548,4.78871129741256,4.354155893837043,1.7421352341207261,0.6112742592442704,1.1538044117874606,1.3155503854348498,COMPLETE
122,-0.650229987818084,2025-12-07 13:50:06.368328,2025-12-07 13:50:15.189077,0 days 00:00:08.820749,0.7445219249721793,1.3384087872431927,0.07690355021101382,7,10,9,573,4.47754558216701,0.3335120236521656,0.5060004610154797,0.612200680557989,1.5549332665770168,1.1139746120023244,COMPLETE
123,-0.6644719146377502,2025-12-07 13:50:08.268954,2025-12-07 13:50:44.063189,0 days 00:00:35.794235,0.7928505630375621,0.8999929920460032,0.058836742133432166,4,10,9,367,3.181398592605694,3.3337127219736877,1.7218859379248173,0.6385206413351439,1.5514080647368689,1.109230610044958,COMPLETE
124,-0.6523676215906765,2025-12-07 13:50:09.035430,2025-12-07 13:50:38.248388,0 days 00:00:29.212958,0.6531319658247884,1.3973834621960908,0.07739413127875856,4,10,9,320,3.172349654457667,3.4157772155450976,1.7704153189995555,0.6113058685726052,1.1699141708483678,0.9306030479141709,COMPLETE
125,-0.6468271156292261,2025-12-07 13:50:09.956468,2025-12-07 13:50:38.818230,0 days 00:00:28.861762,0.6710658845428213,1.2723750893832464,0.058872147449055896,4,10,9,307,3.3596329098925013,4.380243199393621,1.7227884042082144,0.682150868395178,1.1702142931994375,0.9328231204786248,COMPLETE
126,-0.6689483679284379,2025-12-07 13:50:10.446441,2025-12-07 13:51:00.863448,0 days 00:00:50.417007,0.6743046248152478,1.2154208076685493,0.07598826685870962,4,10,9,537,4.474593726345818,3.4151717058417566,1.7137558494279528,0.6078458422824474,1.318265142344964,0.93118429321986,COMPLETE
127,-0.6640690477068255,2025-12-07 13:50:10.649545,2025-12-07 13:51:02.884796,0 days 00:00:52.235251,0.6762157664723911,1.2257422603947215,0.06997793061735798,4,10,9,562,3.2046844330729725,3.418346263668955,1.724558521509871,0.6126235299898133,1.1544658821670164,0.9448415943247992,COMPLETE
128,-0.61508978260477,2025-12-07 13:50:11.932730,2025-12-07 13:50:18.512485,0 days 00:00:06.579755,0.67669359535141,0.26942370942994015,0.07520223427717594,4,10,9,317,3.1403121832007157,3.3238647323432033,1.5443329681480618,0.7251413067919815,1.5443836309490697,0.934033722894946,COMPLETE
129,-0.6702919769816047,2025-12-07 13:50:11.967636,2025-12-07 13:51:06.047429,0 days 00:00:54.079793,0.6792072867558382,1.187793949279112,0.07571534279254297,7,10,9,560,4.78467885492982,3.439318126583549,1.7807180007462307,0.6130911746190213,1.3336400134365467,0.9307837368737953,COMPLETE
130,-0.6709938299840452,2025-12-07 13:50:12.381657,2025-12-07 13:51:06.046919,0 days 00:00:53.665262,0.6722385232187509,1.246414245186197,0.06917395800067787,6,10,9,552,3.1513016245625765,3.365439597075402,1.7055718072071326,0.6121865198348022,1.5469488230553738,1.1152085479425664,COMPLETE
131,-0.671790412215926,2025-12-07 13:50:13.159576,2025-12-07 13:51:07.782248,0 days 00:00:54.622672,0.6738093128443541,1.3102379673795832,0.07636825225859448,7,10,9,572,4.791723758827688,3.4415913884511506,1.7005139427225333,0.6128691266722915,1.357167681855451,0.9375251718594783,COMPLETE
132,-0.6715229966858055,2025-12-07 13:50:15.192071,2025-12-07 13:51:06.403202,0 days 00:00:51.211131,0.6702445861767339,1.9039249147583932,0.07310332084251929,7,10,9,552,3.133006249600695,3.451907881643718,1.715025212262149,0.6144039559497921,1.3412106188527644,0.9307096936482925,COMPLETE
133,-0.6743600964353766,2025-12-07 13:50:15.395915,2025-12-07 13:51:09.874811,0 days 00:00:54.478896,0.6733400179395952,1.1999416302893924,0.07419193012491129,8,10,9,572,3.131330376623911,4.341455574658395,1.7238334040055698,0.7246339332732237,1.3417902791260978,0.933767200549737,COMPLETE
134,-0.6736741514630368,2025-12-07 13:50:15.823283,2025-12-07 13:51:12.657797,0 days 00:00:56.834514,0.7427937814681934,1.2483783138801785,0.07539849575141933,7,10,9,575,3.1926957696836693,3.671349421874736,1.706164404323897,0.6349768362106102,1.553521669943664,1.1105817866149097,COMPLETE
135,-0.6502330848616088,2025-12-07 13:50:17.134539,2025-12-07 13:50:25.366992,0 days 00:00:08.232453,0.757529511588584,1.3341442567036992,0.0698525896639812,7,10,9,587,3.2493532077331992,3.462256527021349,0.558545565008115,0.6123060233002772,1.3421893074225195,1.0164803877984079,COMPLETE
136,-0.6486993315340657,2025-12-07 13:50:18.515196,2025-12-07 13:50:26.403303,0 days 00:00:07.888107,0.7591510294635961,1.2486743250305048,0.071473586956166,7,10,9,588,4.472682760909265,3.5184178023845654,0.5624597204313364,0.6101224924401123,1.329263591620523,1.1102705956936234,COMPLETE
137,-0.6675018494311921,2025-12-07 13:50:23.459193,2025-12-07 13:51:16.926141,0 days 00:00:53.466948,0.7436086509611838,1.2891037558917373,0.09259653448493468,7,10,9,546,4.8162758267950405,3.574227507456713,1.714214024694112,0.6110238456715519,1.320130688149412,1.1132559381295624,COMPLETE
138,-0.6574320132474352,2025-12-07 13:50:23.494771,2025-12-07 13:51:20.826870,0 days 00:00:57.332099,0.6425794769982445,1.21646742274621,0.06834882804998504,6,10,9,591,4.440460208460825,4.006043241932647,1.7358300629234231,0.6383742746003547,1.3230338501298735,1.2766348542677253,COMPLETE
139,-0.6712009838493178,2025-12-07 13:50:25.316303,2025-12-07 13:51:21.563219,0 days 00:00:56.246916,0.7565457574384761,1.1817943120768004,0.09232494957371962,6,10,9,582,4.7606570412600435,0.3405903652719014,1.715448894220941,0.6370953886681446,1.356919665402471,1.1014710431315184,COMPLETE
140,-0.6415910528357945,2025-12-07 13:50:25.353265,2025-12-07 13:50:33.244533,0 days 00:00:07.891268,0.6537407745559085,1.0148045879051348,0.09410769312034568,6,10,9,579,4.780539347049057,0.3360490805580626,0.509008447272366,0.6374955223837754,1.1325175498927622,1.0251750333740892,COMPLETE
141,-0.6656320395076104,2025-12-07 13:50:25.372295,2025-12-07 13:51:22.424192,0 days 00:00:57.051897,0.6534515152960315,1.187446981022527,0.0694782178541393,6,10,9,609,2.5539702007329,3.7291236216070427,1.8073983783159555,0.6030737613791103,1.1542443490027174,0.8866878120569699,COMPLETE
142,-0.6758064699668461,2025-12-07 13:50:26.405946,2025-12-07 13:51:00.782245,0 days 00:00:34.376299,0.8773178824330068,0.8392605567024393,0.09380207572022409,6,10,6,341,2.6014427117824583,3.979678940263943,1.7814865762414014,0.7489712236245428,1.421962027804041,0.8583134005089263,COMPLETE
143,-0.664057094502382,2025-12-07 13:50:30.288810,2025-12-07 13:50:58.175561,0 days 00:00:27.886751,0.6519844559227818,1.0088362721285222,0.0934823622174576,6,9,9,353,4.776517632546313,3.9109133627562107,1.78497354942475,0.7410748846364128,1.430489377187796,0.9258992088259674,COMPLETE
144,-0.6691836201144267,2025-12-07 13:50:33.247237,2025-12-07 13:51:43.602006,0 days 00:01:10.354769,0.8713881032440808,0.8626617193991271,0.06944550930463592,6,10,6,644,4.77162831338434,3.7301330750581343,1.78372934577181,0.6301525431127413,1.1577558987665535,0.9248113085122367,COMPLETE
145,-0.6690472971221474,2025-12-07 13:50:38.251260,2025-12-07 13:51:10.489754,0 days 00:00:32.238494,0.644171979604635,0.9002688658761338,0.09257297405176937,4,10,6,331,4.861410898015441,3.9025192792488577,1.806286837327014,0.6907594301512779,1.4219335413022032,0.9249010677078032,COMPLETE
146,-0.6063973151731726,2025-12-07 13:50:38.820619,2025-12-07 13:50:44.646004,0 days 00:00:05.825385,0.6634341388883882,0.9387568837001189,0.040271913966723735,8,9,9,364,2.4817443533523615,4.013848692083313,1.5381618261310677,0.7503009886430642,1.4323595810039536,0.8550531281582606,COMPLETE
147,-0.6587043280311892,2025-12-07 13:50:39.914773,2025-12-07 13:51:09.961268,0 days 00:00:30.046495,0.8698236705834665,1.5747614030924435,0.03707677739424319,6,9,6,349,3.8307177748849353,3.8092751730508887,1.8131807033849192,0.74035355196828,1.4233800700386001,0.8592754423417519,COMPLETE
148,-0.6619293131443634,2025-12-07 13:50:44.067805,2025-12-07 13:51:14.890914,0 days 00:00:30.823109,0.8712379802707964,1.596666160915706,0.037010345904252645,4,9,9,361,2.5112059510509033,3.730973240276054,1.7797134724275945,0.6324215356850977,1.4315627843291157,0.8539885894800495,COMPLETE
149,-0.6620328594381462,2025-12-07 13:50:44.648733,2025-12-07 13:51:13.136728,0 days 00:00:28.487995,0.6434130109051471,0.8067185380315379,0.05561623450029845,4,9,6,344,3.8091487682096252,3.7237876430983805,1.7763035133765843,0.6335373016896081,1.2433273124451258,0.7630108532997686,COMPLETE
150,-0.6671652065659233,2025-12-07 13:50:49.222964,2025-12-07 13:51:16.229744,0 days 00:00:27.006780,0.8683850046423153,0.8031797710483071,0.09346164282758286,6,9,9,329,3.789435423090658,2.5051774900504515,1.7859730927227746,0.7436804973753103,1.2026626316427171,0.7664407546965062,COMPLETE
151,-0.6662603839358652,2025-12-07 13:50:49.355104,2025-12-07 13:51:25.386452,0 days 00:00:36.031348,0.8772195344455789,0.8656656250696275,0.09228988284592826,4,10,6,347,2.6567252705913917,3.703377806013505,1.7611057626731004,0.6408728064341791,1.1851215449165564,0.9017104594605831,COMPLETE
152,-0.6237799485301612,2025-12-07 13:50:51.418106,2025-12-07 13:51:26.599380,0 days 00:00:35.181274,0.6384044084132428,1.8005819538784638,0.05476713756594409,4,10,6,342,3.11149102693916,3.877572630067767,1.7652907918631264,0.6317905646772154,1.2233210878227143,1.2764789629868356,COMPLETE
153,-0.5357498874632878,2025-12-07 13:50:58.178989,2025-12-07 13:51:27.555995,0 days 00:00:29.377006,0.632484952040383,0.8562849299192097,0.021092910526955524,6,9,6,345,2.666182466979502,3.8625971825226135,1.769250685596712,0.6314711987201549,0.8046750638646034,0.9082870422717397,COMPLETE
154,-0.664564519582385,2025-12-07 13:50:59.498508,2025-12-07 13:51:27.501745,0 days 00:00:28.003237,0.6433025916075514,0.8548292681548207,0.09202505770664045,6,9,6,343,2.651847133535188,3.6842961106565464,1.779260113035837,0.630536029009766,1.2341397942251444,0.7792848308963218,COMPLETE
155,-0.6651404793551372,2025-12-07 13:51:00.785130,2025-12-07 13:51:30.196647,0 days 00:00:29.411517,0.8787292700944634,0.8649135848811232,0.09503301967021825,6,9,6,345,3.782343372697812,3.6766906728800475,1.7995197399507015,0.745621603648243,1.3573345703652409,0.9072455135392707,COMPLETE
156,-0.6667565408615745,2025-12-07 13:51:00.867383,2025-12-07 13:51:33.998027,0 days 00:00:33.130644,0.6399419661132428,0.8459011339414956,0.09388521409671445,6,9,6,413,2.6496790194145325,3.8849926050646624,1.690070046881119,0.7580931092737764,1.243493651376485,0.8924469467501632,COMPLETE
157,-0.6744817134222502,2025-12-07 13:51:00.960472,2025-12-07 13:51:53.108394,0 days 00:00:52.147922,0.6377000052701246,0.8012431521333256,0.09353617496998812,6,9,6,615,2.2122401968106766,3.7485210707700434,1.8115562284979176,0.740812300483347,1.3675411908471091,0.8854124853317236,COMPLETE
158,-0.67420465128605,2025-12-07 13:51:02.887411,2025-12-07 13:51:56.048628,0 days 00:00:53.161217,0.6389588914218552,1.1990976092149446,0.09253221676421372,6,9,6,624,2.7318915875316874,3.6365889435970824,1.6902019293259258,0.7561693171152265,1.3491787762820229,0.8990697843449911,COMPLETE
159,-0.6757197722817084,2025-12-07 13:51:06.050154,2025-12-07 13:52:04.181562,0 days 00:00:58.131408,0.6342129194215972,0.842334343648184,0.09443503492665534,6,10,9,618,2.733036974186992,3.8846058922930666,1.6939376218895439,0.7613870717728136,1.2404540234629036,0.8956624966621954,COMPLETE
160,-0.6780597218098693,2025-12-07 13:51:06.052279,2025-12-07 13:52:13.828741,0 days 00:01:07.776462,0.6348667165254446,1.1878368946675344,0.06827940041457829,6,10,3,633,3.8138027906362266,3.6600218581276778,1.8164615240433157,0.7445805299380738,1.3676905873857579,0.8938913719154462,COMPLETE
161,-0.6669649332429874,2025-12-07 13:51:06.406169,2025-12-07 13:51:44.564186,0 days 00:00:38.158017,0.6420748517351935,0.8564253946541087,0.06888553142964249,6,10,9,412,2.7150952717169288,3.697405641716203,1.6967328394695962,0.6310094574240279,1.2389380701221078,0.8820135034097077,COMPLETE
162,-0.6718565593726384,2025-12-07 13:51:07.785862,2025-12-07 13:52:07.665207,0 days 00:00:59.879345,0.6784880146152131,1.1611486174153463,0.0814331733446641,6,10,9,630,2.115765385272363,3.6151814458369427,1.8114440712990378,0.6284151148161552,1.2390729900409616,0.8918609171927927,COMPLETE
163,-0.6794854930160193,2025-12-07 13:51:09.877899,2025-12-07 13:52:13.423918,0 days 00:01:03.546019,0.6773510102778356,1.1640734142507887,0.0683053756125223,6,10,4,615,3.0535763474873527,3.663595564834051,1.689779357674798,0.7411663515390596,1.3644688492730073,0.8778327708721877,COMPLETE
164,-0.6770808247675819,2025-12-07 13:51:09.964369,2025-12-07 13:52:07.340952,0 days 00:00:57.376583,0.6436485996810084,1.1852438098448665,0.06836923863005098,6,10,9,612,2.152993708109966,3.627162765925342,1.6924407662950234,0.7613152375887442,1.3651829434313791,0.9023597794446014,COMPLETE
165,-0.6783283485894868,2025-12-07 13:51:10.492807,2025-12-07 13:52:11.943649,0 days 00:01:01.450842,0.6362042207430124,0.8599644838042322,0.09359167013121408,6,10,6,626,2.1998943476925037,3.610997722009386,1.6858190431819782,0.7579556352608632,1.3621222809186397,0.894453203699472,COMPLETE
166,-0.6768816773263581,2025-12-07 13:51:12.660625,2025-12-07 13:52:08.730955,0 days 00:00:56.070330,0.6413228683843218,1.181017057346061,0.09371714567266726,6,10,9,617,2.7633611659171526,3.682721121424538,1.6884020646609577,0.7584754874646068,1.2399080115920529,0.7839098961514819,COMPLETE
167,-0.6766934439818341,2025-12-07 13:51:13.139534,2025-12-07 13:52:10.813495,0 days 00:00:57.673961,0.6334140867493009,1.1564272674865999,0.0928137821357291,6,10,9,626,2.740701224244262,3.640824590592766,1.694390274729635,0.7661135904424006,1.3482427088199065,0.905030290385559,COMPLETE
168,-0.6762644449305868,2025-12-07 13:51:14.893888,2025-12-07 13:52:18.438658,0 days 00:01:03.544770,0.6388908546843755,1.1607493666765085,0.09194425063015164,6,10,3,617,2.7224458510634792,3.634490051522584,1.6947392505742072,0.7621971042001457,1.2089599591174998,0.8916823791274622,COMPLETE
169,-0.6770156819475416,2025-12-07 13:51:16.232515,2025-12-07 13:51:56.862273,0 days 00:00:40.629758,0.6758970330307107,1.190119268917032,0.09174042178622062,8,10,4,388,2.76705430182969,3.175843391665802,1.8219223045091821,0.7579843848278633,1.3566124141458888,0.8109612588542631,COMPLETE
170,-0.6535761478782636,2025-12-07 13:51:16.930955,2025-12-07 13:51:25.027213,0 days 00:00:08.096258,0.6284495363684894,1.1575842235936715,0.09214782662077885,6,10,9,633,2.7780170807334557,3.6247772799120597,1.6920029626735802,0.7632666082379068,1.3687622710774257,0.8020066777789208,COMPLETE
171,-0.6700781606853313,2025-12-07 13:51:20.830158,2025-12-07 13:52:04.639097,0 days 00:00:43.808939,0.8817015700623362,1.1557911440969522,0.09931901366154205,6,10,9,621,2.5743898429986602,4.600964567579192,1.6838529063518861,0.7544812567665629,1.354379394053822,0.8044786869807279,COMPLETE
172,-0.6785093026698997,2025-12-07 13:51:21.566135,2025-12-07 13:52:25.579745,0 days 00:01:04.013610,0.8805095619240706,1.1252575569518972,0.09641667906976882,6,10,6,613,2.739568695376303,3.6321999403264096,1.6899314791672628,0.7591511924560367,1.3579102440649096,0.8988036751556037,COMPLETE
173,-0.6774634155412586,2025-12-07 13:51:22.426788,2025-12-07 13:52:21.113961,0 days 00:00:58.687173,0.6201880727082981,1.154225066576214,0.09164888760565738,6,10,9,618,2.1588927553512476,3.160407193500763,1.6883844783028208,0.7600236590077933,1.3684666054431793,0.8956668548681711,COMPLETE
174,-0.6712823068306691,2025-12-07 13:51:25.029856,2025-12-07 13:52:28.277880,0 days 00:01:03.248024,0.6595176191836144,1.1612493436455078,0.09615039269272323,6,10,4,620,2.5416447241053244,3.1834539124211814,1.83208826189214,0.628110526605327,1.216400552109984,0.8804226360390022,COMPLETE
175,-0.6758067029267173,2025-12-07 13:51:25.389474,2025-12-07 13:52:25.297715,0 days 00:00:59.908241,0.6649930669002978,1.1644870743335571,0.09689528993362212,6,10,6,607,1.9615079614969615,4.573029462119899,1.6877971082410124,0.628527534526152,1.3627597921913772,0.8801852774459376,COMPLETE
176,-0.6728210876731939,2025-12-07 13:51:26.606451,2025-12-07 13:52:26.641725,0 days 00:01:00.035274,0.6636463888306854,1.158288879110061,0.09816624328750287,6,10,6,611,2.472999357052734,4.622757359487093,1.8176185766630972,0.6003523231867653,1.255761871715805,0.8939905537191212,COMPLETE
177,-0.6759252444168,2025-12-07 13:51:27.505303,2025-12-07 13:52:40.382255,0 days 00:01:12.876952,0.8813105533541274,1.1821730167100613,0.09997032802184518,8,10,3,625,1.8653180457270864,3.5983419966654684,1.8323772781219803,0.6012951037489773,1.3570410696848667,0.8985720437654591,COMPLETE
178,-0.6793664104929599,2025-12-07 13:51:27.573235,2025-12-07 13:52:35.422042,0 days 00:01:07.848807,0.880398174482847,1.127798636393018,0.09951412705700817,8,10,3,624,2.218224984817134,3.102816916255504,1.6914190783716099,0.7605139726170619,1.3672817160724742,0.8907647533677885,COMPLETE
179,-0.6733818111467116,2025-12-07 13:51:30.199305,2025-12-07 13:52:33.083899,0 days 00:01:02.884594,0.6697081716335287,1.1758516223032263,0.08132844077626729,8,10,4,609,2.2327870470228146,3.2510972716068327,1.8363841978673945,0.6182321038287159,1.1927668531264863,0.8798955013936888,COMPLETE
180,-0.6716919739528087,2025-12-07 13:51:34.001014,2025-12-07 13:52:26.857424,0 days 00:00:52.856410,0.6588558512726901,1.0742486965449953,0.08037888636440109,8,10,6,524,2.704495346638595,3.1448877344451915,1.8444500225637703,0.7676216161741112,1.3521622188106204,1.0336650019647189,COMPLETE
181,-0.658306437752774,2025-12-07 13:51:43.604560,2025-12-07 13:52:55.086595,0 days 00:01:11.482035,0.8543728144007061,1.1106932930665767,0.08169192923631918,8,10,6,644,3.021311925904716,3.1440956202879087,1.6887581715723479,0.6255505066233426,1.3529317819500466,1.9963185261525167,COMPLETE
182,-0.6743478100239534,2025-12-07 13:51:44.567560,2025-12-07 13:52:24.915999,0 days 00:00:40.348439,0.6122618757450465,0.7724294183184288,0.09947880167374833,8,10,6,418,2.1900892823774902,4.556674239127265,1.681899143783317,0.7577912945754053,1.2514434181822385,0.8253258129689379,COMPLETE
183,-0.6773808747939829,2025-12-07 13:51:53.111356,2025-12-07 13:53:09.021847,0 days 00:01:15.910491,0.8887789937108788,0.7048486247520285,0.09937512120428,8,10,4,665,2.0889021969988715,3.167073209579144,1.8447664843372071,0.6251849490302477,1.4870249066193244,0.8323932166266792,COMPLETE
184,-0.6761158957462327,2025-12-07 13:51:56.051697,2025-12-07 13:52:59.019275,0 days 00:01:02.967578,0.6180263193214484,1.100735517744879,0.0999142936488463,8,10,6,633,2.3000771768311674,4.643314100993395,1.6737901226239478,0.6249709321602614,1.355860030255061,0.8245384389935638,COMPLETE
185,-0.6777076504427084,2025-12-07 13:51:56.865529,2025-12-07 13:53:05.224546,0 days 00:01:08.359017,0.6173321471179284,0.7264816641787465,0.09700049794585658,8,10,4,637,2.2269214621350364,3.208509634549931,1.8411831305343989,0.7629087463371536,1.359628836616537,0.8152041877386265,COMPLETE
186,-0.6772352320938461,2025-12-07 13:52:04.184358,2025-12-07 13:53:09.212287,0 days 00:01:05.027929,0.6146539632259684,0.7296849241174752,0.0986365733118217,8,10,4,640,2.127222455362671,3.2259939021765125,1.8426426133982243,0.7586934681066874,1.3692865841149435,0.8294615661030406,COMPLETE
187,-0.6784412093021194,2025-12-07 13:52:04.642040,2025-12-07 13:53:11.394062,0 days 00:01:06.752022,0.6178694780014468,1.1002011498011313,0.07998429640652349,8,10,4,645,2.4166044170360395,4.563454933423425,1.837757892014236,0.7891776108462184,1.362008497463571,0.8275134152798603,COMPLETE
188,-0.6765103189379298,2025-12-07 13:52:07.343993,2025-12-07 13:53:11.713619,0 days 00:01:04.369626,0.6127590972393209,1.10211399566404,0.08136844654398054,8,10,5,653,2.1182295340951205,4.66898019903131,1.845440556225547,0.7592150040441853,1.3578540193663753,0.845681632849158,COMPLETE
189,-0.6679054352896973,2025-12-07 13:52:07.668517,2025-12-07 13:52:53.856653,0 days 00:00:46.188136,0.6150151832132276,1.1108085953959754,0.09694774192056878,8,10,3,659,2.0335957742973005,4.627640087509479,1.6656110992783293,0.7572859936274488,1.3481078954358272,0.8333542656811529,COMPLETE
190,-0.6781062353339044,2025-12-07 13:52:08.733781,2025-12-07 13:53:12.311753,0 days 00:01:03.577972,0.6669485086178868,1.1031705457902101,0.09763281331250089,8,10,3,632,2.107204708408361,4.595614760699557,1.8596596885467465,0.7853253485796651,1.3558753102241663,0.8173669767037133,COMPLETE
191,-0.6094725233264399,2025-12-07 13:52:10.817106,2025-12-07 13:52:17.223247,0 days 00:00:06.406141,0.6147151703722725,1.084562993959868,0.08120878150999628,8,10,10,605,1.9885058384666536,3.073640971823843,1.6613772838114578,0.7881133924527042,1.4947648770455881,0.8290454815506179,COMPLETE
192,-0.6793402940915688,2025-12-07 13:52:11.946742,2025-12-07 13:53:22.646802,0 days 00:01:10.700060,0.6224445237517469,1.0960601614563181,0.08169891245167865,8,10,3,665,2.0118547469115686,3.1895416112380897,1.8452659856667697,0.7717795930248879,1.4790311418404485,0.8348279847523261,COMPLETE
193,-0.6786376227098175,2025-12-07 13:52:13.426713,2025-12-07 13:53:18.633053,0 days 00:01:05.206340,0.6179953857962268,1.096108968080325,0.09893909146285453,8,10,3,655,2.1776399869115908,3.2076062029083707,1.649535063305574,0.770914193602655,1.3680469447627766,0.8348695404475733,COMPLETE
194,-0.6767418593129056,2025-12-07 13:52:13.831737,2025-12-07 13:53:18.021209,0 days 00:01:04.189472,0.6217360878649075,1.0534968084116805,0.09938333533002854,8,10,4,656,2.0918515902743433,3.1879304222210196,1.8401997763359668,0.7859644575352105,1.2680337714697894,0.8308472658457375,COMPLETE
195,-0.6774257273236376,2025-12-07 13:52:17.225976,2025-12-07 13:53:21.941214,0 days 00:01:04.715238,0.62063977773398,1.128135758375888,0.0988729888789481,8,10,4,635,2.1505534811683247,4.100814520284897,1.854278019741342,0.7641655164020086,1.3656407308361858,0.8730276396994192,COMPLETE
196,-0.6772779846760647,2025-12-07 13:52:18.441295,2025-12-07 13:53:24.659422,0 days 00:01:06.218127,0.621302584853017,1.119288792418885,0.0990813288517363,6,10,3,656,2.2308937669118447,4.139211524132793,1.8438706875702604,0.7696718612917955,1.2669403485160726,0.835892494223773,COMPLETE
197,-0.6765523570426283,2025-12-07 13:52:21.117609,2025-12-07 13:53:32.372243,0 days 00:01:11.254634,0.6190983194025019,0.7131564418905629,0.09892408114119704,6,10,3,666,2.0253688049490903,3.1981022726458805,1.854924305526093,0.7680283359808554,1.2741729673669568,0.8111128711246138,COMPLETE
198,-0.6788368010722797,2025-12-07 13:52:24.918943,2025-12-07 13:53:31.684813,0 days 00:01:06.765870,0.6170204799541289,1.1156803720357205,0.09952873263834802,8,10,3,673,2.1470752062400815,3.2427379072957483,1.8428926250494366,0.7670912651323925,1.3773889412337093,0.8310708849404099,COMPLETE
199,-0.6762844685162749,2025-12-07 13:52:25.303403,2025-12-07 13:53:32.846774,0 days 00:01:07.543371,0.6148082104436251,0.728169849944135,0.09962826526774061,8,10,3,656,2.126083845648871,4.657333144331603,1.8480810837866009,0.7678863162276768,1.2705078382576545,0.8367292448516687,COMPLETE
200,-0.6762977372420195,2025-12-07 13:52:25.588056,2025-12-07 13:53:30.924279,0 days 00:01:05.336223,0.6171546824843422,1.1248999099408585,0.0998429580493352,8,10,3,658,2.250006426274433,4.115239328229611,1.8482684905836004,0.7702387918793719,1.2701168899876856,0.8425560050444677,COMPLETE
201,-0.6782053555830873,2025-12-07 13:52:26.644879,2025-12-07 13:53:37.734517,0 days 00:01:11.089638,0.6160113216258479,0.7089093283457136,0.09837104590948324,8,10,3,657,2.276232616254854,4.086222510502598,1.860517658500025,0.7711610754014718,1.2813355650942861,0.8400733362294239,COMPLETE
202,-0.6507786924924303,2025-12-07 13:52:26.860353,2025-12-07 13:52:35.052019,0 days 00:00:08.191666,0.6143841086335644,1.112007919273539,0.09989984940648422,8,10,3,656,2.262565303699799,4.5001305940496605,1.661581953777517,0.7767723372075503,1.385732899190627,0.8313148799243631,COMPLETE
203,-0.67761090320258,2025-12-07 13:52:28.281168,2025-12-07 13:53:36.057757,0 days 00:01:07.776589,0.6099937597123901,0.6917214488530663,0.09654857110459647,8,10,3,647,2.213172459822643,4.146209742827134,1.6559877602783903,0.7756240947518577,1.2895971982675567,0.8308183011908468,COMPLETE
204,-0.6647080343406003,2025-12-07 13:52:33.086668,2025-12-07 13:52:59.727744,0 days 00:00:26.641076,0.6168003181153041,1.1180143752985028,0.09924483378625056,8,10,3,651,2.1338909979182774,4.133131824989408,1.6647666161917944,0.7758626449843895,1.384597770137745,0.8270539335963792,COMPLETE
205,-0.6763961761689034,2025-12-07 13:52:35.055061,2025-12-07 13:53:44.849842,0 days 00:01:09.794781,0.6201901731684095,0.6886012857899673,0.09964417181711133,8,10,3,647,1.8581534135288285,4.227446017366911,1.8742139920174372,0.7606869647265464,1.2766655423571476,0.8495665557903657,COMPLETE
206,-0.6172928898835747,2025-12-07 13:52:35.424654,2025-12-07 13:52:42.325598,0 days 00:00:06.900944,0.6236964314112683,1.1162877142287264,0.09925095303770529,6,10,3,655,2.0045710892144357,4.751580433909006,1.653703368153844,0.7613403552880345,1.4568956590093802,0.8488837984555173,COMPLETE
207,-0.6775683150298244,2025-12-07 13:52:40.385038,2025-12-07 13:53:58.001644,0 days 00:01:17.616606,0.8894595394008885,0.7018138050200913,0.09816931706414324,8,10,3,660,1.8739039509216318,4.9916951816472,1.886169958450637,0.7618146835707894,1.2906139293820387,0.8484049983239044,COMPLETE
208,-0.679370276611678,2025-12-07 13:52:42.336680,2025-12-07 13:53:58.048389,0 days 00:01:15.711709,0.8916336681004504,0.7724571384182829,0.0894616843813566,8,10,3,662,1.8333521248459674,4.046671967073604,1.8684438733013935,0.7690034077347228,1.2970140615047743,0.8222043094012698,COMPLETE
209,-0.6796982202269746,2025-12-07 13:52:53.859293,2025-12-07 13:54:05.628404,0 days 00:01:11.769111,0.6304987436611119,1.042733825871834,0.09012576322390807,6,10,3,697,1.855591293009745,4.894805214264435,1.8907101595787106,0.7701420902254679,1.2807878704471647,0.7294474350329652,COMPLETE
210,-0.6796483788962818,2025-12-07 13:52:55.089333,2025-12-07 13:54:14.833484,0 days 00:01:19.744151,0.8898449233896373,0.7027968085656678,0.08949089429104702,6,10,3,675,1.7736302011662846,4.261706850557743,1.8656495754496496,0.7855261608966309,1.286997381948253,0.8061673401017884,COMPLETE
211,-0.6795450411562337,2025-12-07 13:52:59.022109,2025-12-07 13:54:19.838647,0 days 00:01:20.816538,0.8925339659535921,0.7496632922375323,0.08972142260152326,8,10,3,700,1.8562051686864725,4.214373342540852,1.9223058859329438,0.7891040209951342,1.2891388762835208,0.7883592299275033,COMPLETE
212,-0.6805197902151489,2025-12-07 13:52:59.730416,2025-12-07 13:54:16.139902,0 days 00:01:16.409486,0.8905588782380872,0.7188872550001683,0.08960399492296788,8,10,3,671,1.8099764924836128,4.2357050545398,1.8667382617693684,0.7881796368042402,1.278883875373318,0.7930163696132075,COMPLETE
213,-0.6799200467668767,2025-12-07 13:53:05.227428,2025-12-07 13:54:17.087022,0 days 00:01:11.859594,0.6334916677678368,0.7029628326829408,0.08918245000492055,6,10,3,667,1.7781987522305742,4.925951475032511,1.8688658262327416,0.7687651732913164,1.29229055313362,0.7771346111949127,COMPLETE
214,-0.6807074750025656,2025-12-07 13:53:09.024478,2025-12-07 13:54:25.689147,0 days 00:01:16.664669,0.8959292339768092,0.71975014771587,0.08944881181839953,8,10,3,672,2.3563096353789796,4.290479749946662,1.8468639891801986,0.7698651311933322,1.2929570794814502,0.72265523463152,COMPLETE
215,-0.6483755854629532,2025-12-07 13:53:09.215211,2025-12-07 13:53:16.584958,0 days 00:00:07.369747,0.8953384124240362,0.7083068232819918,0.09006918744852542,8,10,3,673,1.7606972643134353,3.5278055092739047,1.883590944818988,0.7845903139367849,1.4028876776578783,0.7228877653401716,COMPLETE
216,-0.6797311470410571,2025-12-07 13:53:11.396602,2025-12-07 13:54:25.775118,0 days 00:01:14.378516,0.8943181190060305,0.7023349098427947,0.0884105359910328,8,10,4,677,1.695502848830122,4.945129825371357,1.8849535517118507,0.7866315387511891,1.295135115992269,0.7121336556739901,COMPLETE
217,-0.6793668151057938,2025-12-07 13:53:11.716352,2025-12-07 13:54:25.258874,0 days 00:01:13.542522,0.8865571066586138,0.6987883026623194,0.08980849240807007,8,10,4,669,1.8315322714486764,3.5397114507823937,1.8801991413534407,0.7899740697367548,1.2922057509620364,0.7948409439630115,COMPLETE
218,-0.680635954853531,2025-12-07 13:53:12.314407,2025-12-07 13:54:25.954331,0 days 00:01:13.639924,0.8903728050720214,0.692334015852903,0.08857123838425103,8,10,4,666,1.8465028601524696,4.967938030517178,1.8833016908357296,0.7869567086060039,1.288120751421912,0.711683010080423,COMPLETE
219,-0.6776279455754946,2025-12-07 13:53:16.587897,2025-12-07 13:54:22.193396,0 days 00:01:05.605499,0.6046636786029632,1.0523524287693184,0.08911871752684565,8,10,4,675,1.902637994902241,4.99567083160403,1.9136003197113765,0.8042287640293229,1.2965024778673662,0.7969291612640561,COMPLETE
220,-0.6781833812116916,2025-12-07 13:53:18.024155,2025-12-07 13:54:25.019774,0 days 00:01:06.995619,0.6059767198641277,1.050558010504615,0.08902054485139423,8,10,4,694,2.3720443493005625,4.97822248859047,1.9371517977014954,0.7950081996229115,1.293446573897722,0.7855458846968718,COMPLETE
221,-0.676774489748921,2025-12-07 13:53:18.636037,2025-12-07 13:54:27.333249,0 days 00:01:08.697212,0.6028166458661733,1.0239033377711653,0.0891509615485402,8,10,4,716,2.4036340516313204,4.783038849810535,1.945531188107384,0.7969404791929383,1.2881453520330632,0.7939184365090012,COMPLETE
222,-0.6779614887333635,2025-12-07 13:53:21.944165,2025-12-07 13:54:28.816276,0 days 00:01:06.872111,0.6063881366224311,0.9774260837880142,0.08981441504221907,8,10,4,685,2.381632747752535,4.8365025072909,1.885884788496352,0.8047940653629377,1.294010726433861,0.7846162853349052,COMPLETE
223,-0.6780336139965217,2025-12-07 13:53:22.650148,2025-12-07 13:54:29.350146,0 days 00:01:06.699998,0.6071225831011068,1.0409178340057172,0.0894401894344017,8,10,4,700,2.3169578441934906,3.260232074765107,1.9453711388225985,0.798644077252381,1.304848662351834,0.7923403067627296,COMPLETE
224,-0.6768737326502965,2025-12-07 13:53:24.662057,2025-12-07 13:54:32.436981,0 days 00:01:07.774924,0.6242887348200928,1.0621486105193019,0.08865586801953666,8,10,4,673,2.3353753087816154,3.2566122957842585,1.879500596062068,0.7954528619685906,1.2875963904224261,0.7906318406343267,COMPLETE
225,-0.677473985596959,2025-12-07 13:53:30.927694,2025-12-07 13:54:39.092492,0 days 00:01:08.164798,0.6065749042315968,1.0392968880350082,0.08865889879645147,8,10,4,710,2.34134404996897,3.0476386438393748,1.9452249871380451,0.791988517433238,1.2924936024565141,0.788452815328239,COMPLETE
226,-0.6786606165654846,2025-12-07 13:53:31.687543,2025-12-07 13:54:39.001186,0 days 00:01:07.313643,0.6053162075373301,1.0476027596686226,0.0900048185432516,8,10,4,705,2.3595678804371563,3.253436670927137,1.925295613571006,0.7972176008221488,1.2984929146741615,0.7929549390494295,COMPLETE
227,-0.6787649346884334,2025-12-07 13:53:32.375002,2025-12-07 13:54:39.966760,0 days 00:01:07.591758,0.6052623641560562,1.0046081842981027,0.08915630177610853,8,10,4,698,2.4252478223566234,3.022036799293672,1.8913863062192564,0.7974887570078255,1.3027976017272052,0.78546242856316,COMPLETE
228,-0.677301443544373,2025-12-07 13:53:32.849983,2025-12-07 13:54:41.754649,0 days 00:01:08.904666,0.6270735633376878,1.0240342792230435,0.08797592676697691,8,10,4,698,2.399628101471661,3.032482441060468,1.9456216713509729,0.7910944953292982,1.3016180706559386,0.7732483385330586,COMPLETE
229,-0.6775421781316487,2025-12-07 13:53:36.060669,2025-12-07 13:54:41.616498,0 days 00:01:05.555829,0.6056871593987766,1.0415094678355195,0.08895699095119948,8,10,4,688,2.3808945366842673,3.058420172952168,1.926867889621669,0.793354095055555,1.310721062383671,0.7790819979894456,COMPLETE
230,-0.6778948290248575,2025-12-07 13:53:37.737749,2025-12-07 13:54:49.780917,0 days 00:01:12.043168,0.6248661840246764,1.0503328257882873,0.0886799569202016,8,10,2,718,2.3456447040884782,4.213133413999713,1.9262096607571895,0.7924458350715612,1.3010324489848948,0.7842405904107916,COMPLETE
231,-0.6785771643988529,2025-12-07 13:53:44.852674,2025-12-07 13:54:51.450187,0 days 00:01:06.597513,0.6045183093151058,1.0552451601376729,0.08828202992971738,8,10,4,697,2.3761063125644823,2.9925420257331368,1.9042868240243676,0.7943523930616916,1.306591555067906,0.7801265817673699,COMPLETE
232,-0.6785365056414673,2025-12-07 13:53:58.004605,2025-12-07 13:55:04.549341,0 days 00:01:06.544736,0.6053047723256367,1.0509065496429257,0.08757327123749926,8,10,4,673,2.415656720373961,4.881956215238392,1.9378310736689894,0.794015849457825,1.305718441748105,0.7446731114813141,COMPLETE
233,-0.6713276908016725,2025-12-07 13:53:58.051035,2025-12-07 13:54:48.043600,0 days 00:00:49.992565,0.6058014268039587,0.9702600016217079,0.0889111369691895,8,10,2,687,2.3721664280173598,4.825675673804216,1.9420262482537696,0.7935157997846702,1.3990964692322398,0.7383721288327796,COMPLETE
234,-0.6789309173185748,2025-12-07 13:54:05.631407,2025-12-07 13:55:17.640919,0 days 00:01:12.009512,0.6027526599887653,1.040997654910833,0.08887884455486847,8,10,2,699,2.412086224562433,4.958986570437932,1.939652111093384,0.7805122516557694,1.3105074036410256,0.7397968315291894,COMPLETE
235,-0.6791416825073738,2025-12-07 13:54:14.836684,2025-12-07 13:55:33.468337,0 days 00:01:18.631653,0.8992458439639649,1.0416702364056922,0.08812964272106778,8,10,2,703,2.3623048417907415,4.997982144158141,1.941167760975014,0.7914369770709345,1.3080306262017145,0.7595810391058939,COMPLETE
236,-0.6796723128529484,2025-12-07 13:54:16.142950,2025-12-07 13:55:32.997583,0 days 00:01:16.854633,0.8878952942846356,1.0263275523947348,0.0889628368381768,8,10,2,705,1.5984171295302039,4.2301813586669175,1.947387489243344,0.7961280762472537,1.3016590394537075,0.7767671549841665,COMPLETE
237,-0.678111786962591,2025-12-07 13:54:17.090897,2025-12-07 13:55:26.476498,0 days 00:01:09.385601,0.6053035429656575,1.0469567976216496,0.0888051920558607,8,10,2,695,1.6082217241741688,4.964155884083531,1.9079454606878838,0.7894300885710809,1.3033613198559377,0.7411543579716096,COMPLETE
238,-0.6807434282223085,2025-12-07 13:54:19.842649,2025-12-07 13:55:35.820141,0 days 00:01:15.977492,0.8891972741891158,1.044740540413806,0.08823311452414578,8,10,2,699,1.5834007842823754,4.952749577354662,1.955365085677033,0.7935541044634138,1.3069126792018575,0.6789648968528226,COMPLETE
239,-0.6607058177784806,2025-12-07 13:54:22.196588,2025-12-07 13:54:50.765904,0 days 00:00:28.569316,0.6058824332211288,1.0456122407843196,0.08832439311362843,8,10,2,698,1.5820109895425736,4.950066068270908,1.9432142644883026,0.7973682632826732,1.3042387461085996,0.6801775994886066,COMPLETE
240,-0.6789204365366618,2025-12-07 13:54:25.022969,2025-12-07 13:55:33.506453,0 days 00:01:08.483484,0.609161323346545,1.0189333996818581,0.08840594445973791,8,10,3,701,1.6640932493547187,4.909915515102349,1.9365052074745954,0.7945874478820804,1.289050133243872,0.7423112970475902,COMPLETE
241,-0.6779460182748448,2025-12-07 13:54:25.262259,2025-12-07 13:55:33.766394,0 days 00:01:08.504135,0.6063263455389508,1.028624334908804,0.08940306377806854,8,10,2,697,1.4477259880647142,4.2717117614680555,1.9509019922445865,0.7980251409917114,1.3102210629718616,0.733296343223524,COMPLETE
242,-0.6773118409870782,2025-12-07 13:54:25.691989,2025-12-07 13:55:35.509187,0 days 00:01:09.817198,0.6058138147435125,0.9884248712551396,0.08760767935722341,8,10,2,696,1.7429705026506992,4.831344748855082,1.9443231420333815,0.8086783292577154,1.3079410090876056,0.7467916586618611,COMPLETE
243,-0.6803089491363733,2025-12-07 13:54:25.781817,2025-12-07 13:55:51.902736,0 days 00:01:26.120919,0.8974044541085274,0.6564675230716863,0.0888262383011916,8,10,2,701,1.658302924109551,4.8768990316783185,1.9649527961742934,0.7964211463328884,1.3100835601853538,0.7439618279374776,COMPLETE
244,-0.6810035806479572,2025-12-07 13:54:25.957160,2025-12-07 13:55:44.205447,0 days 00:01:18.248287,0.8987013731431708,1.0245332090512946,0.0889728134684665,8,10,2,703,1.6168842097292178,4.882993632398687,1.9457194011211343,0.7958800038109546,1.3120183586027296,0.7416141580854764,COMPLETE
245,-0.6794781570298806,2025-12-07 13:54:27.336093,2025-12-07 13:55:51.800368,0 days 00:01:24.464275,0.89743277104515,0.6489757974670405,0.08765953566429158,8,10,2,691,1.5852925132633406,4.892260061245464,1.9359373583257895,0.79046122043439,1.3141777125629832,0.6766493935547256,COMPLETE
246,-0.6531875388679432,2025-12-07 13:54:28.819088,2025-12-07 13:54:36.486441,0 days 00:00:07.667353,0.8940144479052801,0.9785126969880218,0.08785979080518085,8,10,2,697,1.6195337519398043,4.870810406164937,1.9386723609477365,0.7945815639150818,1.3190345433124546,0.6437197268277591,COMPLETE
247,-0.6803844008524599,2025-12-07 13:54:29.354015,2025-12-07 13:55:54.911439,0 days 00:01:25.557424,0.8924086928715401,0.655621027654568,0.08444144950152592,8,10,2,699,1.756964853812348,4.301223249281744,1.943299441595411,0.7923470242300061,1.312945922786908,0.677843715679376,COMPLETE
248,-0.6790994355446252,2025-12-07 13:54:32.440268,2025-12-07 13:55:59.247906,0 days 00:01:26.807638,0.8999313502290502,0.6435492560555376,0.08459494894385367,8,10,2,709,1.6183813496176684,4.896689538325468,1.9473968837907558,0.7911922223129408,1.3159322975605228,0.7321686765877088,COMPLETE
249,-0.680821614761275,2025-12-07 13:54:36.489693,2025-12-07 13:56:01.216579,0 days 00:01:24.726886,0.8994707604268778,0.6470548318963202,0.08395060284435059,8,10,2,699,1.7474174061975396,4.433034625387235,1.9214624493860075,0.779989017804094,1.3263582304291752,0.7133315030774309,COMPLETE
250,-0.6801040829730356,2025-12-07 13:54:39.004017,2025-12-07 13:56:04.612745,0 days 00:01:25.608728,0.8926945773926932,0.6413808337577304,0.08470792823772516,8,10,2,716,1.7212377598851343,4.957220764924056,1.9868576935275404,0.7822368950667692,1.314718696275797,0.7352135070828031,COMPLETE
251,-0.6794029722630149,2025-12-07 13:54:39.096159,2025-12-07 13:56:05.339680,0 days 00:01:26.243521,0.899681706136438,0.640765014884948,0.08361304314057441,8,10,2,731,1.4227792500872989,4.299720046178351,1.986141862373722,0.780663789801911,1.314858780252031,0.6875431689437982,COMPLETE
252,-0.6799504778029318,2025-12-07 13:54:39.969791,2025-12-07 13:56:03.293431,0 days 00:01:23.323640,0.8981032181517922,0.6398748580569776,0.08402324744540564,8,10,3,730,1.7381572066629525,4.309478805302067,1.973164054178708,0.7850795543887186,1.3236605739307903,0.7450077050382982,COMPLETE
253,-0.6788877266526128,2025-12-07 13:54:41.619558,2025-12-07 13:56:07.474253,0 days 00:01:25.854695,0.8991627630577594,0.6363847508079477,0.0845508816800718,8,10,2,729,1.432656650986874,4.329192604867213,1.8981661569878643,0.8197622096816671,1.317548873743552,0.7407542067703936,COMPLETE
254,-0.679704757503266,2025-12-07 13:54:41.757418,2025-12-07 13:56:08.671629,0 days 00:01:26.914211,0.8971946532301945,0.6430198490729004,0.0832665809588641,8,10,2,723,1.7366849964967312,4.9391515259523615,1.9886771320944907,0.7810483050678122,1.3053399052011352,0.6873703297487613,COMPLETE
255,-0.6790309437234421,2025-12-07 13:54:48.046881,2025-12-07 13:56:13.118068,0 days 00:01:25.071187,0.8872530514457858,0.6410450446127389,0.08497101795296952,8,10,3,732,1.417235421551486,4.964710380297419,1.9998034951550512,0.7814216484817812,1.3208209948817085,0.7386733377451634,COMPLETE
256,-0.6794661933300795,2025-12-07 13:54:49.783858,2025-12-07 13:56:12.840791,0 days 00:01:23.056933,0.8987427517053241,0.6465740764565959,0.08402994699978532,8,10,3,730,1.6788690428601312,4.938356912380238,1.9987458143479284,0.8198841743254732,1.3103798007513485,0.6828782318078163,COMPLETE
257,-0.6714277351010397,2025-12-07 13:54:50.769946,2025-12-07 13:55:46.593652,0 days 00:00:55.823706,0.8963158622732948,0.6546280103572317,0.08391249580473314,8,10,3,680,1.764381271507264,4.4349030150084205,1.901311061612456,0.7812784699080045,1.3186345469264653,0.6904227048830766,COMPLETE
258,-0.6710695041279182,2025-12-07 13:54:51.453528,2025-12-07 13:55:51.108447,0 days 00:00:59.654919,0.8990614654909928,0.6458943697389009,0.08432367347685878,8,10,3,733,1.7303762946000774,4.2662872557290585,1.903792737749481,0.781326683225196,1.3213907939517737,0.6906820869809781,COMPLETE
259,-0.6788374024555671,2025-12-07 13:55:04.556831,2025-12-07 13:56:26.958612,0 days 00:01:22.401781,0.8981079406938491,0.7601500637308242,0.08445462303977244,8,10,3,737,1.7197496448350638,4.346007140008649,1.9998555442194923,0.8219405135103565,1.3224376357359726,0.7440040048890505,COMPLETE
260,-0.6797303996887862,2025-12-07 13:55:17.644001,2025-12-07 13:56:41.143293,0 days 00:01:23.499292,0.8978535857070392,0.6470842520104529,0.08480258167937105,8,10,3,727,1.444117845423608,4.435343792495486,1.9754616361071984,0.8205280510137055,1.3233266012073028,0.6935366398519343,COMPLETE
261,-0.6797776022130849,2025-12-07 13:55:26.479287,2025-12-07 13:56:51.970412,0 days 00:01:25.491125,0.8976648140063239,0.6212773065736231,0.08361651003195938,8,10,3,733,1.7487044836797947,4.286038210804193,1.9984413057497687,0.7788773800699228,1.32268778297545,0.6818919117181685,COMPLETE
262,-0.6796947134055585,2025-12-07 13:55:33.000649,2025-12-07 13:56:56.101694,0 days 00:01:23.101045,0.8997494019420502,0.6456546496020196,0.08474039444826932,8,10,3,730,1.67958098967037,4.3071346215021205,1.9957441061194388,0.8201264907040829,1.3287279952407096,0.6861954677816067,COMPLETE
263,-0.6506200985507404,2025-12-07 13:55:33.471236,2025-12-07 13:55:41.085103,0 days 00:00:07.613867,0.8958565877054064,0.6289673046430442,0.08542849803720531,8,10,2,728,1.7335044954062857,4.294430995843344,1.9008981010963943,0.7807201595433958,1.3231960075646176,0.6839379238029875,COMPLETE
264,-0.6787437087331369,2025-12-07 13:55:33.511129,2025-12-07 13:57:06.821858,0 days 00:01:33.310729,0.8992609107539181,0.6349051153787526,0.08382383389099732,8,10,1,728,1.4433934164243143,4.891385080290078,1.980098472281416,0.7802195862979043,1.3204582698987404,0.7350018836998559,COMPLETE
265,-0.6799775212818009,2025-12-07 13:55:33.772184,2025-12-07 13:56:58.970310,0 days 00:01:25.198126,0.8887662270781788,0.6391143726115993,0.08348822852792291,8,10,3,736,1.7801300353007057,4.459207809323571,1.9838949041816123,0.7822095760359681,1.327366980214681,0.7512084113739104,COMPLETE
266,-0.678679591324736,2025-12-07 13:55:35.511782,2025-12-07 13:56:59.298509,0 days 00:01:23.786727,0.8999848989243295,0.6211479712786234,0.08480600271241619,8,10,3,725,1.379289275008835,4.88120957548775,1.9705622372577964,0.7809836610611144,1.328077848431182,0.7525063726766729,COMPLETE
267,-0.6804208896742966,2025-12-07 13:55:35.823558,2025-12-07 13:56:56.836699,0 days 00:01:21.013141,0.8999892885524159,0.6596056829782185,0.0834947178898244,8,10,3,716,1.4494547172831607,4.895538515090051,1.969591657338978,0.8229483987859519,1.3248294133454181,0.6795968385884487,COMPLETE
268,-0.6796409923022346,2025-12-07 13:55:41.091246,2025-12-07 13:57:06.032191,0 days 00:01:24.940945,0.8875002158760231,0.9400824449603966,0.08323972656358454,8,10,1,725,1.3724013313593206,4.883136208097855,1.9743994407196932,0.7806626436674378,1.256899184080744,0.6375092830910996,COMPLETE
269,-0.6806354871359744,2025-12-07 13:55:44.208286,2025-12-07 13:57:02.155559,0 days 00:01:17.947273,0.8988630834511401,0.9291972210003461,0.08433242063894045,8,10,3,722,1.3895428473244253,4.887804019549412,1.9766605979825889,0.8178936168451796,1.326259825143063,0.7074658121108561,COMPLETE
270,-0.6797593496690238,2025-12-07 13:55:46.596543,2025-12-07 13:57:09.135125,0 days 00:01:22.538582,0.887452309181171,0.9620288024620693,0.08405173129499058,8,10,1,721,1.3192319266675752,4.899099931234746,1.9746473455097184,0.8040918409062945,1.2598726596326035,0.6418581877197611,COMPLETE
271,-0.6802214508822813,2025-12-07 13:55:51.111294,2025-12-07 13:57:13.911577,0 days 00:01:22.800283,0.888084194186011,0.9268062337032353,0.0832239242733427,8,10,2,714,1.399528033937294,4.896362403077889,1.9811315236223501,0.8051795632625798,1.2580989862207317,0.7197779297643749,COMPLETE
272,-0.6799690745713719,2025-12-07 13:55:51.803470,2025-12-07 13:57:19.185523,0 days 00:01:27.382053,0.8873449513385935,0.761839336575592,0.08264410777197741,8,10,2,729,1.5425006751302726,4.735400226130154,1.9946316769622128,0.803146064470911,1.2595447097794812,0.6532924074873883,COMPLETE
273,-0.6811329301043445,2025-12-07 13:55:51.905503,2025-12-07 13:57:19.662021,0 days 00:01:27.756518,0.8883251245299327,0.5986524954775316,0.08345393945577445,8,10,2,726,1.4298929051907123,4.762269385592627,1.970783644553568,0.8057587687654553,1.2539859988585937,0.6406570427444306,COMPLETE
274,-0.6624084582361841,2025-12-07 13:55:54.914215,2025-12-07 13:56:29.035567,0 days 00:00:34.121352,0.8869009506233815,0.5464795759396031,0.08536607401973137,8,10,2,712,1.4730532649880574,4.888669477423794,1.9864174352955948,0.8047185097985792,1.2632492950420475,0.632311330827054,COMPLETE
275,-0.6482304218513582,2025-12-07 13:55:59.250853,2025-12-07 13:56:06.656829,0 days 00:00:07.405976,0.8891908418013702,0.7655869272922735,0.08370258395076503,8,10,1,732,1.4306209626380935,4.745204353486371,1.98041143055371,0.8227019194079318,1.2536824828094961,0.6101743312305126,COMPLETE
276,-0.679261110144655,2025-12-07 13:56:01.219165,2025-12-07 13:57:32.173986,0 days 00:01:30.954821,0.888451184151297,0.5970303292841849,0.08321787274317198,9,10,1,728,1.4112805129995758,4.7334109951818295,1.9987919199370274,0.8043760481025444,1.256239043489884,0.6464614991807669,COMPLETE
277,-0.678493545441719,2025-12-07 13:56:03.296339,2025-12-07 13:57:34.225066,0 days 00:01:30.928727,0.8875601818586839,0.5827621651027697,0.08339373945567634,9,10,1,731,1.3805480079843018,4.725974827300859,1.9810495011348168,0.8034368218249315,1.2511130715725653,0.6321886094402585,COMPLETE
278,-0.679805054873286,2025-12-07 13:56:04.616517,2025-12-07 13:57:36.099429,0 days 00:01:31.482912,0.8877724323218368,0.5253798131923278,0.08126648662760949,9,10,1,730,1.4390777497520004,4.74848163427035,1.9956753982613584,0.7801206494078543,1.255586481372672,0.6280032565839908,COMPLETE
279,-0.6803025435849076,2025-12-07 13:56:05.343110,2025-12-07 13:57:35.914910,0 days 00:01:30.571800,0.8885350870120511,0.5440807932698111,0.0841196178048557,9,10,1,733,1.4174200555972927,4.3732427575318,1.9937459855406632,0.803105628004592,1.2488321498719526,0.6374452379353613,COMPLETE
280,-0.678700895494364,2025-12-07 13:56:06.660596,2025-12-07 13:57:33.486893,0 days 00:01:26.826297,0.88713098618678,0.605368266308221,0.08387367154387312,9,10,2,748,1.3669488950239297,4.473926517407135,1.9972640961617432,0.804225662544187,1.2536479820797095,0.6507771533380745,COMPLETE
281,-0.6796013011500929,2025-12-07 13:56:07.479472,2025-12-07 13:57:32.601574,0 days 00:01:25.122102,0.8875502448005609,0.5836751881854108,0.0822841581724632,9,10,2,717,1.5206094999211621,4.74344831966654,1.9906374824777833,0.7847952399222746,1.251518439442718,0.6424417360403599,COMPLETE
282,-0.6634165979108514,2025-12-07 13:56:08.674970,2025-12-07 13:56:43.140748,0 days 00:00:34.465778,0.8880122332387356,0.6650247530160986,0.08252574091020372,9,10,2,741,1.5162861619452137,4.446974359634672,1.995079159464917,0.7838918742151384,1.255929316429149,0.623414091133815,COMPLETE
283,-0.6796981382075895,2025-12-07 13:56:12.844189,2025-12-07 13:57:39.857746,0 days 00:01:27.013557,0.8863406665230272,0.5485960697251688,0.08196721513547658,9,10,2,746,1.2880993206878932,4.426651781055439,1.9965933468176156,0.7787885457427848,1.258281644222309,0.6495996141612465,COMPLETE
284,-0.6799710939344754,2025-12-07 13:56:13.120704,2025-12-07 13:57:43.236980,0 days 00:01:30.116276,0.8908108296557438,0.5848618268244091,0.0821397328744528,9,10,1,719,1.248400071179372,4.780630221041041,1.9882292939548756,0.7738766109568991,1.256890454218908,0.6360969743120131,COMPLETE
285,-0.6805257764849126,2025-12-07 13:56:26.961650,2025-12-07 13:57:54.020547,0 days 00:01:27.058897,0.8902749008872037,0.5717482400198541,0.081453178562695,9,10,1,721,1.803785104196573,4.701559696938395,1.9761409387718238,0.774148763641379,1.239385908971074,0.6570984860417096,COMPLETE
286,-0.6813703928502313,2025-12-07 13:56:29.038483,2025-12-07 13:57:58.011714,0 days 00:01:28.973231,0.8910175231441388,0.5981168759445807,0.0808286185127314,9,10,1,747,1.8236082200024781,4.427694331044781,1.9719008678361454,0.7764916557900375,1.2191879773140097,0.6556092554952881,COMPLETE
287,-0.681062705216316,2025-12-07 13:56:41.148057,2025-12-07 13:57:59.724288,0 days 00:01:18.576231,0.8915825347993244,0.554658720469479,0.08345618311824145,9,10,2,720,1.537628544426491,4.731480792400052,1.978944034638569,0.83482507482099,1.2219036198273567,0.7010408316383636,COMPLETE
288,-0.6815166102564302,2025-12-07 13:56:43.143374,2025-12-07 13:58:06.504877,0 days 00:01:23.361503,0.8921463222108534,0.51034800732746,0.08036849497069946,9,10,1,721,1.2841403056865406,4.747848075982924,1.9718342745759374,0.815377861751656,1.2207088613588035,0.7070882657899088,COMPLETE
289,-0.6812406801077279,2025-12-07 13:56:51.973461,2025-12-07 13:58:13.068425,0 days 00:01:21.094964,0.89171896150022,0.5941722096623222,0.08030040604346915,9,10,1,718,1.3007679179121518,4.754446055918663,1.9709716587001564,0.8318871208559844,1.2274410751125155,0.6599623979717253,COMPLETE
290,-0.67985490592722,2025-12-07 13:56:56.104615,2025-12-07 13:58:12.136643,0 days 00:01:16.032028,0.8923267129820925,0.5861843002681513,0.08020665616448562,9,10,2,721,1.2647682462326317,4.743366365272654,1.978192065322763,0.827265618920654,1.2183476738728638,0.6677051227130513,COMPLETE
291,-0.6803037028209037,2025-12-07 13:56:56.839859,2025-12-07 13:58:21.136474,0 days 00:01:24.296615,0.8924505562276691,0.5864749899769823,0.028885072962240455,9,10,1,748,1.3598350597629838,4.427602639169032,1.972316113971805,0.8322619918951313,1.223504604414214,0.6674033186401116,COMPLETE
292,-0.6809756251550851,2025-12-07 13:56:58.972974,2025-12-07 13:58:20.342561,0 days 00:01:21.369587,0.8917012458361646,0.566847490566413,0.07969630249886475,9,10,1,748,1.1985221150702032,4.782498645681578,1.9931429551504514,0.8276536343432251,1.216476185365829,0.6999369261269879,COMPLETE
293,-0.6791018842110926,2025-12-07 13:56:59.303235,2025-12-07 13:58:19.228542,0 days 00:01:19.925307,0.8908748386939764,0.5472738214726351,0.07947727453798568,9,10,1,721,1.2810139914680758,4.452975182437774,1.9720025636002891,0.817047824679991,1.2223734538963864,0.6706475889638569,COMPLETE
294,-0.6807939803608128,2025-12-07 13:57:02.158109,2025-12-07 13:58:19.878284,0 days 00:01:17.720175,0.8906530790197636,0.5847819823055455,0.07996091878919982,9,10,1,720,1.2763853578237632,4.73502536831063,1.9692648142325218,0.8289375926136007,1.2245573541196424,0.7045379903446809,COMPLETE
295,-0.6794820278265522,2025-12-07 13:57:06.039545,2025-12-07 13:58:21.509526,0 days 00:01:15.469981,0.8918972862975079,0.5825667940132563,0.07887816555282509,9,10,2,746,1.2639740549815106,4.745551235365491,1.9695016754868175,0.8262983624506683,1.2213407735184345,0.6534974120475028,COMPLETE
296,-0.6788833477052668,2025-12-07 13:57:06.824534,2025-12-07 13:58:26.830693,0 days 00:01:20.006159,0.8925118439165901,0.5569627394065625,0.08135137947037949,9,10,1,750,1.5361101413782037,4.762893178739945,1.9700387851161978,0.832881197617556,1.2198244433234293,0.711503191372906,COMPLETE
297,-0.6139782473856776,2025-12-07 13:57:09.137941,2025-12-07 13:57:13.358421,0 days 00:00:04.220480,0.8904475422594855,0.5791138008055632,0.07869505800064568,9,6,1,745,1.3488377229643576,4.740966803316604,1.9662422086867055,0.8128837479072248,1.2519611365605985,0.5622865095788206,COMPLETE
298,-0.6806076895361389,2025-12-07 13:57:13.360914,2025-12-07 13:58:29.096253,0 days 00:01:15.735339,0.8836345911681214,0.5015057699888713,0.08013320164065356,9,10,1,717,1.293241328594314,4.4581974450357125,1.9695317353106525,0.830022552518732,1.2160366554818158,0.6444967070965913,COMPLETE
299,-0.6804377507742417,2025-12-07 13:57:13.919469,2025-12-07 13:58:29.139114,0 days 00:01:15.219645,0.8837008617313196,0.5832775225794372,0.0798950435656409,9,10,1,719,1.3346297030133438,4.709868810400924,1.9735360029627764,0.8128124048786506,1.2027384850468859,0.648529133105361,COMPLETE
