number,value,datetime_start,datetime_complete,duration,params_colsample_bytree,params_gamma,params_learning_rate,params_max_depth,params_min_child_weight,params_n_estimators,params_reg_alpha,params_reg_lambda,params_subsample,params_weight_class_0,params_weight_class_1,params_weight_class_2,state
0,-0.2669388026461548,2025-12-03 23:08:19.883942,2025-12-03 23:08:28.256380,0 days 00:00:08.372438,0.5198653710214872,3.6671536816946384,0.010588585549279427,10,1,85,2.6026281619533274,3.182461416315381,0.6261899798074876,2.613264376347659,0.35706671109374294,1.4898035949694326,COMPLETE
1,-0.10295395308427453,2025-12-03 23:08:19.890879,2025-12-03 23:08:27.811796,0 days 00:00:07.920917,0.5081377453170485,1.6028889280894076,0.07039808278719609,4,5,470,7.899863400311677,9.347736965351366,0.5194477319566095,3.9252879961464844,0.39636246502791017,1.905540116169445,COMPLETE
2,-0.3508804625916852,2025-12-03 23:08:19.922692,2025-12-03 23:08:25.177803,0 days 00:00:05.255111,0.5525445406507679,0.1070243540182958,0.10460047483115842,6,6,67,3.3793315560930437,9.333142605818042,0.5281020777385057,2.8923771141457193,0.4844334345935035,2.164538100795411,COMPLETE
3,-0.3984284863412091,2025-12-03 23:08:19.944710,2025-12-03 23:08:32.889479,0 days 00:00:12.944769,0.9164635522378329,2.5856614294251035,0.1876067723893698,7,9,303,9.829926644124884,0.7488086332222732,0.8280714222246686,3.1033586531376045,0.4655373406563842,1.4185036124377344,COMPLETE
4,-0.10295395308427453,2025-12-03 23:08:19.980004,2025-12-03 23:08:27.026033,0 days 00:00:07.046029,0.8686781109280988,4.310801950564493,0.022377723138350597,3,8,724,8.125857257842137,6.627612615979452,0.7347369813667042,4.382342038939091,0.5930874530776229,1.4308970416008393,COMPLETE
5,-0.10295395308427453,2025-12-03 23:08:20.027828,2025-12-03 23:08:27.556787,0 days 00:00:07.528959,0.7519608283267071,1.031393536435421,0.02481672279799747,4,10,479,0.9020294105834181,3.5486356048644865,0.8437294379496607,3.5895722278647835,0.3256071943009735,1.9795151876498485,COMPLETE
6,-0.4423348630138218,2025-12-03 23:08:20.055507,2025-12-03 23:08:25.949186,0 days 00:00:05.893679,0.954529949472301,2.2845201317548884,0.13793083073751872,8,6,65,8.246953726647666,4.804419245439581,0.8950516306688735,2.518813016915947,0.5833994316169673,1.8809944623286217,COMPLETE
7,-0.10295395308427453,2025-12-03 23:08:20.067902,2025-12-03 23:08:28.686527,0 days 00:00:08.618625,0.5314758708179993,4.581402519089691,0.016889773687686634,7,9,118,4.786636974955686,3.427421025497961,0.6875124310241023,4.48198656944978,0.42795446982434804,2.0161452244975715,COMPLETE
8,-0.3577442021582766,2025-12-03 23:08:20.113004,2025-12-03 23:08:39.194716,0 days 00:00:19.081712,0.5275973578742843,3.451783360909004,0.4219400874876162,9,4,602,7.138957336522158,2.676923334138983,0.8599134527017753,4.12299831703323,0.4845128248763375,2.3274063108952547,COMPLETE
9,-0.4399327254505034,2025-12-03 23:08:20.142145,2025-12-03 23:09:03.226103,0 days 00:00:43.083958,0.9001821287224181,1.5700325280604188,0.05163430507541022,10,2,563,5.320479783250766,5.286996237987617,0.9186202922832878,2.4936592244036255,0.556373217562392,2.3438787202538753,COMPLETE
10,-0.3107449220046213,2025-12-03 23:08:20.159670,2025-12-03 23:08:38.545290,0 days 00:00:18.385620,0.8817744018294258,2.2121063813146686,0.013455681445372493,10,7,149,9.760758009479265,5.97220738206194,0.7005113395375901,3.872248061166329,0.5757107793372327,2.8696501017137894,COMPLETE
11,-0.2828153306809627,2025-12-03 23:08:20.199335,2025-12-03 23:08:27.196754,0 days 00:00:06.997419,0.9399040239449875,0.8314171381899599,0.07398762416363233,3,6,580,3.126562303429914,8.491050565601336,0.6188979142999917,4.0541875488636325,0.35717568678879,2.8326233897092044,COMPLETE
12,-0.40645166649940334,2025-12-03 23:08:20.210934,2025-12-03 23:08:44.893413,0 days 00:00:24.682479,0.8579658374140517,3.0085040560447713,0.4460630115511122,4,9,564,6.310856919322446,9.26982453195311,0.5509151480358352,4.411016370900631,0.6128044303628442,2.0758486035665853,COMPLETE
13,-0.10295395308427453,2025-12-03 23:08:20.254227,2025-12-03 23:08:38.439606,0 days 00:00:18.185379,0.8632776113525273,1.358348778693046,0.018535773596703768,10,6,174,8.77077892797791,2.8122373753512973,0.5002972628392494,4.514906265549612,0.40396895247201126,1.673026263839208,COMPLETE
14,-0.1466744137898793,2025-12-03 23:08:20.271441,2025-12-03 23:08:27.776572,0 days 00:00:07.505131,0.8465016525098431,1.0314717947820717,0.042383673036194454,4,6,238,4.588140629921407,6.782163341149593,0.8981953817574813,3.0447626780247514,0.39588586362032957,2.557270659944504,COMPLETE
15,-0.4089124942484476,2025-12-03 23:08:20.283433,2025-12-03 23:08:49.377462,0 days 00:00:29.094029,0.735639872195252,4.830845014525566,0.11091106276602837,7,7,725,6.705179970026243,7.606708347482993,0.5318629518145943,3.0919063167552525,0.5776432502492699,2.0798521857375563,COMPLETE
16,-0.4232507584780458,2025-12-03 23:08:20.315593,2025-12-03 23:08:37.090305,0 days 00:00:16.774712,0.6400463394399052,2.754082973816006,0.3165190710255734,10,1,487,2.2056362107578185,4.457406572439476,0.842001173186812,2.1401537950689433,0.4586168752464469,1.7894135410376322,COMPLETE
17,-0.2532727684256506,2025-12-03 23:08:20.349107,2025-12-03 23:08:29.528656,0 days 00:00:09.179549,0.8020682198254074,2.6141822295823274,0.16636587247997747,6,1,668,7.391391466998342,0.8399383445361819,0.6165314273033524,4.127460387992521,0.47858191784988613,2.4009952461171293,COMPLETE
18,-0.25891820021146467,2025-12-03 23:08:20.440769,2025-12-03 23:08:30.350714,0 days 00:00:09.909945,0.8899943417835121,1.9418244773980298,0.13996449497824145,8,6,299,2.2110117331598325,1.8006124776407528,0.9789039891961735,2.6591530038552387,0.33590665801932396,2.4702071432603905,COMPLETE
19,-0.27263237001787105,2025-12-03 23:08:20.470938,2025-12-03 23:08:27.253040,0 days 00:00:06.782102,0.776030843052845,2.816963512113043,0.35604883593623393,4,1,304,0.8975751371354268,9.50534006720833,0.7864727567098397,3.319243915547159,0.49864692758565343,2.69500996037407,COMPLETE
20,-0.2941535180302111,2025-12-03 23:08:20.488530,2025-12-03 23:08:29.969616,0 days 00:00:09.481086,0.9552849531059324,3.13117470800685,0.18386409166273582,8,4,228,2.5901250586694866,7.163565202646243,0.612154696955646,2.90260356843317,0.3638711164753495,1.7619658598488015,COMPLETE
21,-0.40975353318618274,2025-12-03 23:08:20.537001,2025-12-03 23:08:55.850285,0 days 00:00:35.313284,0.6210872029008635,2.3442496638554253,0.012945142450021067,9,8,387,6.321324713181457,9.918785342497573,0.7130318279793793,2.493915697521305,0.5513489061079748,1.8582203834163802,COMPLETE
22,-0.41864725297469035,2025-12-03 23:08:20.549168,2025-12-03 23:08:37.194809,0 days 00:00:16.645641,0.9077771786978126,1.4694237067922473,0.022002930855571926,5,5,303,5.601917854598985,0.07165069698034432,0.827071336527476,2.1161595859802365,0.4949736121139426,1.4919519271167891,COMPLETE
23,-0.48657428601214264,2025-12-03 23:08:20.583913,2025-12-03 23:08:45.229296,0 days 00:00:24.645383,0.848160574403237,2.6336058450633,0.11484548991760775,5,7,562,7.55964711633157,1.5479273244099445,0.5490091656364576,1.8594651395227197,0.5818299728785739,1.5864569375569069,COMPLETE
24,-0.10295395308427453,2025-12-03 23:08:25.178775,2025-12-03 23:08:33.589529,0 days 00:00:08.410754,0.8777948079609929,1.1158080169389584,0.05711126535077617,5,4,738,0.5112996418325255,7.899010689513986,0.8780128289083771,4.360303710718402,0.48327680348064217,2.195724264943274,COMPLETE
25,-0.10295395308427453,2025-12-03 23:08:25.950188,2025-12-03 23:08:35.696090,0 days 00:00:09.745902,0.8662654305140214,0.2908499295928402,0.02555389069874433,6,7,681,1.3717440051560736,2.7467420753664697,0.57785461459923,4.524209944477535,0.3336051712116122,1.9439259295488922,COMPLETE
26,-0.26908057637956123,2025-12-03 23:08:27.027308,2025-12-03 23:08:40.949247,0 days 00:00:13.921939,0.8481375373577009,3.8501533149578377,0.016042558626396287,9,7,139,1.4174811546543997,0.4313960466815958,0.7226294417241067,3.519795469026593,0.4261796577802265,1.393018904298537,COMPLETE
27,-0.38002796004586187,2025-12-03 23:08:27.202223,2025-12-03 23:08:53.797172,0 days 00:00:26.594949,0.7357615464168136,2.563833861465304,0.40707654658455594,4,7,649,4.164990629282681,6.2469706141981085,0.5943368916971341,4.202097363074958,0.49013393085172985,1.9054711273580256,COMPLETE
28,-0.24198643494342467,2025-12-03 23:08:27.254016,2025-12-03 23:08:37.386506,0 days 00:00:10.132490,0.9237456846354142,2.804181111456618,0.03591615780588962,6,8,303,7.103024571871953,4.619585640815179,0.6652966799604294,4.435939251326316,0.5208343106483382,2.4069373929808737,COMPLETE
29,-0.40438382605397916,2025-12-03 23:08:27.557704,2025-12-03 23:09:03.572297,0 days 00:00:36.014593,0.7273861075509154,1.9851220129340437,0.060275468671039355,10,6,493,9.707618041799385,3.8957499978381205,0.8652692862528238,3.2829677623176687,0.578121349044308,2.762001251703758,COMPLETE
30,-0.34389988528129595,2025-12-03 23:08:27.777630,2025-12-03 23:08:46.606245,0 days 00:00:18.828615,0.919384890345524,7.184017044359337e-05,0.013132392517279571,6,1,293,2.117292068433132,3.3810580447598007,0.8527733083294395,3.5424504280519793,0.5810629584888314,1.8957714683906004,COMPLETE
31,-0.37657589612578074,2025-12-03 23:08:27.812766,2025-12-03 23:08:33.532304,0 days 00:00:05.719538,0.7705300672847626,3.614689575845026,0.053534921271578606,5,2,92,1.3368006632115725,7.653390536470268,0.6325319756187902,2.183265397675109,0.5989966637241537,2.2782825186939126,COMPLETE
32,-0.1466744137898793,2025-12-03 23:08:28.257297,2025-12-03 23:08:38.032269,0 days 00:00:09.774972,0.8232318823065028,2.489017876601311,0.01150397465220142,6,5,299,1.81353663947037,0.5769037699013213,0.7676628035507818,3.430146346719905,0.4345839585415764,2.6553843495277274,COMPLETE
33,-0.5130458213763713,2025-12-03 23:08:28.687448,2025-12-03 23:08:37.329543,0 days 00:00:08.642095,0.9879752597492144,2.516160981513359,0.2645359992654519,10,3,229,9.979981670998427,0.039879481405785455,0.9919586584990249,1.9320813791031957,0.6088592064253909,1.2209638686547306,COMPLETE
34,-0.47041108568933393,2025-12-03 23:08:29.529601,2025-12-03 23:08:48.541400,0 days 00:00:19.011799,0.642075268813726,0.20574329249194245,0.1685100043330842,8,4,223,9.735666795925214,5.818746763417549,0.9565022993988026,1.8706022027983662,0.5808633624610748,2.28219738904561,COMPLETE
35,-0.4306635394307823,2025-12-03 23:08:29.971947,2025-12-03 23:08:37.006933,0 days 00:00:07.034986,0.6477116908187661,0.01654253881856338,0.13028613323688515,9,7,64,9.321616080196854,4.888163053849717,0.9986388670926456,1.8246928337008872,0.562537341678046,2.3060200797349513,COMPLETE
36,-0.4357930096877098,2025-12-03 23:08:30.351757,2025-12-03 23:08:34.624230,0 days 00:00:04.272473,0.6562444251528133,0.010712258651180362,0.29255646627220816,6,4,56,6.28966220663113,5.344140362276826,0.5068007769764371,1.9508862782701264,0.5523546616185022,2.209464026487584,COMPLETE
37,-0.5027729575890135,2025-12-03 23:08:32.892666,2025-12-03 23:08:39.647075,0 days 00:00:06.754409,0.9965377353364027,2.1548366843828277,0.47602963020242295,10,8,172,9.94768717903174,0.08198093969222864,0.9201655392877829,1.888161330734694,0.5657943533926456,1.2841088209639602,COMPLETE
38,-0.4717451764963494,2025-12-03 23:08:33.535686,2025-12-03 23:08:45.921265,0 days 00:00:12.385579,0.6633581201542221,1.9541783029473865,0.4894021829906223,10,8,385,9.985874290088585,5.041052445482436,0.932243662536186,1.942054477373877,0.54472520907206,1.625607835064966,COMPLETE
39,-0.48854860155216767,2025-12-03 23:08:33.604878,2025-12-03 23:08:41.120282,0 days 00:00:07.515404,0.6566838457088601,2.154243181683407,0.343450296627687,10,8,182,9.965060500703782,5.219425426379572,0.9864211298955453,1.9444038902582206,0.5394313775486035,1.2538177202856915,COMPLETE
40,-0.5110525706739559,2025-12-03 23:08:34.627101,2025-12-03 23:08:52.801240,0 days 00:00:18.174139,0.6808355597528468,0.20737062272612963,0.48974422868741735,10,3,176,6.505561521949647,5.283943410811498,0.9547543053706974,1.8225214204968863,0.5510020277776296,1.71125814197605,COMPLETE
41,-0.4749654364735834,2025-12-03 23:08:35.699302,2025-12-03 23:08:42.782269,0 days 00:00:07.082967,0.6570405915771671,1.8973327362213297,0.4458103939347174,10,3,183,6.310821822569697,4.724932842973261,0.9852494920002904,1.859758621379111,0.5514538847286338,1.6363802780883305,COMPLETE
42,-0.45753248845015876,2025-12-03 23:08:37.009790,2025-12-03 23:08:44.790324,0 days 00:00:07.780534,0.688528716366684,1.8988965326698466,0.3470533861327856,8,3,175,6.399560857227925,5.691983696851267,0.9367381094562768,2.188312948406435,0.5411707135014294,1.6773471587400568,COMPLETE
43,-0.45400257810701694,2025-12-03 23:08:37.093438,2025-12-03 23:08:45.116483,0 days 00:00:08.023045,0.9945945666213005,1.8576898578356242,0.2650996485911388,8,3,165,6.587539649467706,5.668694761019006,0.9375404963155328,2.3068625237717817,0.5307490878188266,1.644984689964669,COMPLETE
44,-0.46759287984258074,2025-12-03 23:08:37.197434,2025-12-03 23:08:47.787904,0 days 00:00:10.590470,0.668679590452418,0.5276649667653432,0.4999723511302779,9,3,162,9.654911880827669,5.473143882691152,0.9571291089210999,1.9845553271050913,0.5506228038782873,2.2628247846102587,COMPLETE
45,-0.467726836500558,2025-12-03 23:08:37.332303,2025-12-03 23:08:44.192462,0 days 00:00:06.860159,0.6781242692663807,2.056127644596959,0.4651664627142418,9,3,168,6.557816108500165,5.837357649917086,0.9374095347526196,2.3961163760742297,0.5356020489226295,1.2417049915008918,COMPLETE
46,-0.47893546796562775,2025-12-03 23:08:37.388907,2025-12-03 23:08:44.061705,0 days 00:00:06.672798,0.9789561207471059,2.071257092900998,0.47843277652865274,9,3,164,6.18023554443972,5.7372425356465575,0.9349098896030661,1.8461334263047795,0.5564933072860032,1.6436279381375734,COMPLETE
47,-0.502341043452675,2025-12-03 23:08:38.035287,2025-12-03 23:08:44.274764,0 days 00:00:06.239477,0.9820488843633399,2.0603880153289045,0.4634432325337624,9,3,159,8.787202323361125,5.7604746990654405,0.9450032611806176,1.8578997212577475,0.5583438893835522,1.200245677138014,COMPLETE
48,-0.5065109763044512,2025-12-03 23:08:38.442443,2025-12-03 23:08:46.833875,0 days 00:00:08.391432,0.9897790814660368,1.7881992083775937,0.26443956983778827,9,3,179,6.377832716382741,6.088284372854046,0.9429121218142397,1.899005414263644,0.561373426639557,1.2040354518552938,COMPLETE
49,-0.4873815383388142,2025-12-03 23:08:38.548057,2025-12-03 23:08:52.720656,0 days 00:00:14.172599,0.691707785034468,0.5538519576616447,0.2581326528530432,9,3,211,6.275641630380044,6.037215833837423,0.9566507641579723,1.8743787631108968,0.5439745435689728,1.722240991454467,COMPLETE
50,-0.5170857944076798,2025-12-03 23:08:39.197511,2025-12-03 23:08:47.625541,0 days 00:00:08.428030,0.9989911483806772,2.0575801808034804,0.26103168352841954,8,3,195,6.436334435351311,5.476651276880708,0.9334005197303361,1.8450407537152962,0.6191993202200684,1.2722400143878794,COMPLETE
51,-0.499431502802724,2025-12-03 23:08:39.649741,2025-12-03 23:08:47.319583,0 days 00:00:07.669842,0.9978717543477639,1.9326752774051217,0.4912260722378833,9,3,205,8.922926272280499,1.739137733749563,0.9323974312881809,2.370447413686033,0.6222854175777597,1.189721984255319,COMPLETE
52,-0.4928207194139926,2025-12-03 23:08:40.952276,2025-12-03 23:08:50.211259,0 days 00:00:09.258983,0.9975997098860623,1.9759966409217185,0.23425021294482565,8,3,207,8.561236333996836,1.928373931769674,0.9293761227674426,2.488763921604543,0.6217266418583312,1.2651981459511297,COMPLETE
53,-0.49864986408057055,2025-12-03 23:08:41.122992,2025-12-03 23:08:48.886475,0 days 00:00:07.763483,0.9914358646770356,1.908247839076725,0.49368576284659,9,3,211,8.92933120516235,5.768875875515292,0.9638312809178005,2.3796245178954205,0.6202398426004119,1.1891008984712375,COMPLETE
54,-0.4975282674684765,2025-12-03 23:08:42.785349,2025-12-03 23:08:50.849445,0 days 00:00:08.064096,0.9991458652186835,1.9494002140606048,0.4967897504760593,10,3,222,8.936410274924443,1.3778748658101267,0.9465520258592436,2.3742774298683265,0.6212168543534066,1.2584245004954315,COMPLETE
55,-0.4989764564053379,2025-12-03 23:08:44.064578,2025-12-03 23:08:54.657189,0 days 00:00:10.592611,0.9981366992797055,1.7080186551257195,0.23014426224285947,9,3,239,9.010669061898971,1.7853036338076547,0.9498313959858723,2.3661419234332497,0.6143734199056502,1.1859841022586268,COMPLETE
56,-0.49963154568030593,2025-12-03 23:08:44.195211,2025-12-03 23:08:58.806495,0 days 00:00:14.611284,0.9914079818096687,1.6558592358832895,0.2300355904090745,10,2,383,9.01958179248766,1.590568347511242,0.9425084432484812,2.3184110798187305,0.6129263890674604,1.220964732861414,COMPLETE
57,-0.5061411462966429,2025-12-03 23:08:44.277551,2025-12-03 23:08:58.630101,0 days 00:00:14.352550,0.9927776320700185,1.6315763653633883,0.2481889755661377,10,10,391,8.783820739003556,1.6456178824032137,0.9400642917478537,2.324978557547982,0.6183516896752934,1.2058526994861158,COMPLETE
58,-0.5037971306971988,2025-12-03 23:08:44.793005,2025-12-03 23:08:55.249340,0 days 00:00:10.456335,0.9782414589170985,1.6680003231336373,0.2389359627535051,10,10,234,8.990687516233688,0.03260177646975661,0.9576429899651128,2.3184711514817327,0.6192613936864374,1.2098912233552332,COMPLETE
59,-0.5032980553795475,2025-12-03 23:08:44.896074,2025-12-03 23:08:58.611370,0 days 00:00:13.715296,0.981347639957708,1.7155717679795899,0.24730724953076352,10,2,374,8.996078925985897,1.1921035419584247,0.9518816174177601,2.3259295717438566,0.6114831656109272,1.190015966698268,COMPLETE
60,-0.5132966566275087,2025-12-03 23:08:45.119294,2025-12-03 23:08:59.970353,0 days 00:00:14.851059,0.5991674524279517,1.6228367426435293,0.23680152799831328,10,10,387,8.94902170652946,1.2480719048411524,0.9671816230901797,2.0085953998070334,0.6217540768730901,1.1871906429785961,COMPLETE
61,-0.5091244467042779,2025-12-03 23:08:45.232612,2025-12-03 23:08:59.505188,0 days 00:00:14.272576,0.5832224499417165,1.638066705064039,0.2557049279849548,10,10,380,8.914323202933057,4.123831632605508,0.9611085260992528,2.0098905450464524,0.6049818232910864,1.208978516907594,COMPLETE
62,-0.4917002585237081,2025-12-03 23:08:45.924505,2025-12-03 23:09:00.357090,0 days 00:00:14.432585,0.7202616861392065,1.5929801141710667,0.2264064333740325,10,10,363,8.79793213905214,4.172850047041126,0.9565649395999384,2.6364090525714223,0.6224087002718058,1.1955861709321123,COMPLETE
63,-0.5084741269723735,2025-12-03 23:08:46.609080,2025-12-03 23:08:56.378865,0 days 00:00:09.769785,0.7130542995780587,2.3538357454247274,0.2223277222851306,10,10,233,8.72470850847643,1.6694589066388836,0.9654962012753499,2.0431433112425372,0.6222297780569884,1.1855916698307685,COMPLETE
64,-0.5112933203502938,2025-12-03 23:08:46.836966,2025-12-03 23:08:57.646519,0 days 00:00:10.809553,0.5989104455007251,1.6339190121456837,0.2215210525006866,10,2,222,8.997561513283147,4.035351943857272,0.9648830257508371,2.0420863745850673,0.6226086512396651,1.1853451626025857,COMPLETE
65,-0.49050268457485985,2025-12-03 23:08:47.322277,2025-12-03 23:08:57.546822,0 days 00:00:10.224545,0.9978352925892946,1.5385437667846353,0.23352995721934736,9,2,221,8.700216878594768,1.3064282006839516,0.9646200644176472,2.657952700061456,0.6219707381618791,1.1925788805463282,COMPLETE
66,-0.5022386037500818,2025-12-03 23:08:47.628655,2025-12-03 23:08:57.510818,0 days 00:00:09.882163,0.9680797884873013,2.3918939902336573,0.22288858735577405,9,2,250,8.409627526187359,3.876749251212521,0.9644424695495278,2.033585216276925,0.6000631927475029,1.3007058620670342,COMPLETE
67,-0.47822175141700884,2025-12-03 23:08:47.790692,2025-12-03 23:08:54.804515,0 days 00:00:07.013823,0.9636347165545636,1.5874260439741976,0.22685765458919874,7,2,109,8.523113702359133,3.9449672980546975,0.9021424432745403,2.5753299946697554,0.6043714663806506,1.3415080851302112,COMPLETE
68,-0.47725117983294635,2025-12-03 23:08:48.544261,2025-12-03 23:08:59.880893,0 days 00:00:11.336632,0.9669295609301218,1.606260981352353,0.25508264241280454,7,2,266,8.209215301116924,6.466604130728053,0.9038188903581794,2.668374740580102,0.6002633698383134,1.326283179162435,COMPLETE
69,-0.4973686529930393,2025-12-03 23:08:48.889393,2025-12-03 23:08:58.981360,0 days 00:00:10.091967,0.9609509262745495,2.362427924111506,0.2276679465032508,7,2,255,8.196597332893882,4.133669831381175,0.9033065621745067,2.0220968808727195,0.603977078121522,1.345663998143452,COMPLETE
70,-0.4805226439387467,2025-12-03 23:08:49.380794,2025-12-03 23:08:55.991819,0 days 00:00:06.611025,0.9632342066700752,2.404333377924795,0.25739650877363607,10,2,105,8.123138714468702,4.19267941625127,0.9054525957117818,2.564990520681605,0.598347212040275,1.336264579238763,COMPLETE
71,-0.48043554367402885,2025-12-03 23:08:50.214359,2025-12-03 23:08:57.764719,0 days 00:00:07.550360,0.9653482805810911,2.384201595345853,0.2167679641970605,10,2,110,4.311138569179675,4.0295192186836,0.9006271122303362,2.668324982675,0.6052002032984399,1.3982374559479067,COMPLETE
72,-0.49715494824668144,2025-12-03 23:08:50.852236,2025-12-03 23:08:57.739275,0 days 00:00:06.887039,0.9616818329784298,2.361472699711349,0.22378692496100083,10,2,111,8.0871059571163,4.1737868698469125,0.9037273452202618,2.0681036364770686,0.59881696302144,1.3999659866654706,COMPLETE
73,-0.4996359823591881,2025-12-03 23:08:52.723863,2025-12-03 23:08:59.944585,0 days 00:00:07.220722,0.9627466049288905,2.361366948319004,0.21424947198247743,10,2,115,8.33481551806663,6.373495706957419,0.8993168765676788,2.034161295685754,0.6005286067662549,1.392711124620398,COMPLETE
74,-0.5125070955949474,2025-12-03 23:08:52.804006,2025-12-03 23:09:05.222644,0 days 00:00:12.418638,0.9642960034126914,1.6449669523284816,0.2164525301254123,10,2,263,5.173673878527188,4.06926388716532,0.9099258953566594,2.068975734574955,0.5966319637368762,1.3420267134603232,COMPLETE
75,-0.497743733916975,2025-12-03 23:08:53.800098,2025-12-03 23:09:01.075390,0 days 00:00:07.275292,0.9626956660885319,2.352605559285526,0.20487691034785305,10,2,108,5.435667375371277,3.935633084049484,0.9013662069007768,2.080239556255532,0.5980196941871982,1.3794112305187118,COMPLETE
76,-0.5015808865610781,2025-12-03 23:08:54.659667,2025-12-03 23:09:01.858126,0 days 00:00:07.198459,0.96248257118157,2.345504162950305,0.21117820078158267,10,2,112,8.092623270849844,3.9190927356542837,0.9038755371467471,2.0519828737240076,0.5964954255459733,1.3657999931896043,COMPLETE
77,-0.500894319215213,2025-12-03 23:08:54.807219,2025-12-03 23:09:01.169197,0 days 00:00:06.361978,0.940427494339408,2.2505392795474,0.3787604832021966,10,2,128,7.961480654823012,6.825998841658471,0.9080765602400513,2.0660732944411446,0.5937836862739126,1.3431112551915068,COMPLETE
78,-0.48830142990173825,2025-12-03 23:08:55.251874,2025-12-03 23:09:13.540104,0 days 00:00:18.288230,0.5895838736247426,2.31137456696383,0.08166034326710941,10,10,268,5.522585945283117,1.082072362811153,0.908120936105092,2.066816609791641,0.593118603562396,1.516833877755138,COMPLETE
79,-0.5025768685011235,2025-12-03 23:08:55.853159,2025-12-03 23:09:07.195874,0 days 00:00:11.342715,0.9618246921860528,1.262912793472376,0.3779674094178515,10,10,262,5.572691148476588,0.011705066910566587,0.9128042934164371,2.0397712762216713,0.5956396457133907,1.4687687751640235,COMPLETE
80,-0.4989489934871119,2025-12-03 23:08:55.994847,2025-12-03 23:09:05.295134,0 days 00:00:09.300287,0.9399595114929867,1.2610354001572948,0.19939549346647042,10,10,129,5.537772757133134,1.0735594080569268,0.9746749480316725,2.059108661810747,0.5915669725061188,1.4966381437732221,COMPLETE
81,-0.5027123340807395,2025-12-03 23:08:56.381580,2025-12-03 23:09:11.560859,0 days 00:00:15.179279,0.9364494498021203,1.2970562588676817,0.20147243056344613,10,10,257,5.2910004173041765,0.9857487714473381,0.8688479062846864,2.0827254976700416,0.5916924479123048,1.5257424669586146,COMPLETE
82,-0.4990582606520224,2025-12-03 23:08:57.513949,2025-12-03 23:09:15.395367,0 days 00:00:17.881418,0.7125049516954726,1.2828602035809586,0.18340923324236852,10,10,336,7.698855178797657,0.9944155305434466,0.8799497088094175,2.0744539349391076,0.5924656592406394,1.4884026391100051,COMPLETE
83,-0.48424962221100065,2025-12-03 23:08:57.570825,2025-12-03 23:09:15.320183,0 days 00:00:17.749358,0.7153071224375027,3.0712743114975707,0.09429022791033631,10,10,360,5.584099861130327,6.752846328708246,0.8853989903261283,2.063157473981122,0.5888257625392247,1.5054558440606667,COMPLETE
84,-0.49646680227156503,2025-12-03 23:08:57.649274,2025-12-03 23:09:13.473180,0 days 00:00:15.823906,0.5614520919046767,1.3352950374182613,0.19484426035975008,10,10,274,5.240723600079117,2.2293489216760665,0.8795570369580037,2.100716659049905,0.5921073807683084,1.4709113450717426,COMPLETE
85,-0.4808481204224293,2025-12-03 23:08:57.741968,2025-12-03 23:09:14.143522,0 days 00:00:16.401554,0.5562214539222533,3.0487256674264347,0.08448595932963932,10,10,267,5.370389926744172,2.2760298175919416,0.9967051324094947,2.2350447454054843,0.6078461460056089,1.518407291834215,COMPLETE
86,-0.49325617665919363,2025-12-03 23:08:57.768215,2025-12-03 23:09:14.836929,0 days 00:00:17.068714,0.565506067376573,1.2777433022262328,0.1858046000307605,10,10,271,5.087954321235138,2.403762141990298,0.8746917236386029,2.2542069187593214,0.5901328558565557,1.5068816187721648,COMPLETE
87,-0.49244117029404655,2025-12-03 23:08:58.614668,2025-12-03 23:09:23.169809,0 days 00:00:24.555141,0.5660294838743308,1.3361482858854328,0.08326540383104909,10,10,268,5.665703006806816,2.3395632315130372,0.8759404155158415,2.1920774989339793,0.592599822562287,1.5161163749412283,COMPLETE
88,-0.4702183973347005,2025-12-03 23:08:58.632874,2025-12-03 23:09:22.771909,0 days 00:00:24.139035,0.5725133666263518,1.2664648213476013,0.08894072451918585,10,9,271,5.744749381122601,2.271996491096557,0.8743704976251477,2.1805705755869997,0.5113819188630431,1.4974247964575695,COMPLETE
89,-0.48390488762916956,2025-12-03 23:08:58.809370,2025-12-03 23:09:15.008225,0 days 00:00:16.198855,0.5909920213982576,3.0644843894613323,0.08663869779774552,10,9,264,5.575265517742108,2.3772101237503134,0.8762967138214944,2.1040583139690674,0.5909661915969321,1.4901183484145335,COMPLETE
90,-0.48909359064239233,2025-12-03 23:08:58.984161,2025-12-03 23:09:21.365867,0 days 00:00:22.381706,0.5829541716984481,1.2810320167337137,0.08836578058972738,10,9,275,7.746614361971739,2.3502472314304192,0.9947947651629271,2.1876683833174733,0.5884431364971894,1.4905528772356258,COMPLETE
91,-0.49217871590065515,2025-12-03 23:08:59.508373,2025-12-03 23:09:14.591616,0 days 00:00:15.083243,0.5650570067012058,1.219320123933145,0.19136237527552075,10,9,273,5.51561340908752,2.3633512609630203,0.9984425358320195,2.20421851566456,0.5884552314123904,1.4955121877940811,COMPLETE
92,-0.49382647518413075,2025-12-03 23:08:59.883974,2025-12-03 23:09:28.720857,0 days 00:00:28.836883,0.5743188938680172,1.387025659454895,0.08911392764802532,10,9,437,5.152083702470843,2.2669994125771957,0.8782394699345901,2.2263362125481883,0.5884040574064788,1.4902290136578755,COMPLETE
93,-0.4711302669755957,2025-12-03 23:08:59.947861,2025-12-03 23:09:26.083067,0 days 00:00:26.135206,0.574032868532722,1.256902660506187,0.09398635343769178,10,9,343,5.500377451635451,2.163342214561066,0.8728538374274122,2.184826152599804,0.5074284408805253,1.4559535730799926,COMPLETE
94,-0.4932455442839107,2025-12-03 23:08:59.973262,2025-12-03 23:09:19.453115,0 days 00:00:19.479853,0.5779157077898226,1.2764171647117792,0.18472146075331453,10,9,341,5.758391747595418,2.2923523011477376,0.8767628033761332,2.2247965300830512,0.5889685040103831,1.5029197100137315,COMPLETE
95,-0.4928851373129381,2025-12-03 23:09:00.360143,2025-12-03 23:09:21.570881,0 days 00:00:21.210738,0.5976019093370809,1.3495309135979014,0.18558879395948966,10,9,452,5.619044506847393,2.3025452470069574,0.8800915978854629,2.2114651267094794,0.5863729831191318,1.5381546749879236,COMPLETE
96,-0.49615673225501183,2025-12-03 23:09:01.078671,2025-12-03 23:09:20.114474,0 days 00:00:19.035803,0.5846275428242869,1.263022632136829,0.38492459403863116,10,9,504,7.564341125787784,2.331728418769925,0.8791388414378822,2.1598611414705147,0.589219783310517,1.4524574256481408,COMPLETE
97,-0.4817194446713322,2025-12-03 23:09:01.172361,2025-12-03 23:09:17.113503,0 days 00:00:15.941142,0.5794282970380322,1.2448632996519173,0.2904696791557548,10,9,421,7.598282897189836,0.8685467599849221,0.9942582030384401,2.2081398996052624,0.5738375929516564,1.5569537747445064,COMPLETE
98,-0.4884338370762113,2025-12-03 23:09:01.861179,2025-12-03 23:09:19.628901,0 days 00:00:17.767722,0.5870675278837514,1.247268522646389,0.30099164614774127,9,9,431,9.432421152773712,2.2292505049822493,0.8784988786337523,2.213314994774641,0.5880824067454656,1.4682359169425485,COMPLETE
99,-0.4957011935856645,2025-12-03 23:09:03.229035,2025-12-03 23:09:34.622414,0 days 00:00:31.393379,0.5819896131321292,1.1502224033440385,0.09245224554419279,10,9,440,5.815088219826108,2.3101261020454276,0.8709414934818902,2.1911936863308235,0.5849162321471347,1.473265122027331,COMPLETE
100,-0.4794547797553487,2025-12-03 23:09:03.575691,2025-12-03 23:09:27.578524,0 days 00:00:24.002833,0.6044258661309906,1.2481608782832792,0.0874448276646131,9,9,420,9.368659499586975,2.219435359700399,0.9955368165567571,2.2032044480065642,0.5715531537359829,1.495070417820609,COMPLETE
101,-0.48575955429813994,2025-12-03 23:09:05.226135,2025-12-03 23:09:29.328734,0 days 00:00:24.102599,0.5824799394659028,1.3443117553874788,0.08099834794493052,10,9,329,7.556253498366621,2.230605532854359,0.9819215883833731,2.2262518977272547,0.5708876282365558,1.4591726563860434,COMPLETE
102,-0.46842502335556,2025-12-03 23:09:05.298048,2025-12-03 23:09:19.110953,0 days 00:00:13.812905,0.5769618060511446,1.3003495745322202,0.08779219709696956,3,9,336,7.626669673428002,2.4483141120025667,0.8772752688577242,2.173841495360741,0.5720428159352902,1.288340150114762,COMPLETE
103,-0.4690837856892589,2025-12-03 23:09:07.199120,2025-12-03 23:09:20.527702,0 days 00:00:13.328582,0.5738591457917259,3.0626023149521053,0.15938226282544696,10,9,334,7.639047870596052,2.1807861340312433,0.9980693549854536,2.1757567269627462,0.5724450811020839,1.5511010052995067,COMPLETE
104,-0.4832144768316075,2025-12-03 23:09:11.564127,2025-12-03 23:09:26.788786,0 days 00:00:15.224659,0.5933499017143701,3.0319064947038714,0.1604008603166388,9,9,426,7.534076139456999,3.1172135168619475,0.9805319688271312,2.1681554473518716,0.5729382974982565,1.2765571775613669,COMPLETE
105,-0.41963142682818616,2025-12-03 23:09:13.476276,2025-12-03 23:09:27.281799,0 days 00:00:13.805523,0.5993034283319195,1.1467140050023081,0.29258331008585325,9,9,335,7.699756727431549,3.0373413153540647,0.9994452950351486,2.1841399826164465,0.5711092800881061,2.956439896075177,COMPLETE
106,-0.4794759718230772,2025-12-03 23:09:13.543164,2025-12-03 23:09:27.047167,0 days 00:00:13.504003,0.5027662864131298,3.011643310690215,0.2958989224316051,9,9,434,9.32479659021185,2.4277374864280947,0.998788742819683,2.217572587136128,0.5696321197844294,1.2891810371877406,COMPLETE
107,-0.47853276086099,2025-12-03 23:09:14.146597,2025-12-03 23:09:25.021235,0 days 00:00:10.874638,0.6161088805244413,3.2606077561757196,0.2965869736062628,9,9,330,7.697321611374395,3.04364062454116,0.9827191297118507,2.201842341127587,0.5691386059711985,1.2912196439765127,COMPLETE
108,-0.4324678195078305,2025-12-03 23:09:14.594906,2025-12-03 23:09:28.357815,0 days 00:00:13.762909,0.5097307465543195,1.8012266576927565,0.3015856102794824,9,9,357,5.964392363807308,3.2924187232956506,0.9752324709295446,3.7577983019417456,0.5701107611659502,1.285860680948555,COMPLETE
109,-0.503926685301216,2025-12-03 23:09:14.839988,2025-12-03 23:09:27.757147,0 days 00:00:12.917159,0.5947971118320637,0.9918025566037332,0.2995462372555246,9,9,319,7.574191143817727,2.995804328805911,0.9769690746737918,1.9708443635490678,0.5712811764488374,1.2936329390029107,COMPLETE
110,-0.45899625576318454,2025-12-03 23:09:15.011373,2025-12-03 23:09:33.261403,0 days 00:00:18.250030,0.5081673591322795,0.7812935027345245,0.28669597480253395,9,1,415,6.948723379684998,3.013808972960388,0.9797232002501793,3.761322489818051,0.5691566011152259,1.3004178127596737,COMPLETE
111,-0.5052278615131408,2025-12-03 23:09:15.323369,2025-12-03 23:09:32.237112,0 days 00:00:16.913743,0.6153476807101106,0.7717175835207957,0.29224843268121165,9,1,429,7.5708850299825246,2.9939207288496394,0.973658971316131,1.9567134078409945,0.5710054739495745,1.2996532625631227,COMPLETE
112,-0.5028905079693011,2025-12-03 23:09:15.398388,2025-12-03 23:09:32.339345,0 days 00:00:16.940957,0.5926243535985983,0.8602188598156304,0.29290234099476087,9,4,453,9.390535222909287,2.9544636017780475,0.9767223914655426,1.9280044754627068,0.5671714620508367,1.283110318475249,COMPLETE
113,-0.5019798679130735,2025-12-03 23:09:17.117011,2025-12-03 23:09:37.107061,0 days 00:00:19.990050,0.5196623735588111,1.041350359623234,0.15170868119086064,9,1,413,9.399670614934147,3.114759999934641,0.98043272267561,1.9256733045590977,0.5720334577388172,1.2948957946192978,COMPLETE
114,-0.5047568194720559,2025-12-03 23:09:19.114500,2025-12-03 23:09:33.193523,0 days 00:00:14.079023,0.5011011261876412,1.792034265885425,0.3037724543052916,9,1,418,9.36626917365795,3.347239125381935,0.9748171552676801,1.9392421390983001,0.6142733994465674,1.2982781661871228,COMPLETE
115,-0.5154530227570807,2025-12-03 23:09:19.456783,2025-12-03 23:09:32.838166,0 days 00:00:13.381383,0.6111714629072168,1.0084777864116012,0.15188122540272775,9,1,190,9.485931150393784,3.268398634718298,0.9784092011969394,1.94542822712555,0.6109850607803898,1.250002896411143,COMPLETE
116,-0.5180316735321863,2025-12-03 23:09:19.632260,2025-12-03 23:09:42.058284,0 days 00:00:22.426024,0.504805613395793,0.9182609223226645,0.1508507109032076,9,1,450,6.9970671530573005,3.3608189843777607,0.973153898825616,1.9230146878602001,0.6123473199805927,1.24637117896548,COMPLETE
117,-0.48970610006551407,2025-12-03 23:09:20.117762,2025-12-03 23:09:33.420828,0 days 00:00:13.303066,0.606270478220226,0.8536842523827878,0.16489171792453394,9,1,192,9.355425323797716,3.471899655193956,0.9764628813369867,1.920694741288616,0.5095362416873476,1.252292714810208,COMPLETE
118,-0.5152676902383623,2025-12-03 23:09:20.531062,2025-12-03 23:09:30.667737,0 days 00:00:10.136675,0.6075418722138568,0.8808976801961628,0.32710663073242496,9,1,196,7.0420284242620825,3.5882794280407384,0.976729335070666,1.9279062010520414,0.613250725161334,1.2451584023824418,COMPLETE
119,-0.5120394113687923,2025-12-03 23:09:21.369408,2025-12-03 23:09:29.977362,0 days 00:00:08.607954,0.50931194522378,1.0176405111629907,0.32743063318948357,9,1,143,7.135883811237195,2.9802574051036617,0.9739234121423329,1.9372100993744552,0.6130605949756244,1.2975097016172286,COMPLETE
120,-0.5177282369725992,2025-12-03 23:09:21.574126,2025-12-03 23:09:34.552820,0 days 00:00:12.978694,0.7526633273239866,0.9526573987604953,0.1519075089407348,9,1,186,6.94089716196657,3.079880605556097,0.9751843170687924,1.936024716411877,0.6138593035862044,1.24460582650011,COMPLETE
121,-0.5138654082969635,2025-12-03 23:09:22.775270,2025-12-03 23:09:38.435708,0 days 00:00:15.660438,0.5047229074931157,0.8987273456234005,0.31992594865645296,9,1,411,7.014090758605461,3.5679029027949767,0.9767597010277523,1.953104743525007,0.6122926247784964,1.2543755471827187,COMPLETE
122,-0.5187627098326698,2025-12-03 23:09:23.172904,2025-12-03 23:09:37.366467,0 days 00:00:14.193563,0.6171233854127759,0.9056764032260025,0.14828067192176922,9,1,188,6.9941468775571245,2.8882711047280814,0.9758947181798063,1.933665801597647,0.6138543438515774,1.2418539318856148,COMPLETE
123,-0.5188512707110701,2025-12-03 23:09:25.024754,2025-12-03 23:09:40.459571,0 days 00:00:15.434817,0.5255963411104625,0.8363064489616544,0.14347510505533492,9,1,184,3.629783947283163,0.37440644430838077,0.9716086899414599,1.9391497690877324,0.6117027273748017,1.2490292943834596,COMPLETE
124,-0.51422302442667,2025-12-03 23:09:26.086215,2025-12-03 23:09:35.992384,0 days 00:00:09.906169,0.5178844150934433,0.9708612119974196,0.3239547274083386,9,4,192,7.149986954862528,0.4767843657025971,0.978096902944206,1.9248029981867791,0.612572328540199,1.2366913709115102,COMPLETE
125,-0.5174611278062763,2025-12-03 23:09:26.792158,2025-12-03 23:09:38.047488,0 days 00:00:11.255330,0.7520759788437623,0.8734356860046981,0.27685867732781655,9,4,191,7.048429988587733,0.6983958538219323,0.9267603598913554,1.9269087786939918,0.6140134507658471,1.2460779745068757,COMPLETE
126,-0.5118266980732474,2025-12-03 23:09:27.050658,2025-12-03 23:09:35.626450,0 days 00:00:08.575792,0.5432012926811314,1.7756186366581146,0.3266170793120952,9,4,188,7.243181961668643,0.482124580243835,0.920028232147183,1.9127055865709346,0.6092891762350134,1.2391279543854354,COMPLETE
127,-0.510602365916999,2025-12-03 23:09:27.285056,2025-12-03 23:09:38.610092,0 days 00:00:11.325036,0.619700012808135,1.805586100518381,0.1341300381550966,8,4,192,7.049170285279615,0.3595429076235093,0.9699520425185,1.9320605542121116,0.6177886621380508,1.2347488641506024,COMPLETE
128,-0.5152633818267001,2025-12-03 23:09:27.581737,2025-12-03 23:09:35.768865,0 days 00:00:08.187128,0.6331235533595875,1.4892323833575554,0.3408678601559173,8,1,192,7.015115099269893,0.49314865911654493,0.9703315572621873,1.9235467959999102,0.6137631325424062,1.2213982486149115,COMPLETE
129,-0.5160085573073963,2025-12-03 23:09:27.760289,2025-12-03 23:09:39.046095,0 days 00:00:11.285806,0.5450913026812745,0.725095417534949,0.3243477191971192,8,1,196,7.12945389268444,4.511146978966067,0.9217546696433931,1.9221202806066011,0.6128008517609458,1.23660085773976,COMPLETE
130,-0.5214467897663617,2025-12-03 23:09:28.360781,2025-12-03 23:09:44.561420,0 days 00:00:16.200639,0.62417270296154,0.861472251945835,0.1413676571528814,9,4,191,3.6584101007127585,3.6553291700589807,0.9260574052846524,1.9224008110982427,0.6127936001458945,1.249039935522798,COMPLETE
131,-0.5146337675166276,2025-12-03 23:09:28.724040,2025-12-03 23:09:39.346694,0 days 00:00:10.622654,0.5446460086010056,0.8699214554978442,0.3268715885136897,8,1,191,6.801855573113416,4.39024094287175,0.9236936039243483,1.9211893573314316,0.6108301258041399,1.244262838253767,COMPLETE
132,-0.5169547909229837,2025-12-03 23:09:29.331813,2025-12-03 23:09:40.455643,0 days 00:00:11.123830,0.624196566765276,0.8816049773905621,0.2722195418516879,8,1,193,7.027645651141788,4.449040537539375,0.9229179890777769,1.9133925759386075,0.6137204898646331,1.2430760419961022,COMPLETE
133,-0.5193278228776149,2025-12-03 23:09:29.980761,2025-12-03 23:09:41.006216,0 days 00:00:11.025455,0.6276991649943391,0.7114490263238459,0.32927932939843074,8,1,182,6.953704927867138,5.0845580741930005,0.9223499440991874,1.9196588338551483,0.6129054658568536,1.2429089264574693,COMPLETE
134,-0.5178150425661006,2025-12-03 23:09:30.670936,2025-12-03 23:09:41.731351,0 days 00:00:11.060415,0.6992071879436529,0.7505764936847927,0.3290985493037336,8,1,189,6.890049717233022,3.6945162050006726,0.9242464599999941,1.9135027338618147,0.6136786053404163,1.2376552471283342,COMPLETE
135,-0.5216598190379212,2025-12-03 23:09:32.240377,2025-12-03 23:09:49.738082,0 days 00:00:17.497705,0.6263926235555619,0.3152136240197433,0.33450151460858185,8,1,196,7.023177148778032,3.6697718268851065,0.8170568101450111,1.9091157493000745,0.6133213500744554,1.2273867711179336,COMPLETE
136,-0.5134091850660926,2025-12-03 23:09:32.342610,2025-12-03 23:09:41.085959,0 days 00:00:08.743349,0.62904074919672,1.4708480419007455,0.3343430931092362,8,1,185,6.9393712188873184,3.674620622812791,0.9242482987764831,1.9005848473558418,0.6124726138699346,1.2370290275070182,COMPLETE
137,-0.5195442000730103,2025-12-03 23:09:32.841135,2025-12-03 23:09:43.501927,0 days 00:00:10.660792,0.5283752255997165,0.5961412242477591,0.3328833405730537,8,1,149,7.03472116106638,4.378948639734305,0.924625233591321,1.819395197839408,0.6123493205536803,1.2309252520601435,COMPLETE
138,-0.5213086306112683,2025-12-03 23:09:33.196829,2025-12-03 23:09:48.929378,0 days 00:00:15.732549,0.5392157416596495,0.3667308755810249,0.34741648481188464,9,1,187,7.120862781386156,3.651104322225206,0.9284926074821495,1.826212568926088,0.6090800773900568,1.2485088355366838,COMPLETE
139,-0.5226321132060441,2025-12-03 23:09:33.264093,2025-12-03 23:09:46.360400,0 days 00:00:13.096307,0.5414187052778953,0.536908670259309,0.33330418320905236,8,1,192,6.9670380195837165,3.7075525175200936,0.9230416171079417,1.8877988919606796,0.610703562022582,1.2255502480670681,COMPLETE
140,-0.5206542933550709,2025-12-03 23:09:33.423658,2025-12-03 23:09:44.119490,0 days 00:00:10.695832,0.5418974114343663,0.513227157811079,0.41059879922797776,8,1,154,7.257929060361956,3.6899944602800483,0.9259431033593968,1.8246280142125189,0.6069519452284499,1.233235316181554,COMPLETE
141,-0.5114282542320644,2025-12-03 23:09:34.556061,2025-12-03 23:09:44.786665,0 days 00:00:10.230604,0.5441056566143658,0.9630238877158117,0.33389935239609186,9,1,193,7.2670002254262025,3.6354457071330715,0.9618304935969662,2.007002797886254,0.6086476651097305,1.2403981434021574,COMPLETE
142,-0.5224575331314005,2025-12-03 23:09:34.626689,2025-12-03 23:09:47.973242,0 days 00:00:13.346553,0.5413950525136311,0.4792892168812326,0.3409172790723155,8,1,195,6.859088128714883,4.479120833938802,0.9286574498444189,1.8284650676930816,0.6133871399442722,1.2336298874769644,COMPLETE
143,-0.5195347193476353,2025-12-03 23:09:35.629988,2025-12-03 23:09:52.345201,0 days 00:00:16.715213,0.5291691535061553,0.42676608536651905,0.14573135724675487,8,1,200,7.188369427724888,0.34730162600735315,0.9184939718765559,1.8437359922802148,0.6095782240336424,1.244783612216603,COMPLETE
144,-0.5222824007915321,2025-12-03 23:09:35.772049,2025-12-03 23:09:48.531697,0 days 00:00:12.759648,0.6302899644151253,0.5339258827690851,0.33903696504172687,8,1,190,6.986450978659071,0.4124608566941248,0.9203802591095457,1.823524680196701,0.6092389317657689,1.2248062808104327,COMPLETE
145,-0.5194576108400847,2025-12-03 23:09:35.995992,2025-12-03 23:09:46.661183,0 days 00:00:10.665191,0.5377644706375725,0.5770911806772842,0.32986736252820226,8,1,144,7.269296731153526,0.5785507916844955,0.9205611791323761,1.8189952342775721,0.6090457615581802,1.2327305006046467,COMPLETE
146,-0.5192587770171149,2025-12-03 23:09:37.110383,2025-12-03 23:09:49.004689,0 days 00:00:11.894306,0.5396848230137609,0.6733759321404829,0.34572480812845907,8,5,195,7.179203071614787,4.409169150593359,0.9227037214662902,1.8360203051483222,0.611071187904535,1.237194311452915,COMPLETE
147,-0.5221912219649766,2025-12-03 23:09:37.369601,2025-12-03 23:09:48.304989,0 days 00:00:10.935388,0.6282968213061605,0.5380415327877511,0.34329886155412165,8,1,144,7.2412313846757765,0.39177127729019234,0.922439187334444,1.8401576016051056,0.6107436022062273,1.2407784361564722,COMPLETE
148,-0.5178762036717508,2025-12-03 23:09:38.050838,2025-12-03 23:09:50.152234,0 days 00:00:12.101396,0.5351697619090025,0.6241136642177105,0.12562324884044992,8,5,143,7.1849377862782395,0.2619188959918705,0.9284891355061549,1.826540253396875,0.610377879644032,1.2470005862392575,COMPLETE
149,-0.5237129017492601,2025-12-03 23:09:38.438882,2025-12-03 23:09:55.369776,0 days 00:00:16.930894,0.7820411094278266,0.6229312207914701,0.1186243712375522,8,1,198,6.82342642679057,3.659991491426665,0.9247842569631215,1.8304914903835743,0.6139397158079877,1.240661128923234,COMPLETE
150,-0.5141191331715197,2025-12-03 23:09:38.613620,2025-12-03 23:09:52.844427,0 days 00:00:14.230807,0.7674566509052776,0.5735567697572064,0.12080038420615033,8,1,154,7.294474749686541,3.7159512607067606,0.8260586898601008,1.8354157089800882,0.6112066833929405,1.423570697016532,COMPLETE
151,-0.5182359775452422,2025-12-03 23:09:39.049555,2025-12-03 23:09:51.199017,0 days 00:00:12.149462,0.6302546150694976,0.42240783401616205,0.4207877201166246,8,1,154,6.8064062655704,0.26271256020024536,0.9254035211824813,1.8309977306629681,0.6089818245469376,1.2351970836535178,COMPLETE
152,-0.519418323251533,2025-12-03 23:09:39.350040,2025-12-03 23:09:52.583343,0 days 00:00:13.233303,0.5385192081483009,0.6378834563072394,0.11985308243284251,8,5,152,6.854874953063401,3.6818919821546454,0.9249039150295127,1.8252263573651843,0.6085119985597639,1.2471010018636584,COMPLETE
153,-0.5150226194825223,2025-12-03 23:09:40.458896,2025-12-03 23:09:52.133258,0 days 00:00:11.674362,0.5321093866757687,0.6346967798227889,0.41693823997128876,8,1,146,6.786731552944111,4.559801502878477,0.803207757896991,1.829247932884358,0.6093102984475693,1.2445975923278279,COMPLETE
154,-0.521617301355677,2025-12-03 23:09:40.471527,2025-12-03 23:09:57.921799,0 days 00:00:17.450272,0.6346855668199015,0.6182836741858988,0.11965554880376132,8,1,201,6.900885337647347,4.3872351870073425,0.9255457341571642,1.825185065688151,0.6117375261272077,1.2335638581319766,COMPLETE
155,-0.5201875248803068,2025-12-03 23:09:41.009491,2025-12-03 23:09:54.544932,0 days 00:00:13.535441,0.5365918126294006,0.6088120148303096,0.12034129301387889,8,1,155,6.781983524661792,4.389683777895378,0.9253645261712456,1.832025085575646,0.6090422089517235,1.2276569314463908,COMPLETE
156,-0.5187652609035536,2025-12-03 23:09:41.089035,2025-12-03 23:09:51.572540,0 days 00:00:10.483505,0.7626119213670942,0.6197096011812012,0.4229493385253352,8,1,155,6.781035877337368,4.913348738567873,0.9237209006740964,1.8176924410378195,0.6068214624044015,1.366229645603543,COMPLETE
157,-0.5171651113284048,2025-12-03 23:09:41.734629,2025-12-03 23:09:59.603667,0 days 00:00:17.869038,0.7539436597187334,0.6150226907338927,0.1226930591433542,8,1,204,3.4328615285118227,4.890144281950121,0.9274835891485326,1.8242903492674947,0.6068565550795494,1.4185160006238222,COMPLETE
158,-0.5135755980372605,2025-12-03 23:09:42.062042,2025-12-03 23:09:59.377049,0 days 00:00:17.315007,0.5402316760938422,0.6430766750139114,0.11520488167583388,8,1,201,6.735837088760002,4.5081511402588745,0.9312023636378152,1.835795731964928,0.606396823630113,1.3559616710784477,COMPLETE
159,-0.5173020631562132,2025-12-03 23:09:43.505541,2025-12-03 23:09:58.377246,0 days 00:00:14.871705,0.7990862239281409,0.6274059714354806,0.1223922212361997,8,1,157,3.6416373266688975,5.0768736948566024,0.8144099926239996,1.8303378586428602,0.603338279638949,1.3604598241362635,COMPLETE
160,-0.5128372756740839,2025-12-03 23:09:44.123096,2025-12-03 23:09:58.097037,0 days 00:00:13.973941,0.7897458587747945,0.6125548308069465,0.12222309264303237,8,1,151,3.7879868620485713,5.0399753076290805,0.948096843279595,1.8237139839269343,0.6067676531627106,1.4239571647670044,COMPLETE
161,-0.5150865765819933,2025-12-03 23:09:44.564761,2025-12-03 23:09:54.729933,0 days 00:00:10.165172,0.771257209820083,0.6260932183376035,0.4209723017412229,8,1,158,3.598740467430204,5.008015893193035,0.9470008719145087,1.820835313194515,0.6050173859152285,1.4223293709422455,COMPLETE
162,-0.5150012693310674,2025-12-03 23:09:44.790131,2025-12-03 23:09:58.494990,0 days 00:00:13.704859,0.7612134453106976,0.6006766309102953,0.14177747414946312,8,1,156,3.534236332324902,4.979383800288005,0.9480726887337538,1.8241306605447065,0.6022876233843224,1.3663296149857775,COMPLETE
163,-0.5138977121799507,2025-12-03 23:09:46.363968,2025-12-03 23:10:00.373010,0 days 00:00:14.009042,0.7497813741463826,0.5682404860518806,0.11646812442778076,8,5,150,3.37463829529198,5.056113674623618,0.8906601450684393,1.8357416016979704,0.6044546852634728,1.4137313814507646,COMPLETE
164,-0.5148008098856497,2025-12-03 23:09:46.664690,2025-12-03 23:09:57.024258,0 days 00:00:10.359568,0.5310956695347043,0.5943165244295285,0.401262349635371,8,5,142,3.2147321909869127,4.508089495965646,0.9294089434065882,1.8330972800343694,0.6046544058734568,1.343322916815521,COMPLETE
165,-0.5127825137578855,2025-12-03 23:09:47.977004,2025-12-03 23:09:59.291420,0 days 00:00:11.314416,0.5303931375352233,0.45954233716436016,0.413681235384308,8,5,156,3.4893210901413094,4.921437626566158,0.9457324684222944,1.8270757972394562,0.6026572654192422,1.359589034391816,COMPLETE
166,-0.5120946408833139,2025-12-03 23:09:48.308152,2025-12-03 23:10:01.119757,0 days 00:00:12.811605,0.5303973610670689,0.45637031030280983,0.40997062229487624,8,1,149,3.0680245170432237,4.72776611217576,0.7981170687375312,1.8173860564526791,0.6031918973339103,1.361377893297965,COMPLETE
167,-0.5145407933595432,2025-12-03 23:09:48.534837,2025-12-03 23:10:00.187531,0 days 00:00:11.652694,0.7653370115235973,0.44747881805454515,0.4392233960191502,8,1,158,3.5090628300689235,0.23087115282187676,0.9467661044741109,1.8360063286854598,0.6044176793237146,1.3634500809465102,COMPLETE
168,-0.5146740072803733,2025-12-03 23:09:48.932618,2025-12-03 23:10:02.790804,0 days 00:00:13.858186,0.5300423547493573,0.4652348317064332,0.12156986590480073,8,1,156,3.478448807859823,0.2361505709275654,0.8903740358349551,1.8184122534348488,0.6042130152351156,1.3575343297605784,COMPLETE
169,-0.5144599288448645,2025-12-03 23:09:49.007844,2025-12-03 23:10:02.132274,0 days 00:00:13.124430,0.533811029951162,0.41596697568947094,0.41876418698064866,8,1,151,3.92339242114579,4.869227031072565,0.8231530049025467,1.8372214492274679,0.603723841694449,1.361984255437164,COMPLETE
170,-0.4626249341370934,2025-12-03 23:09:49.741518,2025-12-03 23:10:02.171123,0 days 00:00:12.429605,0.5289136532701185,0.4384405843951121,0.40871244675892315,8,5,152,3.4267355255778065,5.105211390574652,0.8394168963157723,1.8270787564621258,0.3733891999898123,1.3654915981662867,COMPLETE
171,-0.5141849411289269,2025-12-03 23:09:50.155345,2025-12-03 23:10:02.400869,0 days 00:00:12.245524,0.5264904030548168,0.37969351792602946,0.4171265318190627,8,5,160,3.90404625073377,4.920887202681873,0.9470212201755708,1.832829862335317,0.6036367287716751,1.3435355917115308,COMPLETE
172,-0.5174595013646054,2025-12-03 23:09:51.202470,2025-12-03 23:10:03.124349,0 days 00:00:11.921879,0.5343575230947365,0.36791670639567164,0.42356724845650023,8,1,155,3.259772006110909,5.105651605322814,0.9436093351174446,1.8172097371872244,0.6038395715624492,1.357293325224979,COMPLETE
173,-0.5117924437778746,2025-12-03 23:09:51.575955,2025-12-03 23:09:58.622225,0 days 00:00:07.046270,0.7776632727653507,0.38286410244001035,0.40218797134450573,7,1,84,3.5641513983928017,4.946725021297516,0.837076465754426,1.8484960555591943,0.6034138094929726,1.3711910947752046,COMPLETE
174,-0.5121414359777136,2025-12-03 23:09:52.136764,2025-12-03 23:09:59.453761,0 days 00:00:07.316997,0.5299236037266579,0.4309827492724647,0.4296468082364749,8,1,79,3.5992513041965863,4.903175497396064,0.8923620913583575,1.8186112521530966,0.6030615209478812,1.3383524488900296,COMPLETE
175,-0.5126931565427072,2025-12-03 23:09:52.348329,2025-12-03 23:10:00.500523,0 days 00:00:08.152194,0.5266289219841219,0.4034399320439933,0.3747030921911466,8,1,90,3.451486324229443,4.995172661549508,0.889160307163133,1.8615925573345258,0.6026465274757135,1.3614814678921563,COMPLETE
176,-0.5075265869524711,2025-12-03 23:09:52.586768,2025-12-03 23:09:59.002979,0 days 00:00:06.416211,0.5261147531662499,0.37214427962347574,0.3849235866528533,7,1,78,3.1996619963400095,4.908796899974874,0.8892296996475174,1.8244556832467422,0.6037037000198011,1.360793095911878,COMPLETE
177,-0.5125568040428834,2025-12-03 23:09:52.852676,2025-12-03 23:10:04.792583,0 days 00:00:11.939907,0.5306028601521039,0.3918093101483556,0.3762304252829118,7,5,169,3.0181313317777154,5.029126323186111,0.8921477964931825,1.8681552857586725,0.6014019526415882,1.3183278454761165,COMPLETE
178,-0.5133095423168254,2025-12-03 23:09:54.548718,2025-12-03 23:10:04.306963,0 days 00:00:09.758245,0.525475959551014,0.41228676718721585,0.37229262551004677,7,5,133,3.9196755207718947,5.063128514154557,0.8902716134898461,1.8705498921367685,0.6031951317641205,1.3319133172204676,COMPLETE
179,-0.5112670402483205,2025-12-03 23:09:54.733334,2025-12-03 23:10:03.981516,0 days 00:00:09.248182,0.525764517687201,0.42520307353413667,0.34974641702291737,7,5,129,3.7185562965267405,4.743845546323252,0.9384701988116607,1.8675356577376379,0.6028715087823294,1.330987094485509,COMPLETE
180,-0.5069383810639841,2025-12-03 23:09:55.373189,2025-12-03 23:10:02.607201,0 days 00:00:07.234012,0.7835569487273293,0.41047940766037555,0.11097204641240799,7,5,87,6.584661868833056,3.868335825511717,0.9138027312135569,1.8629876253652762,0.6037680320113914,1.3292999112363648,COMPLETE
181,-0.5118854602776717,2025-12-03 23:09:57.028003,2025-12-03 23:10:13.180696,0 days 00:00:16.152693,0.5540697606274859,0.35252784405163934,0.10776603338023694,7,5,215,6.621908712654482,4.3644680485962875,0.8901638746529484,1.8765230657235032,0.6002149681376466,1.3272580431209453,COMPLETE
182,-0.44843808721627765,2025-12-03 23:09:57.925266,2025-12-03 23:10:07.807831,0 days 00:00:09.882565,0.6493408831996188,0.4423897786525851,0.10286888965654965,7,1,126,6.601567269350908,4.7891237948121566,0.8955790373148761,1.9969774885381408,0.4543266810087209,1.3334146732369376,COMPLETE
183,-0.4443268714202612,2025-12-03 23:09:58.100338,2025-12-03 23:10:04.671093,0 days 00:00:06.570755,0.644922935795801,0.37864261375924996,0.1055893931769252,7,6,79,6.092247208739931,4.755198206098138,0.8963204380613992,1.9957665124158135,0.4657216694360643,1.3207921064370227,COMPLETE
184,-0.5185003986312191,2025-12-03 23:09:58.380621,2025-12-03 23:10:10.549725,0 days 00:00:12.169104,0.6468254818657262,0.4007164974449448,0.36729654479069873,7,1,168,6.549020070994986,4.748172435762664,0.8907227017083347,1.8663223602532963,0.6012397240840338,1.3232920358600002,COMPLETE
185,-0.5142514399244339,2025-12-03 23:09:58.498036,2025-12-03 23:10:13.486227,0 days 00:00:14.988191,0.6423980537339384,0.3773666195414961,0.36395002304436364,7,6,214,6.54184095154052,4.275821306173724,0.8932678116216393,1.9912649199513213,0.600533942164763,1.326658546231831,COMPLETE
186,-0.5193404452937482,2025-12-03 23:09:58.625647,2025-12-03 23:10:14.557005,0 days 00:00:15.931358,0.5565799125862357,0.4319779687400541,0.36250543347324055,8,5,213,6.576511252826553,8.82032754712015,0.8931272016010101,1.998940432271728,0.5976300277375082,1.185452930801524,COMPLETE
187,-0.3863434848363633,2025-12-03 23:09:59.006359,2025-12-03 23:10:15.271892,0 days 00:00:16.265533,0.647348953501958,0.21957214926136437,0.0668091649563122,7,5,212,6.463650992145885,4.23260634772821,0.9157447997732387,1.8749182909172626,0.3117553040520215,1.3219602429769477,COMPLETE
188,-0.5122144731516135,2025-12-03 23:09:59.294914,2025-12-03 23:10:16.168931,0 days 00:00:16.874017,0.6477507113975309,0.2043269427766925,0.10471866470483095,7,5,217,6.590091981019757,4.274988641758499,0.7484582207495967,1.9990586302568785,0.6223909446643971,1.323665107521133,COMPLETE
189,-0.5119179773906595,2025-12-03 23:09:59.380135,2025-12-03 23:10:15.901978,0 days 00:00:16.521843,0.6476747991523771,0.10049342620327922,0.1094419906512249,7,5,218,6.520178210719034,4.28614292928013,0.9148827774876982,1.9916850573888996,0.6227402197653826,1.3211069305876775,COMPLETE
190,-0.507869965524097,2025-12-03 23:09:59.456519,2025-12-03 23:10:09.759622,0 days 00:00:10.303103,0.6373794599258692,0.2786238365692389,0.10224222654745405,7,6,129,6.549883422889729,4.324507721260693,0.7409346279906939,2.0095356293618925,0.6218017265585158,1.3197731859757247,COMPLETE
191,-0.4940710860903361,2025-12-03 23:09:59.607011,2025-12-03 23:10:09.417900,0 days 00:00:09.810889,0.5488385041383886,0.2053606030573441,0.039428160161708845,7,5,125,6.626719499972683,4.266725756336867,0.9123168197803706,1.9963731744535176,0.6218646241958898,1.3161728415705338,COMPLETE
192,-0.3827855828540469,2025-12-03 23:10:00.190799,2025-12-03 23:10:10.016437,0 days 00:00:09.825638,0.6476330549251547,0.20035262241814994,0.10201144299493747,7,6,125,6.149091050253202,4.227214393410676,0.916141247647113,2.7859537188659163,0.4066737640462838,1.3235431507015427,COMPLETE
193,-0.4711222415513375,2025-12-03 23:10:00.376391,2025-12-03 23:10:17.590392,0 days 00:00:17.214001,0.824804444376708,0.18106089556897537,0.104377568672984,7,2,216,6.548030068251443,4.268432185315043,0.7402193027783175,1.9951963929743777,0.4516562646940299,1.1856614286461393,COMPLETE
194,-0.498069461553904,2025-12-03 23:10:00.503934,2025-12-03 23:10:10.629587,0 days 00:00:10.125653,0.5549036188670414,0.22078429283862983,0.043952250841356,7,6,131,6.5466692296901785,4.232288957855061,0.9126757793997623,1.9846373433158269,0.6226610629936365,1.3198404296994002,COMPLETE
195,-0.47880522197065156,2025-12-03 23:10:01.122977,2025-12-03 23:10:13.702210,0 days 00:00:12.579233,0.5551682986894734,0.1941146141986696,0.3650838634895603,7,6,172,6.071208370487044,0.736512580629452,0.9156774986346928,1.9845152764045348,0.45017736983097933,1.3185656013060267,COMPLETE
196,-0.4252449213358944,2025-12-03 23:10:02.135593,2025-12-03 23:10:12.023727,0 days 00:00:09.888134,0.5528128838488618,0.27799991906413796,0.09949263316474938,7,6,125,7.347063102862486,4.226757195790653,0.9149714709652669,1.989819799541217,0.393397384399206,1.1858502200947325,COMPLETE
197,-0.4589065515719997,2025-12-03 23:10:02.176470,2025-12-03 23:10:12.468599,0 days 00:00:10.292129,0.553336740620652,0.2029966301519519,0.10928555092152235,7,6,129,6.590762437299748,4.360834415805894,0.9140913391814303,1.9983206322206024,0.6226379887070348,2.0998136720112974,COMPLETE
198,-0.5102384224757777,2025-12-03 23:10:02.404331,2025-12-03 23:10:14.588996,0 days 00:00:12.184665,0.6471698061056558,0.2266739119733726,0.06533739767263265,8,6,130,6.600091785652153,4.329335247876882,0.9136905808373121,2.0060064761388614,0.6226892831850591,1.3105260319734913,COMPLETE
199,-0.5122151912932077,2025-12-03 23:10:02.610667,2025-12-03 23:10:12.618039,0 days 00:00:10.007372,0.5553624111188655,0.25635335507237667,0.10194512550772399,7,6,127,6.530412512621481,4.276987605421297,0.9126201404789125,2.0038674160012366,0.6223328606950004,1.1852535196580278,COMPLETE
200,-0.5119260586717819,2025-12-03 23:10:02.794113,2025-12-03 23:10:13.089990,0 days 00:00:10.295877,0.6491914070339476,0.22035595516067846,0.1024472792352227,7,2,128,7.4026552925494,0.7409028565828688,0.9146313157437828,1.9801078809407269,0.6220549451763597,1.1966187031447186,COMPLETE
201,-0.5119198548999048,2025-12-03 23:10:03.127528,2025-12-03 23:10:13.449276,0 days 00:00:10.321748,0.6524960451582998,0.2265735509511837,0.10167149122231284,7,6,128,7.372627116672785,4.325925804615501,0.9116891113322118,1.992162298706406,0.6219209129161072,1.193796204726589,COMPLETE
202,-0.5062384655646033,2025-12-03 23:10:03.984886,2025-12-03 23:10:20.264825,0 days 00:00:16.279939,0.646167203680909,0.19077229419609673,0.030519919297253888,8,6,174,6.075246953307312,0.6449449218991669,0.9111104959082469,2.0114653872987778,0.6216481584386278,1.1875349549767016,COMPLETE
203,-0.47417241212503153,2025-12-03 23:10:04.310118,2025-12-03 23:10:25.047033,0 days 00:00:20.736915,0.6470384931181654,0.3180926985609077,0.0995585833479404,8,6,216,6.063940310140035,4.346103392065856,0.7701063996658212,2.006218589965041,0.45825184292485116,1.201201524924457,COMPLETE
204,-0.46841260073118457,2025-12-03 23:10:04.674135,2025-12-03 23:10:25.742227,0 days 00:00:21.068092,0.5520731133036074,0.1806137017145456,0.0996817513299765,8,1,215,7.378490800742812,4.264765771905763,0.913526179678076,1.995396271526607,0.4429401069997189,1.1852846502099967,COMPLETE
205,-0.5138807365237567,2025-12-03 23:10:04.795827,2025-12-03 23:10:25.454333,0 days 00:00:20.658506,0.5563007054420832,0.22991162320102188,0.06696672485464071,8,1,213,7.405169882926717,4.255306108196683,0.9135999034769753,1.9898393765494076,0.6227359818833099,1.1988402051497122,COMPLETE
206,-0.4568606857224471,2025-12-03 23:10:07.811021,2025-12-03 23:10:28.922033,0 days 00:00:21.111012,0.5537207370214823,0.16055873239659466,0.04285434053529452,8,2,217,7.416532222265599,4.256928928464504,0.9100376575151548,1.9869645986401387,0.6224107395798986,2.0424253115562454,COMPLETE
207,-0.505745307263041,2025-12-03 23:10:09.421004,2025-12-03 23:10:28.787438,0 days 00:00:19.366434,0.5532131996447551,0.22582936012116228,0.359005516426847,8,2,211,7.384454455409522,0.6882006354028518,0.9112996735311367,2.900968683309472,0.6187689051915952,1.1863836213092478,COMPLETE
208,-0.519619996295749,2025-12-03 23:10:09.763180,2025-12-03 23:10:28.960138,0 days 00:00:19.196958,0.5565243042077538,0.12311520713661894,0.35776863890991595,8,2,216,7.288703921377577,0.6504111414125338,0.8549918847878083,1.9877867829715765,0.5966852591494473,1.189155476689989,COMPLETE
209,-0.5104551544717536,2025-12-03 23:10:10.019496,2025-12-03 23:10:26.678393,0 days 00:00:16.658897,0.5556728657092019,0.7879142699312021,0.13654081291025846,8,2,214,4.883266277237944,8.24093277889832,0.9369365773264452,1.9897282153523683,0.5809075418738079,1.1904656594022962,COMPLETE
210,-0.5206991202416116,2025-12-03 23:10:10.553096,2025-12-03 23:10:31.082721,0 days 00:00:20.529625,0.5610588600841376,0.10755001304219364,0.1349399292962799,8,2,220,7.352225510827525,4.007260310371503,0.9128601827802924,1.9814740726448172,0.6172134181927375,1.1927222383571394,COMPLETE
211,-0.5140746774867379,2025-12-03 23:10:10.632562,2025-12-03 23:10:29.712151,0 days 00:00:19.079589,0.515277808769301,0.11318020005390877,0.13381988923721028,8,2,214,7.409881693505007,5.396738858109969,0.9360320899596112,1.9561967443146744,0.5960803283142296,1.1979729811022115,COMPLETE
212,-0.5185492577886889,2025-12-03 23:10:12.027532,2025-12-03 23:10:31.634064,0 days 00:00:19.606532,0.5146795662426269,0.08231122593070062,0.13341403047083933,8,2,214,7.397874173010685,5.412952874321335,0.9344113260833448,1.8895904328678037,0.5954739559488298,1.2056597244205056,COMPLETE
213,-0.4018363620588679,2025-12-03 23:10:12.472017,2025-12-03 23:10:28.709877,0 days 00:00:16.237860,0.5628326251624249,0.7241322603116156,0.13835448733190875,8,2,217,7.349434829823991,0.7837126899487332,0.9361329745958906,1.9057330253039584,0.313228896737386,1.2727401851113262,COMPLETE
214,-0.46497230468776474,2025-12-03 23:10:12.621143,2025-12-03 23:10:30.477146,0 days 00:00:17.856003,0.5136843115660051,0.7688212692704616,0.13313599547112978,8,1,211,7.381515836881698,0.7626963843843806,0.8537408964090452,3.239262153706152,0.6167029633604298,1.2147255461769308,COMPLETE
215,-0.4628641671537923,2025-12-03 23:10:13.092903,2025-12-03 23:10:32.616512,0 days 00:00:19.523609,0.5155208940882487,0.7089967486508727,0.1343154266245858,8,1,216,7.395094681715977,5.4224984250893336,0.6624240781946702,3.184050664832758,0.5954706852764344,1.273511421961945,COMPLETE
216,-0.5150711070483988,2025-12-03 23:10:13.184103,2025-12-03 23:10:30.171774,0 days 00:00:16.987671,0.518233786230312,0.7347944572690843,0.13775045509710004,8,1,215,7.375908962738058,5.451434205068331,0.9329380027710655,1.9062809262829143,0.6168783901455276,1.2691229612429122,COMPLETE
217,-0.5141764720513339,2025-12-03 23:10:13.452726,2025-12-03 23:10:28.219068,0 days 00:00:14.766342,0.6756740388253671,0.7069043004475151,0.14349559259801975,8,1,175,7.8544691782937,5.394122638729054,0.9357369310249777,1.893914709384198,0.5964641223991228,1.2747920000453181,COMPLETE
218,-0.5216136154990694,2025-12-03 23:10:13.490220,2025-12-03 23:10:29.009265,0 days 00:00:15.519045,0.5160510870780624,0.10761487457602847,0.3657898999795242,8,1,175,7.359986640218034,5.367619317125362,0.9365786090540423,1.887806522132722,0.6167037231280645,1.271979017767954,COMPLETE
219,-0.5184170868022865,2025-12-03 23:10:13.705181,2025-12-03 23:10:31.497869,0 days 00:00:17.792688,0.6654500478792491,0.7452885484974021,0.13777521147566538,8,1,228,6.842252721773435,3.9055747712588227,0.9349827629051223,1.8905214699284725,0.6166400178503422,1.2724534620818277,COMPLETE
220,-0.5172516750932749,2025-12-03 23:10:14.560135,2025-12-03 23:10:34.263652,0 days 00:00:19.703517,0.5154287473431437,0.7553532726406882,0.13427452086169842,8,1,228,4.391927718125687,7.896501581216917,0.7628907693457792,1.8885791468439548,0.6151333254531773,1.2755133020702873,COMPLETE
221,-0.49821233428657097,2025-12-03 23:10:14.593352,2025-12-03 23:10:33.345772,0 days 00:00:18.752420,0.54317976689463,0.7096007788552646,0.34955566764340196,8,1,231,6.783197167230866,8.555387683657218,0.7664096024370857,1.8958764438064029,0.5812687322374835,1.8113007091139675,COMPLETE
222,-0.5119253620775762,2025-12-03 23:10:15.275213,2025-12-03 23:10:36.144760,0 days 00:00:20.869547,0.5176058307903244,0.7290601176137482,0.12878731340354424,8,1,233,4.870027161389762,3.843180948937435,0.7739502222293665,1.8989962135393534,0.581585431336428,1.2715052319245825,COMPLETE
223,-0.5112093808403553,2025-12-03 23:10:15.905524,2025-12-03 23:10:32.902110,0 days 00:00:16.996586,0.5163029076550226,0.7177581478364928,0.3508892396012444,8,1,242,7.882017860760778,8.709779326740968,0.7759627002340964,1.8927837653584643,0.581695042050067,1.2741814227468837,COMPLETE
224,-0.511514238433659,2025-12-03 23:10:16.172569,2025-12-03 23:10:30.691412,0 days 00:00:14.518843,0.5156705585617163,0.6941819561820568,0.1467381810266094,8,1,175,6.8309048384482525,9.59205960779785,0.9351055390197789,1.8992488879658076,0.5957082783411262,1.2751539796356763,COMPLETE
225,-0.46367599993044545,2025-12-03 23:10:17.594064,2025-12-03 23:10:33.015454,0 days 00:00:15.421390,0.514089614298406,0.7083349693830892,0.13085678056963373,8,1,175,4.664310856130141,3.879078583064566,0.9343795567517135,3.1830026445387003,0.6157224235021864,1.273050346347672,COMPLETE
226,-0.516002817580079,2025-12-03 23:10:20.268299,2025-12-03 23:10:40.139599,0 days 00:00:19.871300,0.517574566420508,0.6911703949231756,0.13799830664160018,8,1,241,6.811023110325035,3.819155125939689,0.9361230760652566,1.896393752510727,0.6161395988033573,1.2773168406209787,COMPLETE
227,-0.4782405941102003,2025-12-03 23:10:25.051039,2025-12-03 23:10:45.760891,0 days 00:00:20.709852,0.6232617979284717,0.72300172180059,0.13617440392102745,8,1,243,4.688590731832976,2.71177731692606,0.857972608155459,3.1834993951621833,0.593946069404888,1.269494914288338,COMPLETE
228,-0.5190688850362637,2025-12-03 23:10:25.457705,2025-12-03 23:10:43.222086,0 days 00:00:17.764381,0.6655578321227292,0.7286173686465691,0.1356757693305175,8,1,236,6.796317462814083,3.846260223407026,0.9358853698892352,1.888428727794751,0.6162183923426,1.2744743778892806,COMPLETE
229,-0.5202906949362421,2025-12-03 23:10:25.745496,2025-12-03 23:10:45.174475,0 days 00:00:19.428979,0.5413233335400132,0.710409705451329,0.13667127509558366,8,1,242,7.206625965694286,3.8258833615520165,0.8547077711877431,1.8955546434582953,0.6154032434162569,1.2713150273041633,COMPLETE
230,-0.5167472167039341,2025-12-03 23:10:26.682090,2025-12-03 23:10:45.768693,0 days 00:00:19.086603,0.6675812084282425,0.7236922503299226,0.13925487884540297,8,1,244,6.808400416692117,3.869971234232574,0.8561717382165569,1.9121473026299332,0.5961971864196173,1.2723559625652463,COMPLETE
231,-0.5180963299652559,2025-12-03 23:10:28.222308,2025-12-03 23:10:47.181878,0 days 00:00:18.959570,0.5185455574596061,0.7030818313455176,0.16933303113948653,8,1,235,6.782915021267638,9.70088722742822,0.6814867051852636,1.8925122019766476,0.6137723615011318,1.26525781602825,COMPLETE
232,-0.518097204292034,2025-12-03 23:10:28.713480,2025-12-03 23:10:47.056909,0 days 00:00:18.343429,0.5182847352237125,0.6990813465977268,0.12973180953874436,8,1,241,6.940888142678363,3.798699427935913,0.9315870481571276,1.8960192321226945,0.6147312216540778,1.2757333086816562,COMPLETE
233,-0.5186419036266273,2025-12-03 23:10:28.790965,2025-12-03 23:10:47.519074,0 days 00:00:18.728109,0.6261645444061184,0.5447681955602351,0.13402535546028788,8,1,239,6.837751112005966,3.803205491244333,0.9313773163850627,1.8955199537969238,0.6147108767985172,1.2704319157627708,COMPLETE
234,-0.518447314682696,2025-12-03 23:10:28.926020,2025-12-03 23:10:45.727284,0 days 00:00:16.801264,0.5175781808040125,0.5381564323801035,0.35168701043497874,8,1,236,6.818260616884026,3.976017542326513,0.8580731866990137,1.892729530929453,0.6151693627566699,1.2776821061681618,COMPLETE
235,-0.5182609012742523,2025-12-03 23:10:28.964166,2025-12-03 23:10:46.841976,0 days 00:00:17.877810,0.6267650013362789,0.7063185246057611,0.12981138092047856,8,1,239,6.832491766991604,3.828426849022037,0.933129819254244,1.9011751743594785,0.6144232862072816,1.2702144242694593,COMPLETE
236,-0.5178254471415239,2025-12-03 23:10:29.029516,2025-12-03 23:10:42.928379,0 days 00:00:13.898863,0.5209820311591045,0.5096041982793158,0.4558523153633477,8,1,243,6.793723571871107,9.12227036536567,0.9293384186994184,1.8772810323157825,0.6132259197045442,1.2661162325207511,COMPLETE
237,-0.5193936214396198,2025-12-03 23:10:29.715569,2025-12-03 23:10:44.639773,0 days 00:00:14.924204,0.5409772443665561,0.5103944780014754,0.34989044403221947,8,1,239,6.863223598002582,7.192309812047115,0.9302201429959204,1.883169238401624,0.6156556173064555,1.2720116288118195,COMPLETE
238,-0.4874147112306864,2025-12-03 23:10:30.175184,2025-12-03 23:10:45.929650,0 days 00:00:15.754466,0.5426715984844382,0.5161516580574743,0.35407277774208684,8,1,179,7.143010214570588,8.811157844516105,0.6819575942692107,3.1952368080205797,0.6143723238207034,1.2710052534721177,COMPLETE
239,-0.5005046373570807,2025-12-03 23:10:30.480420,2025-12-03 23:10:45.919468,0 days 00:00:15.439048,0.5427928552711634,0.520428586536527,0.35171488525952965,8,1,238,6.7876168916714406,3.802735281200919,0.9285787028565181,1.8857767816898061,0.6098803845710494,1.822907714748503,COMPLETE
240,-0.5178004097883598,2025-12-03 23:10:30.694489,2025-12-03 23:10:45.116670,0 days 00:00:14.422181,0.5416730124165684,0.5889109868596981,0.34911475752151633,8,1,237,4.500457406033067,3.9071221701652856,0.9256877175902042,1.888426819182736,0.6096593764576493,1.2678382833074466,COMPLETE
241,-0.5215209234825072,2025-12-03 23:10:31.085880,2025-12-03 23:10:46.054604,0 days 00:00:14.968724,0.5407015224265199,0.522053660245234,0.3473274434124814,8,1,241,7.172594477101926,3.786550905490956,0.9241123008406701,1.8954143404786903,0.612785932057112,1.270017523801413,COMPLETE
242,-0.5075854805916611,2025-12-03 23:10:31.501524,2025-12-03 23:10:51.051324,0 days 00:00:19.549800,0.5423555607908586,0.02000769644626403,0.34879865494291734,8,1,239,7.1458865606805855,7.273060374260769,0.9252775531446039,1.8918030873237879,0.6145366078674172,1.8496154855954587,COMPLETE
243,-0.5175403571574192,2025-12-03 23:10:31.637069,2025-12-03 23:10:50.831769,0 days 00:00:19.194700,0.5444100471329656,0.03367088259763101,0.1728583248815116,8,1,234,7.198782412505496,8.859061985578444,0.9250066807457952,2.1197139475873383,0.6100417735906366,1.2285303820277853,COMPLETE
244,-0.4940817518565345,2025-12-03 23:10:32.619766,2025-12-03 23:10:48.332187,0 days 00:00:15.712421,0.5431233323063462,0.5299011447890826,0.34735662148750274,8,1,249,7.146593110850924,7.2807137428444895,0.9263305234415334,2.975431517534306,0.6099838560889463,1.2196172508717424,COMPLETE
245,-0.5190174352890543,2025-12-03 23:10:32.905249,2025-12-03 23:10:45.466365,0 days 00:00:12.561116,0.5408508914737101,0.5544554908959999,0.3494334921569929,8,1,179,4.38221877678324,3.893020324979399,0.9247300227712211,1.8899538313626085,0.6104002997997259,1.2248355132967208,COMPLETE
246,-0.5188891359439259,2025-12-03 23:10:33.018431,2025-12-03 23:10:45.503159,0 days 00:00:12.484728,0.5388311733127906,0.5219299675953036,0.3537858559546918,8,1,179,6.800626910354434,3.7560237023720395,0.9242891560697218,1.8850383226764993,0.610159359220904,1.2303215317755232,COMPLETE
247,-0.5198974511597821,2025-12-03 23:10:33.349054,2025-12-03 23:10:46.214285,0 days 00:00:12.865231,0.6257085179729296,0.53412229499294,0.3176212242151685,8,1,177,7.047218998808626,7.508433616516504,0.9255954772788394,1.875654729141892,0.6098598713126038,1.2327765289834025,COMPLETE
248,-0.4923314538850181,2025-12-03 23:10:34.267080,2025-12-03 23:10:45.481534,0 days 00:00:11.214454,0.5402276419732926,0.5255821404518551,0.4586614125307976,8,1,178,7.114570849190653,3.541089619944371,0.925225579978275,1.8846005156423062,0.47725771792544686,1.2279919823258898,COMPLETE
249,-0.4587124519341213,2025-12-03 23:10:36.148310,2025-12-03 23:10:50.776025,0 days 00:00:14.627715,0.5402897736659131,0.0007771983120469506,0.4602986867353494,8,1,179,7.145547832018346,3.647985453315364,0.9244206837668419,4.292014047041815,0.6101119770899729,2.5170988208709892,COMPLETE
