learning_rate,n_estimators,max_depth,min_child_weight,subsample,colsample_bytree,reg_alpha,reg_lambda,gamma,weight_class_0,weight_class_1,weight_class_2,value
0.4265029199298543,546,7,5,0.6408940274090179,0.846693587206578,5.027719612298714,1.729280307498301,2.8060331605093336,4.220855969571466,0.5149891091116019,1.8175690167055312,-0.41897895166763366
0.23339317214582442,323,10,5,0.7596780187110059,0.7126071249097532,8.767215151468376,5.761434277748495,4.228950081083367,3.9153757173078025,0.43348634510004624,1.9736399028543548,-0.21504605360169268
0.015512910923825408,401,7,5,0.60565783072561,0.8250894451094737,8.862306396224861,2.457554372088598,0.48794564292301723,3.6389289126534594,0.40430786361054816,1.6293789194767068,-0.15359296892361268
0.40866414776082816,111,7,1,0.7021824842679507,0.7265066093738135,7.9491457361181,1.3312559105109456,1.7778518057342518,3.721594251739247,0.37289788403536794,1.3150836963110875,-0.36745113127889933
0.4028551998660379,283,8,7,0.9159102207086107,0.9341906205950405,1.4454145882690006,7.612311943177023,2.3931068210391504,3.8898499154092754,0.48235310160330014,2.8379058116675173,-0.29893723384646537
0.0522483840562135,270,3,9,0.8601143380941153,0.6845482989034221,6.5979345629677235,0.7293141097672273,0.5454018583109599,2.6720424947399497,0.36674659457556297,2.3510356508913928,-0.1466744137898793
0.027194020385347337,385,10,2,0.8766544188625311,0.6482715777624795,4.443509644368043,9.778828303960692,1.3391809231379692,3.370871006094042,0.31157293253611396,1.3634322532777319,-0.10295395308427453
0.1577565923161648,439,8,6,0.8128140050889089,0.5771957807254313,5.4569786451810565,1.2388905712169906,4.266975816744422,3.740119008083618,0.608467990925869,2.3169229728488006,-0.39274647413391306
0.035463890630204505,537,10,1,0.6486919612451034,0.7029236211509705,2.426336328593667,0.7176494436626957,4.108834480261223,3.9751347853475174,0.37053823413559994,1.8534932826663892,-0.10295395308427453
0.024799218956241275,436,10,10,0.935828202903958,0.6793687386291312,6.725014355842035,6.6848534456406625,3.3250625338803452,2.5633748625943875,0.5904239770301659,1.5221873329285305,-0.4568703315737765
0.07307860291643475,76,6,6,0.8528881763675309,0.8094992584928375,4.860633441338594,4.830597852604833,1.3512831409598776,4.057262412272705,0.4144966235446069,1.4677133248722622,-0.10295395308427453
0.018677327759840042,527,6,6,0.829554622752487,0.9492850775241419,1.9357264127410334,4.610963934627803,0.4274134481691244,2.296924610690566,0.46118650104043335,2.910559409284553,-0.24206516333655845
0.24953658043871763,188,9,1,0.9469955637126963,0.6698835325560464,8.519984119117176,2.725603084458746,4.073235613096696,2.1973127675137825,0.44719929444370976,1.3967481865212512,-0.4216075794408784
0.010320648756455369,348,6,5,0.518881473210602,0.6096743349103262,2.8625083803384097,1.8279247656781683,2.741308987005375,2.7479482275773903,0.3500396362681533,2.061500351455831,-0.1466744137898793
0.41009790247643974,150,8,1,0.7618447603664469,0.9125994233004464,9.332018231099472,6.107426652165644,1.4281298166231489,2.549320871209784,0.38797934763749825,2.8070013484946656,-0.2761117216549646
0.03092498042840234,472,7,10,0.9841131450218927,0.6217669667886485,0.4681729897917686,1.3293301592117257,0.60681530921328,4.196133480291567,0.5022142306175603,2.071571864985736,-0.1269940222858524
0.01497452539078473,480,7,7,0.5560427677421107,0.5728350662972035,2.528009536256909,3.285508072377834,3.294059658035837,2.502708338337296,0.4411123378718537,2.6770245502213954,-0.1466744137898793
0.3113227919300389,402,7,9,0.7274438381850201,0.5598674477293835,8.787776552846536,5.0244280564679835,2.066284634407511,2.1387201370753104,0.3703090052010611,1.7589077504127082,-0.3886688839209694
0.016243165861398807,705,7,4,0.7855273468284124,0.9312341015562211,2.8144144407972718,6.555237848851584,2.387199786382086,4.101713272559136,0.6090854596069851,2.3699054105267043,-0.2989836587940828
0.0914480235193614,489,6,5,0.6025220048142466,0.6515965654204467,9.56744963579131,1.2296707347104585,4.2872389443384264,3.0973336067478803,0.5329363052762072,2.9120232614428128,-0.24874639342631197
0.03555623070247375,447,10,4,0.5478660352276407,0.7653164424830038,1.2291575754937212,0.1594771523034788,0.24333481294596393,2.4380465737033417,0.45421330369321755,1.762874500470129,-0.458458614415228
0.45296426610166396,736,4,1,0.9848764244275223,0.6522196346253541,7.659668340192368,7.219721530168619,0.705275729046379,2.541957256962654,0.39499002948932205,1.8162255344729181,-0.38080664083570176
0.37638106746563044,327,3,3,0.6809596308397639,0.7626564925716219,8.45554145554901,1.8722639500516391,3.763057491897289,4.180922095929503,0.5050354823928787,2.450804041332464,-0.2664229038419773
0.1533368925462931,508,3,2,0.6712414133896418,0.7288026173719466,6.777854913125251,5.824320130461599,0.36157820709716737,2.754839124836345,0.6128275617362637,2.4322637234422864,-0.41417533561242764
0.30689414377774504,526,10,5,0.5338070935824235,0.8011592910052592,8.316512773652468,9.464117486205382,4.259816574412399,2.3927161631823473,0.32308037678661644,1.5957834558232027,-0.2863024432726548
0.10105102654417834,301,3,9,0.527943853849766,0.7089355438116114,9.677923759177887,6.268945919320796,4.21783003168995,2.563006625370821,0.37186792330846125,1.565541729310481,-0.26105027962057054
0.4195000324839072,164,6,6,0.6796803255008066,0.9323265135842955,5.932765644004253,3.2209163051780507,0.9542212387588817,3.16475929972019,0.484125714813179,2.4428789445042187,-0.4080495713461451
0.041828580411465886,143,8,10,0.8026407712788163,0.7833146629506895,0.13041603545882463,1.516599647724749,3.1625200004166567,2.4132537241652643,0.41766930159705706,1.832875073343279,-0.37528417369914485
0.0751549824842283,367,5,4,0.5337509667245923,0.523477425457275,4.513989281337247,3.7234164586248952,3.6283333708485688,2.796695032388295,0.359806998274687,2.419225653787134,-0.21881169764615307
0.017349708199918205,733,6,10,0.9338323743118071,0.8034279304858226,8.33794392486779,8.596345663069657,0.8071080827633614,4.208250085145271,0.5550586153603603,1.6119744466687667,-0.21206499710173574
0.015854926400892123,476,4,2,0.8463967787695426,0.8612015567658844,7.206776579259497,0.784912534367741,0.6955870285494231,2.0526326809988746,0.41164005832836253,2.461137173700452,-0.1466744137898793
0.027694396941884497,743,9,6,0.9151872860081016,0.5162373658675605,8.432615427170816,5.802547616254029,4.695487611985469,3.2953919896436394,0.5176571964985778,1.8005901898615186,-0.3755878836863448
0.043523589437460056,451,8,5,0.5230135348480155,0.9618017998334372,3.1030464246152247,3.5064869839915724,4.786170795502539,3.7155810536286626,0.6143337638834563,2.037188810380497,-0.4077322672506661
0.16135429757009292,672,10,3,0.9954776778031047,0.5305878037874578,5.316639767185256,3.8144113489104714,4.842018773239213,1.8760622854756588,0.6222571122177653,1.6149975892562076,-0.48477624410308146
0.20276512605924965,157,10,1,0.9994122721660172,0.5550401235571034,6.446596830216929,3.2485003369128607,3.0796431537360043,1.9887026081390344,0.3374154239207971,1.2665103570576073,-0.3869174217852443
0.1691189463970775,729,10,1,0.9998143131948982,0.5205259024890704,6.938874943377333,3.203347157531918,1.9113052076909587,3.432622422960465,0.32680898722684415,1.3415956631598416,-0.10295395308427453
0.1658291178703252,169,10,1,0.6530447671295189,0.5126558695503463,6.970272437127493,9.90104291701614,4.948907260572251,1.9344246123880304,0.618173792749988,1.2109095096335087,-0.5037151074571862
0.1652780452388657,740,10,1,0.7045976884413273,0.5005137847096017,6.561072652325127,9.740340818420478,4.738222601192771,1.9965913782721998,0.31377208743608753,1.204203839307914,-0.3663181907304917
0.16273658886338052,673,9,1,0.6855781252960336,0.5207042348290101,6.632201991104326,0.03115204370403557,2.14463341223905,2.0493643295219606,0.605221623237888,1.2393877655755337,-0.506117985220136
0.18005964739438712,724,9,1,0.678543634128386,0.5048555286856329,6.612927848315535,3.4513467666957665,2.025183686789021,1.9726190672230757,0.6183094344230831,1.1996954593584892,-0.5129530666372069
0.17826874067058807,694,9,3,0.9978414962878412,0.5062474966559687,6.58667533529011,3.3516468808631057,1.9898897218782277,1.9694721669620294,0.31786780106393475,1.221223347279946,-0.38146228489155104
0.18109860660878768,694,9,3,0.696496884800379,0.5404153864119917,5.480227291713914,3.707809908666375,4.794914753483243,3.41756978008125,0.5822759670603794,1.185617466240306,-0.4233496566767078
0.1667856962064958,183,9,3,0.7065876919784061,0.569605579930103,6.7564969706791285,3.15915923959407,4.943429755284068,4.523410812084479,0.6101363090244045,1.193384532375088,-0.387343164857239
0.13078653509021018,187,9,2,0.7085863065943099,0.752750557475884,6.253512547872872,2.920401574494547,1.703030958506698,4.526330648141533,0.3121502412401672,1.238352958743331,-0.10295395308427453
0.17634118792503184,185,9,2,0.6939353665572963,0.509240381626857,6.888030881854939,3.5939639021191763,1.6873054964823913,1.8554211860430203,0.3124839803770003,1.2058751506951177,-0.3930073124293267
0.1709402552532263,178,9,2,0.7040130788327542,0.5068071145312598,6.986130044429162,3.01820248437441,1.9647641027632692,1.8823154645844855,0.5769609477260631,1.3144672896160818,-0.5024828622081587
0.18247784443600903,167,9,8,0.7201093774989414,0.5494797378959168,6.527124196452244,3.5475056901325477,4.856597854311979,2.022070660695711,0.5585084835764084,1.2036957196916243,-0.4842453455944038
0.17417850019004907,182,9,7,0.9882573780062183,0.9806479136863618,6.021462316287643,2.9541322849396288,4.674419426663521,3.146617524528775,0.5830577569480802,2.188886231675959,-0.4069982805594314
0.16945456945683543,215,9,7,0.9284149069071831,0.9850355574470101,5.9002981611745255,2.596555158156952,4.968063127863989,3.0835681210750927,0.5686341663587958,2.208464712612453,-0.4062486098697411
0.1516804804133268,191,9,7,0.9370701377192385,0.9963837023748717,5.805737714407373,0.13720112692374542,4.962744052670121,4.432463181132704,0.5872891487375802,2.212243554932879,-0.3769081396600831
0.15043426075038627,224,9,7,0.9440736253178552,0.9746360354268909,5.4278676085035755,0.05699447783523204,4.9479228561037,4.432570297372461,0.5961755101592111,2.6190262724890214,-0.3737494240414341
0.1398157567633943,216,9,3,0.6588571513177498,0.9902796172633808,5.808048288700991,2.633494757243935,4.941572622083605,1.8417993898162606,0.5680920932977468,1.2293895064236646,-0.49911868356054895
0.17622716300525554,229,9,3,0.6628403542132085,0.5058241699320128,5.798040141883902,4.137951983339952,4.8020953077905535,1.822563669384829,0.5663695660175356,1.2014783066183945,-0.4959624074883499
0.13798402368420778,219,9,3,0.6466658232017792,0.9999475595705526,5.882999093144465,3.9038927887107477,4.971323042794535,1.8605065112042731,0.5780142911636295,2.1863436466274315,-0.44518535652191726
0.1254257062364479,209,9,2,0.6494290640142241,0.8464706096762779,5.813067584072751,3.9689410556324205,4.886175834131066,1.8529901681670204,0.5818566531816612,2.5614962691725522,-0.42488070222932023
0.14370330549515734,631,9,2,0.6356378765601658,0.8658826819932928,3.7776793676069866,0.05363578413110659,4.901850577139389,1.82623844928663,0.5856098494491853,1.2047051885347952,-0.507138522638373
0.2471948865467789,642,9,2,0.6240934934758992,0.8858314897723436,5.753200076085722,2.349798011634447,4.975010837432404,1.836077570411123,0.5722604065808217,2.620276662976444,-0.4242176946920993
0.2594581770959249,235,9,8,0.6157612225869127,0.8412344126393965,3.714596376946361,2.431777938218823,4.984499758193877,1.8678003014277047,0.5722435758622286,1.4402291653002632,-0.48478284456366477
0.2591393207843844,222,9,8,0.6151975224503085,0.5012679960449027,7.576606359408246,4.000991400206293,4.967779719480664,2.2122857447875317,0.5541764737495413,1.4424374466631242,-0.45541482706863445
0.2429661742728672,240,9,8,0.6174751256292033,0.8586241262645432,3.9289092942016985,2.354849989977197,4.914712342614815,1.840356599048936,0.5464021446956432,1.5066607569167125,-0.47763757738873763
0.12204389936536739,231,9,3,0.607324405242045,0.5307130340994917,7.640833545361949,0.0705942616267663,4.918550638997895,1.8729212768247725,0.5686922445256818,1.447849748722185,-0.4760571024290566
0.259561316104142,259,9,3,0.612534317104991,0.5011715956122699,7.526963364809031,4.104161770045641,4.994483446884038,1.8261008060904012,0.5787482872060443,1.4435956829731384,-0.4824919296370629
0.2528086300438121,239,8,3,0.6081632838212383,0.6053544751475375,7.817782117356476,4.402237567466545,4.579484418380305,1.8426129375284035,0.5873959316398619,1.4937257889050257,-0.48630696392203304
0.12359022660242559,613,8,3,0.6106901468444708,0.6069253264654136,3.677858263296353,4.494320660597059,4.571026190140898,1.8247327073438753,0.5867307289024297,1.467665469091885,-0.49033933785822087
0.22963949846348725,238,8,3,0.6138211885262495,0.5372461013108492,5.2911193394212575,4.018145276832923,4.631851635721328,1.8629303161515525,0.590887109300983,1.440442746526804,-0.4856536182666473
0.11991431264592078,237,10,3,0.6331868660065626,0.53817526059743,5.246009601855074,4.253057884538587,4.598996483388084,1.9607986184999515,0.5438963051979725,1.4499838137794459,-0.46649734973043566
0.11342419898406932,54,10,3,0.612992933992971,0.6030829486195192,3.9379012440333057,5.287909488813495,4.618444260941001,1.8382113868263965,0.543711747301415,1.4756965831218825,-0.4625750250027059
0.11624252364874303,632,10,3,0.6170937999930821,0.605736788093441,3.803908510937568,4.242472546981779,4.408210497851904,1.9265847805185035,0.6219820910225629,1.463832139307576,-0.497014573547653
0.2347950106837224,65,10,4,0.5981700872872202,0.6052504921467352,4.1710090586880035,4.528620060309164,0.0023345796757139325,1.847725296056524,0.5523662222002644,1.4536657144093914,-0.500953442775535
0.22536538161714387,74,8,4,0.6084550607074661,0.5974004992646373,4.344772277297728,4.364945157862047,4.600617947827375,2.2353505209451825,0.5370328393826825,1.448824543110902,-0.4478670161094427
0.11064650577957237,66,8,4,0.6047811903638625,0.5963264524991527,5.161465661188142,4.438040419660134,4.635402567065414,2.2236076030885092,0.6223289006272147,1.4597237771550096,-0.481880469045642
0.2391298952690397,591,8,4,0.7458911863434738,0.5348880819544058,3.8391542903279317,2.1490582308646538,4.519147894772793,2.160523032317946,0.599405866606833,1.4502975277481887,-0.477353448338224
0.23549330242547384,252,8,4,0.6112533561284962,0.8976599615924221,3.7343528017763377,2.1806675395142125,0.025988855895936247,2.1858014100859045,0.5280699965846121,1.411704782918739,-0.505078783003665
0.24277469328233944,253,8,4,0.5898080129690151,0.8642296539461919,3.598945052922097,2.239504205057162,4.511099050864427,2.2056799207499136,0.5361483421351018,1.4070751668310666,-0.4610851283751458
0.22680865498924277,254,8,4,0.578712649820605,0.5337610279585459,5.116151205075958,2.2581380277650727,4.5309298613041955,2.1087086671013124,0.5298065353430396,1.3131403264509574,-0.4621036964082362
0.225445337326671,270,8,4,0.5835426816605874,0.5365301369461323,3.6436885696611867,4.581810352668663,4.519569621411199,2.1304229628221614,0.5304695575099616,1.6948987282573023,-0.43895033447924997
0.30019294430446253,264,8,4,0.5743644008538741,0.5433675778932199,3.6176953980104765,2.0877866139882197,4.441081708949968,2.082086177748603,0.597264798598232,1.3084284642069575,-0.48711918557008294
0.30064608260614833,264,8,4,0.5717098120610177,0.8903653464409927,5.193654172933569,2.1155234245677716,3.987068504235208,2.0529923873287483,0.621835643727828,1.6851637557159245,-0.48259858002020256
0.3369717454146399,111,8,4,0.590595222389426,0.5391812109739537,3.4361484047371285,5.298638252832929,4.463813499512343,2.1125991829926436,0.5234699732766936,1.3081052430817601,-0.4633665280887678
0.32076590236220515,118,8,4,0.5883420526275382,0.5387096158381827,3.3415979011886447,2.3775471579232477,4.410306595853536,2.077037509126276,0.5189903165720514,1.697500040764377,-0.4391458818973694
0.3104717992553699,125,8,4,0.5790056469909152,0.5398475252023518,4.877776197809422,2.2454975210426134,4.456896312826995,2.090815812207178,0.5233558649725054,1.3057679882623094,-0.4635802191903662
0.3077388897296688,119,8,4,0.5564069421613462,0.5427944719172119,4.869346003434182,5.5096455835914435,4.517755720964605,2.1124266964736016,0.5984268282240464,1.3066370269292853,-0.4887103370404045
0.301034883564984,118,8,4,0.578902595601746,0.5434377308216265,5.081146767718176,5.161590204819354,4.4337480106303016,2.1452045164011606,0.5259524904139724,1.7008189168853796,-0.44098976740939805
0.31419903497561047,291,8,4,0.5612020082435158,0.5871038203276946,4.7908444234443515,5.444388161144818,4.483432322079635,2.113298474784797,0.5995049538539009,1.690866249036947,-0.4676873170902054
0.31319367963620437,125,8,2,0.5788908725275742,0.5817819710163569,4.9788261923428605,5.364423898047624,4.5035931910862805,2.088363530766552,0.5999949233221883,1.3041977040701576,-0.4885147931577147
0.20717862873545148,124,8,2,0.7406528319717395,0.6278308354466217,7.990511721598005,5.100889428279491,2.214356599388901,2.1139573710319666,0.5943169403326944,1.3103476276978214,-0.49517407927747037
0.08749150019276433,117,10,2,0.5855370047944933,0.6306447280772554,7.224973128945249,5.413235043922547,2.4121462350730067,2.1048852134369387,0.5954051420142449,1.3343363896987896,-0.49275888552490654
0.3188903324122962,110,8,2,0.5842170750553078,0.6348962713294685,7.937310013128273,5.22775807190958,2.5862734406784793,2.1130636965316816,0.5229472418645194,1.3126619392826353,-0.47068507247873975
0.3262050736409717,112,10,2,0.7348520546442312,0.5733641537064448,4.89536842035369,5.210094887219305,2.5234287368329715,2.134042213004272,0.5250472765443526,1.2999857875666347,-0.47315821680076436
0.09372079609191421,609,10,2,0.7542816143732954,0.6273244035828117,7.073676756331522,7.140141092455462,2.2780128916829265,2.0922828920398095,0.599523753385262,1.2973764230660592,-0.5008871659673972
0.08975804730380499,639,10,2,0.6684923088237222,0.6228607645097441,4.812900478811384,4.73431593637317,0.19357917487972975,2.3493285019143326,0.5990908582035958,1.2918355163734638,-0.5256716585111215
0.20558015457635487,627,10,2,0.7344571754508057,0.6279869190228393,4.818481913420643,0.8372487581015463,0.16734879601096,2.3339036883925655,0.6007898124931821,1.2938431125350671,-0.5221110976164308
0.09473057484888943,629,10,2,0.729542947140019,0.8896786623805625,7.249765053902758,0.9715194378305474,0.09556905681459482,2.3984870930230366,0.6026834792534987,1.36002775383927,-0.5266155577078361
0.06391491191587258,622,10,2,0.7441401024779104,0.8941486654532796,7.231624631137729,0.913027709686264,0.17877333915379728,2.3198696065427287,0.6004777473619518,1.373126585392856,-0.5242044292117289
0.09175961797874216,625,10,2,0.743843612943882,0.9120586983112816,7.090597152540534,0.5322881682792021,2.4164997236707135,2.3440905378906565,0.6004105875006598,1.2708470981510727,-0.4945842090851511
0.20443933437438297,631,10,1,0.6686861249983864,0.8970094003614271,7.267883649032227,0.5895962722750777,0.058668897526835684,2.3543107808888695,0.6044886910218435,1.3770652654695936,-0.5240869059346251
0.08927171167242984,294,10,1,0.6644608304771444,0.8948945175016063,7.088974589496413,4.7661633505234935,0.06034354350527682,1.9588566133733791,0.6065183442213917,1.367596414836595,-0.5283965942222258
0.2037859709789674,646,10,1,0.6658188717698355,0.6300825166200362,7.203997030045159,0.5025979605416735,0.1235567712313954,1.9403126961679193,0.6071954405170162,1.36438221695999,-0.5250058954117142
0.08135452498829884,608,10,1,0.6624026452119384,0.6216266434157062,7.26662511513526,4.789995039478414,2.2810224759940043,1.9475179108001583,0.6070774734144871,1.3804279449106733,-0.5055205858980225
0.08907648237598115,622,10,1,0.6584383389350758,0.6312063418880038,7.287842812127392,0.4232023921548649,0.18275315540958215,2.338393963432349,0.6056487756289151,1.367651585250087,-0.523291044336065
0.08831835233447827,619,10,1,0.6598999699805193,0.5168899594570638,7.165805839041958,0.4225294012258367,2.2688668087585313,2.3327407835544203,0.6057636591068724,1.3772173061652846,-0.4861851617199829
0.10118988470005728,596,10,1,0.66995329817219,0.5156630403208005,7.18715971206831,0.6348210762076231,2.6155554503594445,2.318871646218935,0.6078441957191801,1.3726879846058102,-0.4841477447837755
0.08889721597963537,610,10,1,0.6673903352177234,0.5158113031869682,7.171645786687383,0.5235993582738903,1.4722114080092252,1.9485466400829612,0.604864542265545,1.3690778667248273,-0.5100693366283431
0.19841579441416266,610,10,1,0.6588985057526416,0.5185859356994147,7.304613827044795,1.0858754247656224,1.0928623518016802,2.3085124554053653,0.6057933786309846,1.3796778071729248,-0.5070981957468671
0.19643418629664963,624,10,1,0.66201925518163,0.6935251773675779,7.043971285481761,0.9133037164874681,2.0938672273949015,1.9426826008725795,0.6032316292082225,1.3759800260814499,-0.5080972015078628
0.19758432001530496,576,10,1,0.6633200830926788,0.515487935858057,7.338962757268706,0.43873641276264863,2.266079054326965,2.3583120031160667,0.6086102018358452,1.3658382753623397,-0.48790288222570827
0.1991857064746022,589,10,1,0.6623443520724241,0.6928245452429924,6.239918920200656,0.984509293766898,2.188456220309872,1.9435716112782375,0.6072327433270897,1.3761122240299484,-0.5084451063109202
0.19454919210549404,583,10,1,0.6662617489158092,0.5152114143719415,9.079423397711624,0.9181154489313659,2.239324915646004,2.3300881104643434,0.6058064847360692,1.3709834392208538,-0.48593146998107056
0.2101462189708863,602,10,1,0.6659587598392172,0.6934009469464911,7.097689582914188,0.8309526633714097,2.2293832960377773,2.346071678612327,0.6038613880305421,1.381922270732439,-0.49379963960403667
0.1407641939358478,95,10,1,0.6698407839066045,0.6793290767511968,7.256289764731822,0.5024811413506403,2.211189093292726,1.958609685106809,0.5634564994728362,1.2594064853455547,-0.4974118306983734
0.14155056157921725,649,10,1,0.663623840449442,0.6696394190048902,6.257753622708423,0.9741661465134204,2.9347665717967497,1.9500596075129852,0.6065464510071074,1.378742338242036,-0.5010758704458059
0.14136316429848828,667,10,1,0.6608673072166034,0.6887660297167235,2.791949396255313,0.9715514101275808,0.14030088282471537,1.93014594712543,0.6069127826245176,1.373526939416379,-0.5265220872111643
0.14276882609692454,88,10,1,0.660091140168563,0.7220292307119498,7.2287209851758725,0.6439256104198052,0.09149248163154607,2.293936624406402,0.5587734901907291,1.3826406407136047,-0.4901383793526106
0.1365220707705045,716,10,1,0.7665477177983495,0.725112407503787,7.220107353876874,0.4402517250652629,0.11456495733274119,2.3575288161183843,0.50766797731078,1.3887104773904162,-0.5201452600125016
0.197300275866849,578,10,1,0.6627924405394048,0.667404282292603,7.214629870719246,0.3810557996962298,0.052974382918940716,2.3433039746821596,0.6067164935591882,1.251813202582331,-0.5226293468937762
0.06529641732197747,567,10,1,0.7685347196428779,0.7326746072721748,6.343467360258617,0.9777403857056371,0.017493454961718904,1.9402072047505754,0.5604877853447732,1.3669538699511345,-0.5247745278120878
0.19790278073310413,663,10,1,0.761993128499566,0.7160540158149584,6.1578235815054505,7.900485234678285,0.0661129384939514,2.2961558712340135,0.6068537945915768,1.3762830643351955,-0.5246626093737926
0.1954433985338988,713,10,1,0.7568034186205295,0.7329163625282199,6.250929581624229,8.113742777934844,0.05578276008945543,1.9350247922340875,0.4754262818360831,1.3902480527867367,-0.5237184331391134
0.05988112712971008,674,10,1,0.7641344845184407,0.6910413108709613,6.2556961956737185,8.166428190379051,0.032771626784848275,1.9320801590868841,0.6144464024417856,1.5688378549857012,-0.5242651461113765
0.2064232280193178,674,10,1,0.7641229896228615,0.688656036819583,6.1588903385057066,8.38009163308186,0.02837449870769863,1.9301597638481747,0.48257217938622876,1.927977409954784,-0.5210068779571088
0.06401087294312566,670,10,1,0.7680276630629315,0.6963523744772551,6.34863953580805,7.858721183930015,1.4692100033373725,1.9227098954407362,0.508641907758162,1.260343510642891,-0.49307667317316334
0.05926756554048059,676,10,1,0.7619284866416558,0.7397883197366651,6.236297439842761,8.075199873079153,1.852854161413583,1.9370312225133484,0.5069697739940526,1.5662429105085425,-0.47014865275309736
0.15931969608551175,552,10,1,0.7739418112721403,0.6617833296820482,4.346921887084206,7.5966131290555285,1.4717779920416376,1.9298646969935593,0.6157466708041476,1.5230052427982785,-0.5098135905039992
0.07870198271038233,659,10,1,0.6341443172280189,0.6675006241482427,6.234115112008298,1.2343282415099186,1.8543049078078235,1.925257529529222,0.6160513824642071,1.5705430235483515,-0.5053640481824996
0.07254729614141571,663,10,1,0.6834084049278609,0.658960183787576,6.242120790116441,1.642165442359639,1.5545140779891922,1.9232866494412404,0.6108975133271368,1.5679240708922542,-0.5059430863619406
0.1550288476074258,663,10,1,0.6834114997520319,0.6551384071775664,6.280990146270486,1.102288143479996,1.4957194546122516,1.9255769474347593,0.613948337331127,1.579023799633929,-0.5093286177905857
0.15731291805346473,656,10,1,0.6847244986329478,0.6676383770592869,6.133316791335701,1.1024990174918108,1.5070005299091458,1.9299721218681083,0.6163425829135087,1.557951526215302,-0.5100631903021722
0.06691341029001893,676,10,1,0.686165393608887,0.5634593859836322,6.196790798680008,1.5036442679082964,1.1447318168833718,2.0172863807528287,0.6161654826426097,1.2413777794461043,-0.521001122089582
0.056382355969419505,564,10,1,0.6875439150667118,0.9429853377628914,6.308428674235807,1.4484260388780807,1.3340989381755939,2.0249356549281967,0.6151526349777051,1.5439316208085345,-0.513557522910142
0.06403070801428398,557,10,1,0.6341006325780043,0.7429064310182611,6.309982597898912,1.6823361472491736,1.1611586781064944,2.0200225146110276,0.6146452220003522,1.5700643311661748,-0.5103683286942574
0.06434156788170135,560,10,1,0.6834078309261107,0.6453128614497273,8.170461725708982,1.5475755360227046,1.2883908089561773,2.0156267587804324,0.6161847316146996,1.5539530193564604,-0.5074058563712978
0.19207173209749803,544,10,1,0.684202991212986,0.6609938183466272,6.120420606303968,1.5108601361206975,1.1587850622202838,2.0326132056108834,0.6142993831555483,1.558381652185603,-0.5124276808662468
0.15366425171786563,565,10,1,0.6846184776000396,0.6550178209099756,6.7525522806022185,1.1256072763816976,1.1045534030016024,2.6279640566358746,0.6144551177717998,1.552997828606203,-0.502167950418035
0.06989723189226643,541,10,1,0.6397785885119391,0.6697407641020725,4.542066137019255,1.19313304661639,1.5139573285656018,2.0143447308668874,0.6146891189741747,1.5441809420601427,-0.5088666998989978
0.19573125156454985,560,10,1,0.6339999274387198,0.6631250935791942,6.7850619036551345,1.4855830064675621,1.1273856954474701,2.678305195548506,0.6130973981273634,1.5397956232449819,-0.5042809642901983
0.19535896273117406,559,10,1,0.6338289102890922,0.6631592172946148,6.812489756914878,1.5920879036216014,1.2096122424008966,2.0055838454283585,0.6151674624754784,1.543354379181582,-0.5091933213412334
0.19152581988706027,706,10,1,0.6911529704794259,0.6521383261631356,8.208457868799115,1.446753353265145,1.0729998008122612,2.4687452350236887,0.6138771350705815,1.8963829206909995,-0.4977709950004676
0.19020578580328049,567,10,1,0.6868729923649087,0.6459341025982649,6.766994687639171,1.528081013680088,0.24685912173258087,2.0323791417059422,0.6136755377767057,1.5394299849030582,-0.5230414972668251
0.27700976913484593,561,10,1,0.7163814007327386,0.6507773407961635,6.7495442882650325,0.2508888463675759,0.4181171949626093,2.0117545351343566,0.614059999340974,1.9034504496373794,-0.5134889487286939
0.18842490295240172,569,10,1,0.7134207222078827,0.6440254288108029,8.122186000211263,1.4635189463628628,0.36869833058805346,2.687858188719482,0.6163228757416856,1.926412034223005,-0.5146080117677805
0.1565833045026351,550,10,1,0.798307033829205,0.649927529512781,1.9089004911561487,1.4492593633134805,0.34013465588306063,2.6113857379321654,0.6119877136970344,1.5294388015223532,-0.5279842091010617
0.06758116458984653,562,10,1,0.7250639438536094,0.6438838750631406,1.526262815001603,1.4198538404402556,0.3382450309928046,2.5012207898244863,0.6134120081753096,1.6456574740097007,-0.5241336495477183
0.06581825449284762,715,10,2,0.7971736509112337,0.6379713368341428,1.0293005932999462,0.2764497917151584,0.2832893523481282,2.637460123045455,0.6162126625094434,1.5314548660447533,-0.5300233486809834
0.06530880736674735,705,5,2,0.7147660356318287,0.9456577437070046,6.772285207549609,1.4638577187602335,0.27973932700785575,2.4666698648846377,0.48241235405071864,1.537857385730959,-0.43900099231868867
0.06647296947936185,702,5,2,0.7173003445939725,0.8779979715262177,6.820410850788254,1.4774653523966559,0.2913323864725705,2.469631265193266,0.592365287720012,1.5311251898419156,-0.4757885245252733
0.06414234466046889,572,10,2,0.7195937281885728,0.9141224530380564,8.138900726456233,0.33374503899303565,0.3195391486763436,2.5151847403046133,0.5908040587844452,1.8841330212882095,-0.5053323493320173
0.049632479037285945,714,10,2,0.7145064912563508,0.9445524373482433,1.8871529484583789,1.5256878437659265,0.327154868417993,2.5108182308032023,0.594018765267033,1.9354102558124997,-0.5168341790517732
0.06619895561068205,689,5,2,0.7167872176129506,0.9438437736718372,1.8317769536385233,1.3633456918061677,0.3140623165982317,2.494395041465701,0.5916212916700365,1.2601481140979915,-0.48644543111462246
0.049297618897407317,568,10,2,0.6960595521479136,0.9429969192762868,1.9810388616760506,1.822973686962198,0.3109762975515082,2.480124167403865,0.5928677801009243,1.2589498812342008,-0.5268532294686472
0.05350312077653035,713,4,2,0.7209839270342902,0.6416933091649033,1.4449229927374638,1.8770025403826263,0.2901943884958617,2.5110752900687565,0.5911034878053096,1.4159685101455468,-0.46192312296854415
0.043756186647137166,714,5,2,0.7267804683391907,0.9507286107473758,2.196344116723145,0.3221975828794229,0.3292255578179083,2.4767517548191886,0.5915884305864648,1.4129750098575362,-0.4747071177719644
0.06025662234594903,715,4,2,0.7188670403733102,0.939820638648126,7.448183511260961,0.3598949969202564,0.29061765994032634,2.448900614968759,0.5903122915048004,1.2698906348407704,-0.47532614390372435
0.05509802552636107,696,10,2,0.7253860480199061,0.9457943174048027,7.711964091706978,0.30177422995553504,0.37025845677102326,2.4729468514172153,0.591660683568295,1.254427657388812,-0.5211200688912975
0.05502386431800401,714,4,2,0.727765056060731,0.9202699900176264,1.947225731431652,0.2556257497256074,0.29131792138457424,2.4804813285388017,0.5904751230454041,1.2516237921486546,-0.4712376246322578
0.049330892056269456,709,10,2,0.7249727599375682,0.9467733266498998,1.8704592044244808,0.3675068336075009,0.3107404211608711,2.42786368962217,0.59120768482346,1.4169894016934377,-0.5291334438857968
0.04372317582968178,704,10,2,0.7896721340355379,0.9569077172748255,1.5269811121619692,0.24920548264649223,0.3428321727234809,2.4492370680416675,0.5910110885293357,1.9030238587582557,-0.5177678121330799
0.10229386140441436,690,4,2,0.7882801549030317,0.7240696760900804,7.514260399496311,0.24410963653533158,0.3110844540412485,2.487050611766716,0.48180194824459005,1.2568092367337838,-0.4415401530697976
0.044458809291356476,687,4,2,0.803054132628376,0.720261347032057,1.7337453564733551,0.29050933107533455,0.2837340059690929,2.401093581807077,0.5930510852125437,1.2609757833436668,-0.4721942877595175
0.052527643716053354,699,5,2,0.7198486120083684,0.9206988570335788,1.3423318825598056,8.508236278970852,0.2933052863610902,2.43857944949306,0.5875407039374344,1.2577702740424608,-0.48066250099124136
0.04918628956241509,691,4,2,0.791461977844463,0.9178041764567789,7.714042827387153,8.777944906694326,0.3423632832697672,2.4343426490979554,0.4773835536390527,1.3446627168755367,-0.42563680923044406
0.05198459861434773,694,10,2,0.7943634950584327,0.7107793312774898,5.572531465521543,8.652670135839353,0.2366915140174511,2.4341099526405245,0.4758484561863122,1.4200364492163045,-0.4940295365548306
0.05058739606676314,643,10,2,0.8010567555895151,0.7081059787307098,1.952778027048745,0.267991786380529,0.27185049796565164,2.415411752542962,0.5932607440276159,1.4184726191151311,-0.5260884435251089
0.04776192522793054,640,10,2,0.8043173069317286,0.9179867065470874,7.755776269372856,8.385457667037608,0.5783530650806817,2.259182239879723,0.589780201059952,1.3386101104810855,-0.5163778035205984
0.05203766619512991,636,10,2,0.7989886820984033,0.7125466801704448,1.6157276749086906,9.074996982592083,0.5395361032246254,2.2661163150938024,0.4721928750882123,1.4151366460248975,-0.4996643251843376
0.05529452551391505,639,10,2,0.7840277329121946,0.7109329760209587,7.607411669888483,8.656276210905817,0.1769984909644941,2.2519570018067263,0.4707067440597311,1.339923238134859,-0.4956196305085825
0.050480805260077415,644,10,2,0.784530384975126,0.7167730091494979,5.5745261604303895,9.109390852967705,0.5367082573470259,2.2652563514018578,0.46511340370587195,1.3408045363101686,-0.48905534070334805
0.04517627544145338,640,10,2,0.8031440776858195,0.7099108592820075,5.56989986958393,8.531946689835165,0.15693752375554137,2.8641064057470134,0.46269955745357505,1.3398091518038435,-0.47506705908875535
0.10812641876272916,642,10,2,0.8079355001440974,0.7144443272305514,7.745652763473007,8.85838738882402,0.5537490294642092,2.2654460122161075,0.49211106325682696,1.3396515246863936,-0.5006516901452481
0.07356971434398617,638,10,2,0.8005081382958641,0.7076309867233177,7.809556331678467,9.325574801258798,0.5126634052490353,2.2760943430506044,0.49553388171803014,1.3395061310718053,-0.49897894641086005
0.046391511281114975,500,10,2,0.7875082974290688,0.7108901485432425,7.6660561196389425,8.892164879551165,0.5481749758645599,2.397052771806628,0.43269021235440835,1.3397059315868212,-0.4599508202462561
0.08329375967025578,639,10,2,0.8012293636228027,0.6152068024330264,7.680304971894793,9.093205054835177,0.6062195951728341,2.270158451011458,0.42959103509395286,1.3251564256081645,-0.47180361110815205
0.07745506030033686,515,10,1,0.7771704461491818,0.7122699817642225,0.6691699175333108,8.64227182051209,0.15939751875839508,2.2641415509983682,0.3807300116114874,1.3354445891751425,-0.49347123444469626
0.05016154711504817,637,10,1,0.7527485209740102,0.7052610087184479,5.534720587033714,8.608447009008952,0.5859876731871927,2.226142230559802,0.49355747378165943,1.3408128520885296,-0.496109940285906
0.07418547320209655,517,10,1,0.7783544648013189,0.7799163460680597,1.003985387608632,8.485711874434548,0.4903087160132783,2.9139698082158008,0.5791141599804849,1.3446599613582761,-0.5175098378378612
0.07948672766179506,640,10,1,0.821841429271018,0.7070148240875019,5.4592210606612595,0.8159146561701152,0.5350873048740336,2.2680723709011255,0.44359822084442113,1.4940345589573856,-0.48601467694083794
0.07866403438159855,634,10,1,0.7539786097137017,0.7127826972982432,5.554180591226855,9.04383667069211,0.5307772815490699,2.8914825626563925,0.5769975168372456,1.6493309703241308,-0.5042473314935387
0.07708962600510594,644,10,1,0.8309348770254321,0.615540641543774,2.874666023679898,6.250682089967917,0.5356768335613031,2.2277124255069376,0.4354268347693873,1.6393975594279615,-0.4845770862416212
0.08290790599215736,513,10,1,0.8196125096712934,0.7104708604662443,2.7915572305550636,8.855776607802603,0.5558574587994202,2.582070412117809,0.4495751812324941,1.3478276949415526,-0.4867998602567065
0.07923167905451171,518,10,1,0.7533541541756483,0.7095291584840858,2.478786830284321,0.7158384847169672,0.5206937280786621,2.253048506939016,0.5788466674925321,1.4902310234640086,-0.523203430280394
0.07977077851980083,524,10,1,0.8385760523904074,0.7079390411560529,1.2055994528068408,0.6565882702359613,0.16357104352039017,2.889277540026378,0.6225203464262835,1.6306430182704446,-0.5244768281583
0.07810980782387848,509,10,1,0.7764714226045853,0.7059274007274396,0.5402363761798532,6.357888278025877,0.17497923690539002,2.578670973136225,0.4436367008334787,1.6283422587762328,-0.4964057138962006
0.07575540040575439,516,10,1,0.8234953042232307,0.9061724226543484,0.8491246296584023,0.70276036478886,0.17381607458118092,2.906203108607724,0.5789831798574034,1.4252959022392488,-0.5224400360941663
0.03833050530020297,521,10,1,0.7793007393024917,0.8252423604663393,0.7592170543656634,0.665963462224745,0.182790473518535,2.5991484814063366,0.579327493803066,1.6424324806605304,-0.5081591568570727
0.08148723899706309,517,10,1,0.8218400263981155,0.6161293251863986,0.4642089648632619,0.7310345182978291,0.15076143672863995,2.806725225249246,0.5745861488424521,1.65318048404885,-0.5221762639244515
0.07366193040004666,404,10,1,0.8202295253342422,0.7816513713375133,0.8265453390357403,0.7638186382580339,0.14773443954730386,2.8976697996187304,0.6216576921328467,1.4932690170251899,-0.5204080165583758
0.07227614969373305,523,10,1,0.8309393597848018,0.7728875087624951,0.5045768843524281,0.761005811981927,0.15859672511039632,2.718369251918369,0.5800889374770859,1.6540225905472852,-0.5218833458855686
0.07698533508286796,514,10,1,0.7491319211616944,0.8193231122088006,2.5185799149514754,0.7094912090620744,0.17093809608736704,2.993002077350486,0.6211608416376041,1.6195546795711766,-0.5231001077254884
0.09685355630384425,592,10,1,0.7793492504549463,0.8162273011067254,0.9988218230415823,0.7311611997173488,0.1652616305924233,2.613820333056753,0.6226249707373384,1.6202943139527417,-0.5320426212497545
0.0770417889267879,737,10,1,0.8344651105993067,0.7802178112025078,0.8025372759758532,0.7205346032254798,0.18302776978476956,2.579306563283333,0.5775079965109734,1.638308424425638,-0.5335262190860749
0.07638853644007393,522,10,1,0.7000639373515909,0.7642668166070317,0.9597545859493044,1.878627085506837,0.16799427749844512,2.8652856673415465,0.3805271018950455,1.493792873207763,-0.49185243717028976
0.07662292641360488,653,10,1,0.752718436213274,0.7509962315627131,0.732869468930373,0.7364154618871637,0.16969801446257238,2.8251910486327594,0.5773344960252899,1.6270327099482498,-0.5270831827321062
0.0770735193854104,736,10,1,0.7569287092625355,0.8995209347039931,0.8692422615697155,0.6607218400379007,0.1532048977842282,2.600143754602585,0.5801605921457622,1.6220720668723245,-0.5333251833257436
0.03519230612983197,360,10,1,0.8299050893435407,0.7716805402343129,0.9295024577961645,0.6888809264091049,0.1422989054962079,2.595686855454064,0.5764974043956994,1.6431278985643671,-0.49002558372698185
0.03987740135417004,331,10,1,0.8234929383302085,0.9015585193307804,0.9706280797293177,0.7557807828691209,0.12255619899916141,2.8755775884047177,0.5752675086435544,1.4919467732984764,-0.48977216132727475
0.05943955020731626,749,10,1,0.750111924373104,0.7359540909931382,1.1122605107071797,0.6800292521244253,0.1471825819674844,2.8844715389727917,0.5816034440756725,1.6489330938007014,-0.5235577005280762
0.05873595608416405,378,10,1,0.7480519129835516,0.7695791791078588,0.917415994486771,0.6846923592580081,0.7249743919960583,2.967475075037698,0.578399951699992,1.6121334216654917,-0.5013413424426029
0.040278943076857754,740,10,1,0.7520661961881328,0.753592276562681,2.652254389391094,0.6774342329098895,0.12295200654317459,2.576611062118959,0.6009477520572903,1.6168232725716887,-0.5163008891813448
0.04070101965911792,388,10,1,0.838248885936825,0.7493830870664376,2.7956251369234453,0.6750904522398196,0.11664028970941592,2.5947386105174206,0.5984594904455779,1.650520809898302,-0.495221133802848
0.059533798757697175,735,10,1,0.834691781339559,0.9744785078942855,2.6731923921339855,0.6637612290557695,0.028234538674110785,2.5996681260662644,0.5806857861906236,1.623113242641903,-0.5270394233251909
0.038871150333295856,729,10,1,0.7517467808958712,0.9010254429985969,2.196191088299223,0.6991405896882701,0.030262683429031243,2.586232951124762,0.6221098174435924,1.6203362388564548,-0.5223441550270107
0.03954933425554568,743,10,1,0.832359094229554,0.9005438292715096,2.5335533340886696,0.6346469839177842,0.011336829998121745,2.5974135606622224,0.6001387415846462,1.492660281065203,-0.5221923152527524
0.03855348420342854,386,10,1,0.7393886509983381,0.8995609957566193,1.051927523069304,0.7636672491689754,0.7456327109223809,2.5990807066041373,0.6217408940859839,1.4870328437452716,-0.5088164031130059
0.09470539147272956,411,10,1,0.6992106494219983,0.7370378699815427,1.1185346743738012,4.760627430382672,0.738158228636504,2.5856890760054685,0.6020117200471327,1.4359218040485071,-0.5183327960052373
0.05703990325452885,749,10,1,0.6490000419472195,0.8744055284674039,2.1679477414734336,8.111414621242234,4.919087727141974e-05,2.560265546151372,0.600252300775466,1.4285725040256723,-0.5260783351403611
0.03845026486252252,597,10,1,0.8925079011585035,0.7582524422325392,1.2217714456725564,7.932751936578664,0.02581568738999704,2.724321741734591,0.6007791055488976,1.6056716526839134,-0.5042640101943119
0.05967495885554678,661,10,1,0.8832515009869375,0.7396705692923103,2.1809517825280507,0.01590111674788869,0.0836224825748419,2.616480692158893,0.6009938583126953,1.7430765717078591,-0.5231867842475346
0.09811197380322369,736,10,1,0.8766787719172122,0.755153229692775,2.2794869389927133,8.159019700822483,0.006623244325571681,2.643282203242607,0.6022485135585606,1.4201078993529854,-0.5317959147518511
0.09566786002245004,742,10,1,0.8501187538713159,0.7354021476002862,2.2846228734629723,0.030146295467650852,0.000559223902804315,2.7509751075290856,0.6014921616582962,1.415598071866676,-0.5331711184836466
0.0988901877194045,659,10,1,0.7362988891557903,0.7341352105220794,2.2829058750249334,8.005696750414424,0.06444652755120407,2.617329679350883,0.6015150115627487,1.4367769850576468,-0.5302486087293031
0.09785806482371918,464,10,1,0.8736770341534609,0.7365804062237079,2.2025889760557997,7.760119888063824,0.0037830915078473845,2.546609260391483,0.6032389560123839,1.4629249479534985,-0.5254892302466443
0.05896703007089313,743,10,1,0.7009142539228703,0.7338343331113348,2.208003754261614,7.838916556489064,0.026438100906050387,2.3825080448743368,0.6019404636941139,1.4177106614542538,-0.5267861271965821
0.09690826651428099,747,10,1,0.8399343949823539,0.7335588039011873,1.1766773172676053,8.11642893986916,0.02060165939880934,2.739370648112149,0.5992583472608779,1.4127981295505216,-0.5351170491077202
0.09484155205696534,597,7,1,0.7011661771996229,0.7342995776204091,2.2472210275708457,7.971762567728205,0.015973045277917625,3.2529553739431174,0.6008548352028749,1.7720139522394875,-0.46969663741324635
0.06148920458291475,746,9,1,0.8538455890243613,0.730762528178129,1.19928517022215,7.738598628507173,0.01572925302481277,3.272326638147941,0.6214109358299911,1.7318190747521456,-0.5044484271160151
0.10010653168678135,599,10,1,0.6996903532650016,0.7300863870251082,2.201244774890766,7.852660504308343,0.015891349792949427,2.360978864216055,0.6012313214538934,1.4733314218902271,-0.529371997503893
0.09583713485038543,594,10,1,0.7375850790920909,0.7338290748410502,2.2424801111352837,8.189785382608274,0.02406914743853142,2.3844087066508193,0.6006538133298515,1.735412073206804,-0.5265876275415163
0.09312406724322185,592,10,1,0.6492999143013467,0.7346480590205895,2.2075469888209165,7.937743455086003,0.03892595992195455,2.5416099210969243,0.603085501337788,1.40388488472522,-0.5263588095589726
0.09936360548347375,741,7,1,0.6504485009964046,0.7383018848804755,1.2626973235424341,7.787375027027169,0.009233984236030925,3.2733855168870996,0.6008165273130892,1.792027316214686,-0.47920046260459276
0.10458617342021034,746,10,1,0.6473637620435301,0.8849651738657834,2.2058684263130917,8.000429906496887,0.04617695729227901,2.3825995065166157,0.6074017676925466,1.4057700211858906,-0.5306087106987379
0.05866369935579094,749,7,6,0.6483328127094701,0.6788647424312462,1.2533344361923353,0.023979549565249947,0.00230610829258468,2.7436641485989615,0.5997495326681903,2.7705678731337353,-0.4441431510884475
0.09561536056986425,732,7,1,0.8607575806007747,0.8825460156702126,2.237067233320911,1.00592199613751,0.052613610073969364,2.6614830577500252,0.6026333961820264,1.73744672148112,-0.4989691361358572
0.09609347702993015,731,9,1,0.8633514089340948,0.7964651525066216,0.22316693417920386,0.009083734151170475,0.010242173789529657,2.771771831482996,0.6004990621168931,1.7762006893371383,-0.5265119670264595
0.059523177237448405,748,9,3,0.8470790663173141,0.8809914399933266,1.2834429580532123,0.05203126133162453,0.0016322003414302871,2.7236360004851514,0.6079513519911647,1.7230418310901041,-0.5177793947687901
0.09946457491055367,727,9,5,0.8556741103961875,0.679308188083027,0.11759237276325596,1.0792218592100842,0.023047475611584094,2.781596219727065,0.599311886008283,1.7136867767862702,-0.5175632073237711
0.09927255893922934,665,10,5,0.8819004731681565,0.8794695360200849,2.1381486602595094,0.0033427107260817213,0.428446749154429,2.7764091687007073,0.6106066425273153,1.72183693169122,-0.5251237555026154
0.06852887775265558,730,10,1,0.8649468213900299,0.9646142624726715,2.075705085153359,1.0595736008226553,0.028755633846822906,2.6371408030263104,0.5635378511264625,1.703338560051388,-0.5264483158665899
0.10078050256309168,661,10,1,0.8660912858884822,0.9732667511388465,2.295138686396577,0.04009476776443488,0.004055454497232557,2.687772117636602,0.5693157750233546,1.7343194921440583,-0.5325852484857737
0.10697297335620366,735,10,1,0.8757446985299352,0.9725123619965044,2.281200179556027,7.535535170930383,0.4253733568509084,2.651668341862961,0.5665897910756438,1.743412858328284,-0.5202858312028
0.010591139434324763,451,10,5,0.8633087257922838,0.9745290843787863,0.20246042932916675,0.02890099255824896,0.41151591678961374,2.6557153383297765,0.5852810186857336,1.7033313528266183,-0.4550860602006412
0.10867019300208781,427,10,2,0.8651438059741263,0.9642260476435177,0.09885660116158945,0.057493258671428876,0.4302950545210819,2.6549897352108225,0.5645277985596611,1.7292802688185207,-0.5237718886229209
0.10393603787791583,430,10,2,0.8463012662006361,0.9792970133031673,1.7255986516943764,7.492321486258309,0.4322983256591832,2.778747724439311,0.5636509349221062,1.745618225265327,-0.5111362013413894
0.08778748794418986,429,10,2,0.7620809230935323,0.8723711921879679,0.4255204796173176,7.3276897647959585,0.2177591738923828,2.6806528053899576,0.5641425021992257,1.744812704188017,-0.5161632990709605
0.10054422506600018,726,10,5,0.8554675374556516,0.8782847424247319,0.03896954359040439,7.399579392853584,0.24708389925090046,2.6653842377251267,0.5640882503473525,1.7174644071421983,-0.529437075312711
0.09065317741431343,678,9,9,0.7672794874789144,0.9809555122430517,0.22400296788156593,7.112093367931862,0.4449431748494083,2.3878483707054023,0.587383944814668,1.7185088513167504,-0.5170671617149529
0.10641379529405837,462,10,2,0.8616661474574528,0.7996488322995596,1.981151973335317,7.209805340438913,0.42563055782348913,2.660102948339485,0.5674343108646375,1.4516585521623702,-0.5213020697141592
0.10696643969692196,478,10,2,0.7679839429533216,0.978449576489843,1.7483377267290534,7.58859516036484,0.23421562622288683,2.7931095962938715,0.5661839677048675,1.4573698900388012,-0.5239613726820583
0.1099468256954015,725,10,1,0.8672080418893823,0.7955784239068802,3.0791493850192415,8.207885425326525,0.4380738008803106,2.789280107766112,0.5685538874555235,1.4571260328693374,-0.5189873304366154
0.10325398039108277,464,10,1,0.8738771477264512,0.9772353574659143,0.038944694598009644,0.9786628620418267,0.4026379812197729,2.6611094721083624,0.5851026953813134,1.45473293993331,-0.531498231659434
0.11143612631324588,612,10,9,0.7351374692792467,0.7944576487180796,2.0015452663074216,7.4752699925300075,0.38667990139180336,2.655232282557046,0.5629556477605696,1.4102637938414349,-0.5232483555360781
0.11013542291723387,730,10,1,0.8574256428301561,0.9661444079595776,2.355380889644234,7.228694470671141,0.42179613182071046,2.7932527325533787,0.5627789098852596,1.4629705790851923,-0.5238343404794809
0.11351608541543423,730,10,1,0.8680336005414078,0.7944508693671257,1.9931158859601679,7.256521009794544,0.23725208515417057,2.6729046695574157,0.5855984456518789,1.4606165986146147,-0.5296577479049855
0.1064163211107887,457,10,1,0.9013225454473133,0.7981861158819087,2.0098963826241723,7.586085901407272,0.4172206021673805,2.671127031234673,0.5955391016729915,1.4620921924251171,-0.519984956598328
0.10935255696016888,729,10,1,0.8644559885052897,0.9723285756952456,0.13676630899303444,7.520042709491005,0.25001536132662916,2.8023668125681964,0.5867518846011586,1.4517586688347022,-0.5313980203537563
0.11384986420122896,725,10,1,0.8734640593415235,0.9623019656521176,1.9705556724874282,7.506043595412598,0.4418025405595669,2.7771669613757215,0.5855473582890429,1.4465752889750103,-0.5249771561057315
0.1057135747407196,719,10,1,0.8542016972573598,0.9699656478697105,1.9844441933104302,7.344862664215093,0.2549319436243849,2.6651360013616934,0.5851889198640164,1.453487313284176,-0.5293129148788899
0.10603562953041812,731,10,1,0.9080002565465023,0.9733067703993419,1.895377880349913,7.56338750310553,0.4187108028875631,2.672463410159032,0.5877924912510156,1.4304082485056036,-0.5251711450698556
0.11004615512279269,728,10,1,0.8648712569691342,0.7900376423422557,1.981894032332401,8.185432613203783,0.24231666110573566,2.651814766343139,0.5864923135468946,1.4229327894197887,-0.5285248805644326
0.1136200855737792,724,10,1,0.8461878294745696,0.7895640229250682,2.0658408926973246,7.336807066938951,0.25710697198612553,2.656759103997604,0.5947918374353222,1.4451225189293189,-0.5279891428580832
0.11560748302639538,729,10,1,0.8460467724597077,0.7470343102398569,1.8498364001336154,7.547056918975048,0.23253175067148113,2.66788951017262,0.5953347454373101,1.422088749991371,-0.5318487229319581
0.11649151818670624,738,10,1,0.8130612786905879,0.8010710288999101,2.042779840738135,8.283955734022818,0.26484158434496197,2.6803991861722833,0.5852404059205639,2.0269695311709417,-0.527130222282925
0.087818478464972,727,10,1,0.8432018217200726,0.8013431210273136,3.082189053197645,7.131420045996308,0.2337504978525346,2.6830003982483754,0.5852081519190346,1.4256400381794747,-0.5279116932104247
0.121359938109852,728,10,1,0.732710842741617,0.7472382699923246,1.9174813237232242,8.253585613095966,0.2393757156556466,2.5387174065222697,0.5846470330356358,1.4509864350882768,-0.5252982065770223
0.10474210606141815,728,10,1,0.7072384159810694,0.7967755516869067,1.946249837105145,8.224452448268414,0.24597791201125696,2.5270502903747567,0.586813979677987,2.003715985270533,-0.5252532100298041
0.11389451052151163,721,10,1,0.7338585124016592,0.7909524115871144,3.059917508876464,8.231072238439749,0.2544590852259539,2.3898894963830886,0.5856178764744755,1.4213324068175393,-0.5280902232191317
0.08741659833603284,723,10,1,0.7329502193272458,0.7917655857816036,2.006952744666855,8.254392729806774,0.22273529632745442,2.530313830074234,0.5849250411549105,1.4147001844958573,-0.5287266530430349
0.11700749662676652,720,10,1,0.8447068699731914,0.748730481870324,2.4500433343815295,8.249030138415918,0.24090663978498333,2.5244382923551263,0.5861635334087664,1.42279731189202,-0.5294168384082122
0.11701574539634615,733,10,1,0.6425198984686147,0.748007118037336,2.415452136945071,8.183681439745511,0.23646586458715046,2.529886747755922,0.5849770271174755,1.409256109402467,-0.5244513675487538
0.13105902391036514,724,10,1,0.7355579031075975,0.7527972032439525,2.412887519170543,8.253140391439382,0.243583890438817,2.5361827928148526,0.5842916382579706,1.414114189354848,-0.5251134872560191
0.11904338232693677,730,10,1,0.7326663530220636,0.7478259039291514,2.3833120124623823,8.379413169783422,0.22966827811787796,2.5260582958956057,0.5850516450783614,1.4098194147913097,-0.5288319701108081
0.11658348653672199,729,10,1,0.8906551714368797,0.7523492308211118,2.395220732392817,8.257378194035745,0.2339771771916598,2.5346417039999083,0.5844873178508018,1.4070286864266535,-0.528155087937403
0.11402418492192355,725,10,1,0.8435972362084677,0.8525227581646705,2.599147298080552,8.302478641699691,0.24198610837580137,2.536352954580967,0.5874039363955662,1.415249844805249,-0.5294179482753711
0.12147409396535362,725,10,1,0.8482694813065669,0.853108620421103,0.013534440326879643,8.276144750601249,0.23777399136159524,2.7107369203691714,0.6099160807341477,2.1136974685332977,-0.5291115817052292
0.0868049092222668,724,10,1,0.8499184191514402,0.8516486974231451,2.5694044688970163,8.334320664644196,0.255665969115221,2.7359670535161524,0.5835183077941487,1.6720999551290898,-0.5255547732657432
0.12153518729004321,723,10,1,0.8431771526965439,0.8431705256357331,0.01759871604677979,8.139097510227453,0.25894735775719424,2.733375902367933,0.5841030569072305,1.518050902115115,-0.532654113637634
0.12235353950122532,731,10,1,0.8428972775335607,0.989150781960639,2.5549884750424097,8.3080792012403,0.24012902935289004,2.7264976372782685,0.5836509525734498,1.8068378245100656,-0.5282180490851367
0.1261614263513201,725,10,1,0.8460459140536191,0.7485195321599285,2.4374292843687284,8.251228193813537,0.22230964229377706,2.7229485103030737,0.550724983924742,1.8170010170350783,-0.5234428185675589
0.12370030813162122,721,10,1,0.8412861851600039,0.9924996402701294,2.4653366608434952,8.329048699420689,0.2393562514751007,2.531908154162754,0.5850974959739916,1.822868453610098,-0.531042504519449
0.11807359250035172,719,10,1,0.8452915210723998,0.9929050284847764,0.3013914558313662,8.276708278515574,0.2232005723083158,3.566147111950034,0.5843869825852753,1.806328205569536,-0.5278000697806193
0.1289657726027878,715,10,1,0.8467436705629885,0.9947862511582465,2.460201102961452,8.12427459873343,0.2707218972162351,2.7308716231929835,0.5852932030009796,1.5220563220246546,-0.5282534181762416
0.12255991870979428,717,10,1,0.8460567527023922,0.9901073776673772,2.497310669171582,8.137844095994966,0.24113504590482138,2.7043919866117228,0.5816592218786933,2.0964969099515844,-0.5269827548330244
0.12579413540425502,719,10,1,0.8835831720212958,0.9920530806705069,2.4145331175949325,8.048904646035979,0.23020446587282606,2.689801804987972,0.5853254223413896,1.5149622404561127,-0.5313574978340291
0.12335261917881192,716,10,1,0.8532332311837793,0.9899318123140736,2.4463398245992716,7.07740612355644,0.26099639537486335,2.6950941551335577,0.5851736910373817,1.5148894893649802,-0.5308185070373471
0.12630942627350777,716,10,1,0.8444467263140282,0.8119908008235421,1.6311762626033035,6.911112223118097,0.25848968399098726,2.7282882935570774,0.5857050223170152,1.4953747673923488,-0.5300976896036868
0.12498924070463362,716,10,1,0.8425667404471455,0.8116408101027025,1.5958258105979752,8.315289503395634,0.2697438675734227,2.7039802650129823,0.5843191943727758,2.1062289879768943,-0.5265163579767828
0.12625325990332503,719,10,1,0.8459895785012482,0.8116326570848441,1.5848694819807156,6.871622117810717,0.2667847843834773,2.6987959362584064,0.584163640901007,2.1378986931087374,-0.5269458341063648
0.1259202702961278,717,10,1,0.8484010497249074,0.8122364581867966,1.6168958727935239,7.119678890371507,0.23250519235932704,2.7178729253773817,0.5842287218365292,1.8410978697728013,-0.5299930099116995
0.12496224545500605,715,10,1,0.8449405204520988,0.8129670338151137,1.655705662075238,6.870829730932715,0.2426947768058244,2.7079834682466903,0.584261037360989,2.120585956535868,-0.5270977161633333
0.12296868070976617,715,10,1,0.8469656761890382,0.8210367114573052,2.4292452719025404,6.877864325048846,0.2354231205305055,2.708352462940315,0.5846412651727894,1.5235582916712156,-0.5297913664061783
0.11270953603635243,710,10,1,0.8445308841176176,0.8145270755293269,2.4286405945987055,7.23668681561074,0.23286697304495835,2.730058285857625,0.5714044299306045,1.4023408839724028,-0.5305948184795607
0.12527070515327374,711,10,1,0.8458483762854351,0.8137633422118216,1.6541907350155372,7.050415255165229,0.2482082115420394,2.7063794947588558,0.5945027287927562,1.4917912907553021,-0.5289356642084057
0.12012661566580554,711,10,1,0.8908728333700195,0.8164879248592553,1.6337620405403035,7.03140025555517,0.25907254645101196,2.692638652923363,0.5726810870392004,1.5004704936044329,-0.5307140950877342
0.1251853296306766,709,10,1,0.8897162686052098,0.8113835553271094,1.6550457546887754,7.97746446578368,0.20327940965604685,2.7333517357260697,0.5834104528365435,1.5122509584710826,-0.5317670886566408
0.12421989587678978,712,10,1,0.8805240864264826,0.9910859578644303,1.567160235469594,8.047097509697016,0.13451370634589405,2.702308367752404,0.5730236906638873,1.4858289907702111,-0.5311777594107184
0.126219712508469,711,10,1,0.8937840130063062,0.9896435117975335,1.5918826838842206,7.9894757177352576,0.12627204239200465,2.721136464578152,0.5713115710624315,1.505779969415496,-0.531742123485679
0.12942746709749703,706,10,1,0.8869786060662507,0.8178609766576318,0.02325037789323135,6.8123168300763375,0.12964579209112442,3.5300026993141866,0.5754357060584766,1.5042772591822435,-0.5277084824413656
0.1310166332667271,709,10,1,0.8541618261431572,0.8333057638705537,0.050190717129357396,7.948887810234429,0.13644914109392914,2.719194741904888,0.5738207483854495,1.5077988018355348,-0.5286302590331978
0.1300034028516434,708,10,1,0.8477093859129795,0.8343517193343436,0.04024865577876682,6.898319826196834,0.14242535102378262,2.714825587114926,0.5711783580078181,1.5019857930789202,-0.5304866750737923
0.12645533262642694,708,10,1,0.8532415152163318,0.843588910563788,1.5731091332815925,8.06954497344174,0.16026945879116405,2.7200024488638697,0.5729906456858588,2.077503547008836,-0.5289766705893109
0.1293013021210911,705,10,1,0.8525735135394882,0.8189232354115501,0.49211643911792635,7.939309005243558,0.13200129731958882,2.7119904804634163,0.5720104867888981,2.0806215358317943,-0.5285153916335447
0.12869031709959142,712,10,1,0.8551361367445922,0.8316767287651737,0.08040767061705331,7.894658265090205,0.12052338200264852,2.715320119407478,0.5716982447482024,1.508938490114582,-0.5299780972216
0.1286733055477178,706,10,1,0.8549501737701404,0.8323217457869463,0.020319686178875085,7.963324249168185,0.12265358177533282,2.7231066692301367,0.5715041426507163,2.1149271776970346,-0.5285962265053614
0.12149125199832414,704,10,1,0.8531778250974033,0.824970324499488,0.33543732547462773,7.74036516354111,3.5439724796964076,3.9309683142265577,0.5752966075347227,2.1708524864329886,-0.4047738238559963
0.13051808597610687,706,10,1,0.8557356500814539,0.8608624661233041,0.10077174721196841,6.99656809596085,0.11021252216273436,2.7145328147552443,0.5709926705729832,1.5147862812275488,-0.5313295102812065
0.13294939848601908,706,10,1,0.8770009930378546,0.8212124283824587,0.4603202499841452,7.9829076013761195,0.1399501121893168,2.7151606408699465,0.5733796617537806,1.4962950884114492,-0.5314779487728843
0.1319685252151187,703,10,1,0.8898665544922065,0.8343603421793544,0.40592921193131526,6.594403636901261,0.11326130239763514,2.7237814533990483,0.5708382541907786,1.5172472582984924,-0.5302620147949425
0.1400654504781726,707,10,1,0.8767115487869108,0.8276838617002834,0.563634794534099,7.041399060699786,0.1191352858088317,2.722632424134375,0.5741881549890486,1.4983077112208643,-0.5314008034888242
0.1328190389209648,698,10,1,0.8851876645040719,0.8342359768105313,1.517083678136821,7.009785339631524,0.10430382041164118,2.615208533739394,0.5720793621974087,1.5237859441613493,-0.5304637960889367
0.13340324636644668,703,10,1,0.8842119834843222,0.9997807942151775,1.5275320929592968,6.598469592847285,0.1208645823560105,2.6244311383343515,0.5940987479756178,1.5077698242290587,-0.5316317431022785
0.13573107793098427,701,10,1,0.8870973017546859,0.9988463606873266,0.6377910504180077,6.955171845978957,0.10540141751536315,2.612094320167713,0.5695547513534199,1.5157654158530527,-0.5296798205402995
0.1307233679671331,702,10,1,0.8745178106757703,0.8446558902114822,0.6428035922851496,6.917911529912798,0.11039625247735897,2.8355205288298904,0.5722658958489584,1.4982422448765356,-0.5270613680828911
0.13451432104730687,700,10,1,0.8866009049318542,0.8368955384554635,0.03258237253634353,7.876512266021301,0.11953874936243378,2.6176300055163777,0.572944175514424,1.8448900609399816,-0.5292869600003806
0.13703387115983842,702,10,1,0.8886976090419056,0.8296406454967832,0.006364107540733162,6.85500700458181,0.11944295381043023,2.611890466607215,0.5723588409198581,1.5130631458470458,-0.5332989969080916
0.13291801487472635,698,10,7,0.8870539389438311,0.8388343881258961,0.01902243186107778,6.807183998966955,0.12440012905634067,2.8298091886796506,0.5712247228364465,1.5124455771924659,-0.5252614430659921
0.13533456526153045,692,3,1,0.8887037677556395,0.8279522716286635,0.010680727923743822,6.835320720896575,0.1214519132717751,2.828964238398472,0.571877948323481,1.8540982343516685,-0.4216481829134911
0.13260775543002373,699,10,1,0.891619167337546,0.8357666264085938,0.015539210627472475,6.966262656134551,0.11877425680313874,2.809432039919871,0.5702810326517838,1.8527846046535892,-0.5311644183590642
0.13613486113986095,693,10,1,0.8782723793323265,0.8381568720316404,0.5579929847707767,6.770387913053414,0.12962658844298403,2.8312649450881384,0.5771522926562511,1.5103257612893317,-0.5301000920272432
0.13946476968686275,694,10,1,0.8882991660068386,0.8455835764373048,1.4379011330540066,6.7661984977631375,0.11892342431495792,2.842756750374614,0.5715019562252086,1.5063483722397806,-0.530057227739172
0.1280645016848891,697,10,1,0.890747025147649,0.83401210300656,1.4815497401299285,6.939857023247777,0.11376951951615745,2.8240474029445566,0.5725568048688314,1.5138856124944227,-0.5324464265415303
0.14528132895640325,700,10,1,0.897724603789225,0.8426162119222583,1.3767956307696105,6.646293966652702,0.11403551832924733,2.839911787895215,0.5724557658389773,1.5199381582373264,-0.5291249268020698
0.14463189644695812,700,6,1,0.9009723746539556,0.8393249690506309,1.3416876445086419,6.996330428597889,0.11005157912912512,2.7586776895827536,0.5697345532591687,1.5188077865208989,-0.48485589166490667
0.14529861737570196,686,6,1,0.9204242252707933,0.8414829860955302,1.4384074572870054,7.929143910451922,0.11769841987781393,2.8222207130776633,0.5723486798386306,1.5144182843763894,-0.4860446888442734
0.14387483092464676,694,10,1,0.8989890068243244,0.985095279438985,1.4345275059006846,6.650213865215589,0.12013505462414592,2.748215699263619,0.5725154061638706,1.5919753230286409,-0.5290360560100186
0.1353497112161782,683,6,1,0.505129311922899,0.8374313944854207,1.4502611945569952,7.00475857625348,0.11466659296192248,2.8264786104676767,0.5701383145478603,1.594496373866993,-0.4792732843612429
0.14557279858802022,686,10,1,0.9231196977928303,0.997473348241954,1.4254046201446244,5.869182575881748,0.10783681499423617,2.8412816868436823,0.5727028329772371,1.5614586816536697,-0.5291152310902877
0.14380468097670543,687,6,1,0.9254817641009006,0.9990732455370647,1.3922525263464052,7.712632703883411,0.10847307586695308,2.8361900081934706,0.5711823842241228,1.5885388714666786,-0.4835481428837496
0.14724907922835354,679,10,1,0.9204754736255766,0.9962128934988974,1.3547541466497843,6.62659303667574,0.10546067581656604,2.76364150402372,0.5583703440167084,1.580891733325007,-0.5304360104432219
0.14585012466314287,686,10,1,0.9049331973483208,0.9950987808637732,1.4477933472771913,6.39595278663378,0.112144342363215,2.62090235455018,0.5528588210998758,1.5719341893669783,-0.5304769741719382
0.14512969661717945,691,10,10,0.9255491170270674,0.9955021613303615,1.4154980418831913,7.721741158949842,0.3612419444513051,2.833480970558295,0.5576106860880977,1.5878716200719358,-0.5206948859576165
0.1483083231231508,684,10,1,0.8759870623328828,0.9949564396513082,0.6664908823728939,6.560067929895336,0.3682230834968623,2.8315514771201236,0.5771460443489084,1.5788379566369588,-0.530387701915498
0.13800614664859528,750,10,1,0.8758337740386486,0.990083831577557,0.5931242538158713,5.904625069788796,0.8789208732901042,2.617712689266325,0.5558559345843288,1.577323065961612,-0.5058303753384502
0.13923122867740775,692,10,1,0.878258637986428,0.9827225162484059,0.5423305213342557,6.578024096742742,0.10932824376318745,2.8166121927911614,0.5580693854885393,1.5725189380392874,-0.528286675730145
0.14370755368889723,750,10,1,0.8795027995536787,0.9984604638641684,0.5804662152189322,7.813100482717474,0.09735269738779748,2.806691806533879,0.5752559566144095,1.5595749358206863,-0.530440347990524
0.1436547786027095,747,10,1,0.896382781946567,0.99562414835463,0.418835254373071,6.539028846111134,0.10729838751460408,2.8317278728293167,0.5539940754121133,1.5845091279001793,-0.5293111023359393
0.14607294253014352,691,10,1,0.8785206939716667,0.9958898939981518,0.5787925084562136,6.547562603855594,0.3564259981436395,2.833983953496437,0.576418437035034,1.5831145360367704,-0.5286412702562738
0.1422519044026841,747,10,1,0.8805458091404057,0.9911786798203879,0.384356778615647,6.682679644854787,0.36262636981240864,2.784917455420072,0.4028719072850497,1.5706362448674385,-0.5095183849071774
0.1358074559518753,745,10,1,0.8784617008043857,0.8603619865443317,0.6596781196194113,6.643678034273002,0.35309815091423435,2.627844761214585,0.5592586244289467,1.5829509942855176,-0.5299259591533342
0.14962493381998693,746,10,1,0.8758264419260077,0.8633942693210886,0.560485273301303,7.612457129197476,0.37688209567242437,2.7736186101775813,0.5557711861375089,1.5761591786555809,-0.5248999103360702
0.14883212239577756,749,10,1,0.901179929458223,0.9859325512425756,0.6463988216356849,6.5798859543886286,0.3572547394424372,2.623536702568829,0.554339758009685,1.5782168335939757,-0.5258952505387304
0.14854991968399725,750,10,1,0.9020363814424842,0.983313240000779,0.6405920720402777,6.464840555439438,0.3605021368453387,2.6157789199611337,0.5552220262262466,1.5568893253470306,-0.5268198233732453
0.14747890209227113,741,10,1,0.9009451318191483,0.9870841522425939,0.6393384078273265,6.703397261402305,0.3470888748318238,2.7752187987868795,0.5604656063325268,1.594957294334442,-0.5280215754919307
0.1517744240068574,743,10,1,0.900231140872546,0.9846376501546926,0.5591056583597802,6.652302127160779,0.35437666648094157,2.772452698818584,0.5565680039633631,1.5751816369710938,-0.5259864536746625
0.1502801684007585,747,10,1,0.9025843287962875,0.9879225828440693,0.7827757413306665,7.6249192982938085,0.35810204043315325,2.6303441167493617,0.5556842135013116,1.5756734636712642,-0.5284960734782463
0.13805500901459325,680,10,1,0.9034405742664435,0.9852411292620147,0.3854970495538206,5.946806777174783,0.3515579180514986,2.7807408979472243,0.5605208058571286,1.5802852194903276,-0.5281285909021688
0.15581205132130735,747,10,1,0.9032559452591945,0.9890736986782623,0.3924613964734981,6.5237112623463585,0.35953815738253947,2.7810080236326886,0.5928063441517843,1.5728834288387432,-0.5278769811983293
0.16307614937209605,750,10,1,0.9011032746027685,0.9854234925522382,0.33842697115853404,6.574689288003986,0.3750583335977775,2.7816714538807976,0.5561670318391843,1.5707206829082185,-0.5244153191151143
0.15806302427305635,746,10,1,0.8992891869803273,0.8644362179029003,0.3478234103667265,6.60982810412709,0.37370167226072154,2.9690030858983394,0.5531458388891412,1.5546536744662223,-0.5266525645138082
0.15446113757779156,750,10,1,0.9108659915329872,0.9830951159181432,0.29963995715722536,7.659623144635829,0.36919345368049394,2.755037666374256,0.5615383020343974,1.5836266111874187,-0.5243285645624903
0.15202823600031118,679,10,10,0.9071802926933182,0.9862089942346186,0.3227503790726105,6.511815718077647,0.3619917510555569,2.7892683110283145,0.5573134842440158,1.5701666529402172,-0.5225405013411172
0.1599726982727394,679,10,1,0.9030910831979153,0.9842330979855307,0.8865079531714851,6.4154381661375,0.3394163958484915,2.9399825732219793,0.556718114135663,1.5700378047502117,-0.526366938507215
0.15577719045444716,671,10,1,0.8724067240669541,0.9838296129814679,0.2571784216919291,6.2851930566565795,0.3447123974303965,2.937629966784554,0.5483356801727268,1.5683714897432524,-0.5272067280349071
0.15453762250581232,679,10,1,0.9098881656221545,0.9768043688712035,0.28531977421281596,6.53720596915965,0.35416709660184975,2.951312726483276,0.5529753411823081,1.5607366305593926,-0.5248346436297648
0.1555019257706318,677,10,1,0.8969770543273321,0.9830508986055031,0.8216842846465605,7.420358838370655,0.4224983616931813,2.7762196464224465,0.5533568449018652,1.5530486207852652,-0.5220321047779461
0.11694377710201845,748,10,1,0.9032270150511643,0.8250802282946971,0.31065192940262387,6.380528322508867,0.37902512003490263,2.7784066934280935,0.5496098512737857,2.3164201887657683,-0.5147404269598518
0.16639767084683582,749,10,1,0.9097525111735166,0.982042128581552,0.30633443197430704,6.135481259769104,0.34990095488588624,2.6265732497609564,0.5466884382421777,1.4723270534623614,-0.5280188259637234
0.16958684072097943,743,10,1,0.9027793843560022,0.9830185601620971,0.2702169355575835,7.343793277224173,0.34976936268008685,2.6360923353420884,0.5928519833415704,1.4783771916044712,-0.5309434981175618
0.16340203966562003,676,10,1,0.9107529396631776,0.985068595483302,0.32676151333419845,7.387749552100523,0.35231122724177233,2.639438260901363,0.5597980883686376,1.4720199015932103,-0.5252099600577201
0.16341006314830028,738,10,1,0.9087592401042636,0.9837414558065893,0.809889099879596,7.369978612669974,0.36377458199704277,2.9913197788681445,0.3619456775061845,1.5518544005322308,-0.48906350095584644
0.11669855944011945,674,10,1,0.8967885780217872,0.9815145605003432,0.2991772165590788,7.2703191038782435,0.042663752178137594,2.973439925759468,0.5944323387112042,1.4690352541947977,-0.532787781392367
0.1671321761545734,676,10,1,0.8666500982132914,0.9782232650061075,0.2817672777524294,7.472563561968501,0.010711678895061277,3.043855005657902,0.5952421509949524,1.4788519493121053,-0.5261971008371498
0.16412242959600384,678,10,1,0.8698621377722092,0.9785663200829301,0.29609709194989364,7.317920451960552,0.008520765031783478,2.992550449806855,0.5949148013395938,1.4722818006966687,-0.528327589463398
0.16466535240185068,676,9,1,0.910969890467068,0.9553808831421761,0.3488603685214127,7.381082748252413,0.03612550066264977,2.6523118089239484,0.35284688060790964,1.4695215456634914,-0.5113408572697696
0.11619776001123118,671,9,1,0.871984581251706,0.8256933901842878,0.3175215186197847,6.186550541216688,0.021338609836765582,2.5810590181230513,0.5929895837010447,1.4654034566047778,-0.5257577491342744
0.1684130889516359,674,10,1,0.8678457299098525,0.8250609872491007,0.29134733225533715,7.384687768295698,0.031183754148314202,2.975944820874294,0.3583413440210841,1.4702937457699858,-0.5221431349505571
0.11425352406051956,675,10,1,0.8687523218446981,0.970445455404389,0.2965078171296392,7.288101453256878,0.015234588135115065,2.5646008220661543,0.5938756217764611,2.2536295996378133,-0.5277707069875842
0.11304545646542453,670,9,1,0.8681787174510891,0.9557394645968293,0.2920460433694245,7.3469797064705835,0.013178924859005708,2.56488025078234,0.35269212842131603,1.471318076501495,-0.4985382323815264
0.16381513380321,736,9,1,0.8674453448175049,0.9595441657062234,0.20828920914559412,7.3009730723034405,0.03966399918408212,2.579155350837691,0.5800910532061618,1.4746190273444868,-0.5298060436440779
0.1714703467094725,676,9,1,0.8681405237978401,0.8250360569499549,1.0598134622292166,7.382927197437367,0.016583240205979205,2.571157491670403,0.5783593932594269,1.4782042456411362,-0.5279972204273765
0.1159966856388542,673,9,1,0.8677315970574874,0.8238056484255307,0.24192731708398263,7.264907531910267,0.031688380965764706,2.661912911891703,0.5927774247738875,1.4739957351029493,-0.5278950360940607
0.11586545331342858,676,9,1,0.86897161284566,0.9586014389601383,0.24679664202101081,7.329138698918655,0.024766097629502576,2.93924865568315,0.5922119725980658,1.4711206337967189,-0.5254200319366374
0.1158143906205157,675,9,1,0.8708933212212032,0.9550378247032358,1.0384384282006478,7.379637793773806,0.005443603243939658,2.5683494521369887,0.5775767777316553,1.4706606664055015,-0.525051481446984
0.11279221454812433,709,9,1,0.867807806086,0.825764256975909,1.115926202929826,7.3766620383650965,0.011473688413655397,2.946121869098671,0.5797222254088896,1.4729108331284488,-0.5238517365919632
0.11579874551296168,674,10,1,0.8658868322085718,0.8252363690005858,0.9645661184792809,7.168394182457002,0.0012676716207190297,3.0709367753905954,0.34556116614803517,1.4712126593144272,-0.5086919312712795
0.11181050276148205,733,9,1,0.8691941424374785,0.825297182726985,0.9923188369567804,7.364413165407976,0.005086193060517469,2.5688019643641407,0.5789165286821909,1.464817028963698,-0.5255351450078397
0.11510223197222079,709,9,1,0.8607812228583054,0.9611444203553877,1.0065411774232536,7.265362162080342,0.02042183952969316,2.57535163231341,0.5792595934808146,1.4891347207315346,-0.529724872783245
0.117043755910254,733,9,1,0.868925911851769,0.8225550893969921,1.183999633744951,8.533795193511889,0.0005479540326471244,2.5699148406493015,0.5791577279211981,1.4712802611109896,-0.5247119338517868
0.1157246271317388,710,10,1,0.8641418494177399,0.7637946381507131,1.0134627502049485,8.535825345414949,0.00945029096555522,3.0973478009823117,0.36164456239415294,1.4857057851901447,-0.5095606425786174
0.1140137990973321,709,9,1,0.8714816183304437,0.9579751670121516,1.071298663556711,7.233800253434214,0.011228320540882741,2.6569007365580726,0.5792543988945731,1.479629703946562,-0.5272552726905024
0.11571564942384958,709,9,1,0.8659258627456039,0.9569314278425958,1.770712263897392,8.501591376169285,0.01199767384335984,2.569944704768871,0.5938898840392961,1.4684989993103577,-0.5272037695324842
0.11553357501185609,715,9,1,0.9686579600871741,0.8232034124464067,1.0325464997272422,8.5158763567766,0.011114611221106921,2.558369744320573,0.3497466052327326,1.477990116890467,-0.4915086323627465
0.10488739836458957,732,10,1,0.8645886660108331,0.9704824687486308,0.9714276539890635,8.54676716184516,0.0030033467178098294,2.574195938114234,0.5793826688105782,1.4850178279630435,-0.5345688740778396
0.10072771611739051,713,10,1,0.8672165058993907,0.9602093073726228,1.1273839604584488,7.205966271054761,0.016807442400073244,2.5582390580339385,0.5947364516460425,1.477140312750076,-0.5343813164656002
0.10551050255846817,733,9,1,0.9559896703982459,0.8549545119898952,1.1145435360662796,8.577417646470414,0.007735771163164568,2.660482537095019,0.5960267857645057,1.4727641785239634,-0.5252841700338151
0.10114198612889172,730,10,1,0.8656718836773548,0.9699381067006775,1.1397796310399793,7.278269119158402,0.18579407840363765,2.5638726422908493,0.5936602854762077,1.4793095157627683,-0.5345586380643922
0.09964407817963047,733,10,1,0.8659539126995284,0.9696184328917447,1.086876228823,8.52109305517976,0.005239273910076607,2.6712634377230833,0.5804462841221938,1.475680977898571,-0.5345862950380277
0.09973397879185852,309,10,1,0.8313247742222217,0.9577188855529373,1.0537525195222197,7.143024118056465,0.19164138327613778,2.6838036601645983,0.5801120829871291,1.468587832164217,-0.5164839171640453
0.10165232423141411,308,10,1,0.8634407731191769,0.9660885921246252,1.1357741032084159,7.1393515257615245,4.061369616238624,4.0647319022871,0.5791379048726006,1.6787892285969763,-0.40828144145088285
0.021022558456982327,731,10,1,0.8317483706671179,0.9623297469372305,0.9300174384082981,8.595548676311445,0.6395466771812909,2.563381417299089,0.5774719580330202,1.6873940606445623,-0.48958164409096794
0.09787487604864001,710,10,1,0.8616579705469607,0.9682207613349981,1.102523067213405,7.091947102104922,2.8375479340319174,2.676273566304801,0.5782097109420369,1.6822394366006124,-0.46403108477588556
0.10072619730452807,732,10,1,0.8342319388791843,0.9669109633962296,0.9715071657368437,8.48769960013114,0.18115910573493751,2.5695104567425266,0.5792675202453227,1.665185094383195,-0.5325267974280311
0.10104128492676741,734,10,8,0.8867230200147472,0.7748260526700002,1.0862213358999737,8.530609765363584,0.17178444130720533,2.5761312681134574,0.5801233079606216,1.446409234502932,-0.5299169089319659
0.10052263786312969,706,10,1,0.9634356897182172,0.7637435160147897,1.0583758815557425,7.719310471947872,0.1763877999776876,2.672094836706907,0.5802512514896064,1.5316277811688228,-0.5242365908856425
0.10069168634989005,704,10,8,0.8309665972144865,0.9680388468528491,1.1582159198052873,8.567175570638616,3.8825539218244294,2.6693822449637223,0.5800850537576456,1.68158118909093,-0.4549474692933863
0.10222745861623073,711,10,6,0.8864075319702426,0.8055556651077581,1.112175520523097,8.63705489990487,0.15518624523025626,3.18466280311968,0.5800225392241438,1.970379657584087,-0.5193207758746484
0.47118544672180535,730,10,1,0.9363374228917731,0.7678811149902438,1.764832976590616,7.725367214191374,2.7813911525471355,2.6712282121537836,0.5925098967522614,1.5338868338888203,-0.4676565340439125
0.10117624884807982,731,10,1,0.8883063008619698,0.9687524167266308,1.7780285093850228,8.463129713559852,0.17555306593168235,3.1089164323892278,0.5920519612595359,1.5224391473602883,-0.5310755931925724
0.09283281702853062,704,10,1,0.9626344584268449,0.9342844750270619,9.986311067798486,8.508854333287527,0.19180888549017422,4.33344123902949,0.589922122919616,1.527101588936061,-0.498232017864251
0.09319006775624201,701,10,8,0.8898808138639648,0.7743057094201927,1.7412854074702127,7.953706295917553,0.17125832165656674,2.667481918128833,0.5910941653688876,1.983779704099091,-0.5210421934402932
0.0922540545028866,704,10,1,0.8331221334212559,0.7625529113482243,1.78713517554672,8.54572925621549,0.18003041571018444,2.6636010048828793,0.5904089779883904,1.533251190924275,-0.525128222693303
0.10310081836985,719,10,1,0.9694939347679579,0.7636178776742512,0.007899362068269744,8.427913593844801,0.18387177236713875,2.879046062997157,0.5658985727598659,1.5292283047402782,-0.5213676791356391
0.08964409509010278,696,10,1,0.8879078298487032,0.8535146737462943,0.014510281103802997,8.531362798021325,0.178139720056714,2.6602000944308912,0.5655360295395534,1.5302291601132478,-0.5300271625134158
0.08695357251125016,731,10,1,0.8881123764340759,0.8530481343615804,0.056908511453938694,8.452697455748643,0.16729346377019977,2.672083441740504,0.5646262427660038,1.9835234555405536,-0.5228092949985345
0.09197792298652357,718,10,1,0.888590729655267,0.7609180607452335,0.015474855597782273,7.953789594355807,0.1728485195139878,2.6553429566304096,0.5663051893976863,1.9802621717407327,-0.5231551976268095
0.0922131370815571,718,10,1,0.8840861392791891,0.7638078555411799,0.0015949996578856415,7.975204839918825,0.19281808064021305,2.679567270381513,0.5660172444725451,1.9446451195985952,-0.5235206833501416
0.10176310823079791,700,10,1,0.8880912665818674,0.9332270719563737,1.7694841158755559,8.01824714646144,0.1784099282443572,2.8814133647086564,0.5662038690914044,1.5264971868301853,-0.5307577576974234
0.09372198428393318,732,10,6,0.8928782071782027,0.9293178675421192,0.00029188462386440985,8.028101415738627,0.1741619166168791,2.735237096236105,0.5657686564483966,2.497019418139407,-0.5135622691265095
0.0947282991288685,699,10,1,0.8853949165752346,0.8561639008631684,0.01542069160021211,8.043867567203836,0.20376493734399304,2.7333339235325607,0.590214107575933,1.9520275824346163,-0.5285561789135182
0.08987990278589648,724,10,6,0.889543127256062,0.8503193754491607,0.10525975897993906,8.033656923657633,0.17760073307703445,2.747582804071457,0.5896192528186119,1.5374369195587103,-0.5281385907465376
0.08510675514662702,730,10,1,0.8796153019553302,0.9706763190508737,1.8107294652897898,8.00806231100222,1.659982338829145,2.7340004643712885,0.5896923076509923,1.9830305778330675,-0.4706870983377729
0.022178023671165812,697,10,1,0.883455418570061,0.7582747108065507,0.009703985321388579,8.040843763626635,0.18114680983238354,2.7571282255244034,0.5650594083283895,1.5274144081129089,-0.4863718447174456
0.08897718924891655,699,10,1,0.8868794108462588,0.8505036654977901,0.015334406736780206,8.768002201375642,0.16145137735114162,2.900105500756179,0.5655937428608294,1.8808641442929697,-0.5236791971110327
0.09127195391025876,697,10,6,0.8860187399691358,0.8508490349755453,0.7819532692452169,8.01323729921581,0.19221508613202506,2.8824512296470792,0.5685428813144552,1.5304626078891774,-0.5251832360480205
0.08884999606713706,694,10,1,0.8854492375635067,0.8045962219351146,0.8173732786870984,7.959215719335776,0.17149951282030923,2.7323238426031455,0.5669526301804809,1.5348321562639808,-0.5293976212731244
0.09052054516163531,693,10,1,0.8862325340661922,0.9368690683696157,0.8110157231337538,8.852569610652546,0.17269174057622638,2.8891291804785344,0.5653447293119878,1.5250736337240038,-0.5289400286517892
0.09241993113393174,489,10,1,0.8862619320470064,0.9343498718537077,0.8022237114518311,8.767341359091706,0.1595908937561386,2.892745899606661,0.5656161763126042,1.5252604804719017,-0.5208921974251215
0.08801776583524382,722,10,1,0.8861307908957824,0.8083892640675759,0.8026398378050125,8.064542554321276,0.19652256906675336,2.5143364609717263,0.566768445289373,1.3965142943409972,-0.5298335551958361
0.08938742868923426,723,10,1,0.8846866856973283,0.9241711650301385,0.8100777324596938,8.019131370714398,0.17825977200773974,2.49447220017913,0.5970338434942312,1.5313735213587398,-0.5340799070678699
0.09319636180168568,698,10,1,0.8850765636200876,0.9373891067343124,0.7845073937194865,0.49158754826644774,0.17805824069454662,2.503090167220251,0.5666192648598114,1.5323454816102453,-0.533748916899407
0.0917179010236557,490,10,1,0.8829210501484545,0.9315441581716096,1.2797992688674897,7.80825720092515,0.19444943220148847,2.4900557151184395,0.5659773467374414,1.3931322222144005,-0.5269148700341807
0.08670416742722772,721,10,1,0.8836378738277334,0.9770782801097858,0.7080230957081491,0.4537606366679607,0.1661326098049274,2.7401336940938816,0.5952454610280986,1.393942655109038,-0.5356462284133388
0.09028728454226574,724,10,1,0.882919270335972,0.9724594218236974,0.7988791709015172,8.065330258650159,0.18630803045038313,2.4876166026960065,0.5971204244146016,1.380649450902829,-0.535440265744726
0.08664602028410442,721,10,1,0.8837685546302237,0.9711288367232744,0.7700777000872172,0.5146177032189354,0.18008064590482617,2.4912610529290387,0.5973558176782262,1.429651358935901,-0.5370903794570615
0.08993254352655909,725,10,1,0.8825033890943719,0.9736405849667891,0.8099218683118443,0.4249381908667772,0.17501195763932187,2.5021571283317106,0.5980853921298943,1.384010088932675,-0.5360233642789116
0.08962507125020884,725,10,1,0.8825453652958835,0.9251405352910741,0.8762966973429274,8.874412977906204,3.3009779090976674,2.4643429625966204,0.5959820239280189,1.384449262043621,-0.48165224895213327
0.08365526896507874,489,10,1,0.821780162011743,0.9289459417598983,0.7874511839116528,8.042653411962458,0.17072350005715625,2.478675557110749,0.5973491939863882,1.3856964121580577,-0.5277382976487098
0.08344394952913005,726,10,1,0.8118153040496411,0.9292844457388907,1.3126828949672622,8.931441259521714,0.13699406303462763,2.487194112514515,0.5976443434703737,1.393377927919818,-0.5336541978982835
0.08635726282833173,734,10,1,0.8812035308132724,0.971909547070745,0.8108004565316393,9.337169775142923,0.17711687711215757,2.4805729366312113,0.5973934159839867,1.3837863826650905,-0.5348217125480416
0.08364011883343768,732,10,1,0.8170703775499589,0.9251809953565394,1.2613611810180938,8.854765125231038,3.198299597092266,2.485866501779676,0.5978116205982952,1.3831256649692545,-0.4852271178004855
0.10526383188108178,735,10,1,0.8156145850784077,0.9706161670335374,0.8001571081720379,8.896725885664257,0.11177901046921794,2.4853137609981144,0.5968586058513491,1.3850777479341287,-0.5311956068482077
0.08038656746120829,346,10,1,0.8184897095604361,0.9722426124844405,0.7727057225779985,9.617778822012804,0.11147706430192386,2.480029225724985,0.5991330185849844,1.3906557338972678,-0.5209683658064806
0.10545436330822057,737,10,1,0.8165274893418673,0.9466585057036809,0.8627459209196402,9.017841594550628,0.11035734809469999,2.488401698432335,0.5979255095670656,1.3866305548353168,-0.5321270682997951
0.08403215530225805,735,10,1,0.8572733962838102,0.9481590447246719,0.8496260617831427,8.924341736947522,0.12861864486710065,2.4983201569713462,0.5985901914082796,1.392141718334782,-0.534128072728549
0.08455826265042497,737,10,1,0.8594232520783536,0.9748116394177924,0.7991910979743365,5.565399498564511,0.10813304158207247,3.789466279679811,0.599288152587615,1.3881183286438086,-0.5259242854663617
0.08277084055195523,730,10,1,0.8229262883541497,0.9456864607957921,1.2922896824815457,7.708104330044007,0.12190949172039127,2.501632528520281,0.6065356742554854,1.383741848546918,-0.5346539535607133
0.08447763389475836,342,10,1,0.8784372076445833,0.9707611853777561,0.72079067507809,0.4556113872082266,0.10065409197822231,2.5221157828971634,0.6079010197500532,1.4243817609972018,-0.5262372409333966
0.08279033467664193,738,10,1,0.8565065642570965,0.9742340428246911,0.7698344949107189,0.3874749470500303,0.09128295061924564,2.4901924289253126,0.6081758817608335,1.6249404137121544,-0.5332688031036366
0.10616917729865814,735,10,1,0.8566302352493241,0.948416423302448,0.7630188139544499,0.5072313208136213,0.09273179810937694,2.497438540999283,0.6075584552952344,1.4322314139629955,-0.5328084574373956
0.10531060359467109,737,10,1,0.8569318831571018,0.9450266642322585,0.8106864306219372,0.2947896546299998,0.4796607267455558,2.511087307811937,0.4231376387830237,1.4363676827917398,-0.5115142988333969
0.08249541862936786,737,10,1,0.8600178364310689,0.9761469676313457,0.7725926627619892,7.694075876905226,0.10507396637231509,2.501868370964197,0.6040080742386669,1.4329642188380962,-0.5353977212929143
0.10767702487359468,342,10,1,0.8571580620123045,0.9459325564652428,0.7749018914328709,7.74633165934563,0.12307875238758044,3.7891735517150176,0.604848801930561,1.4432210165157668,-0.5076609823303014
0.08181924542302285,737,10,1,0.8568362198889375,0.9705911978522438,1.2963319909781055,1.2911265552284799,0.0891989126905538,2.515670255407162,0.6084922092592943,1.4352539451728297,-0.5331581834542393
0.10767894229203316,723,10,1,0.8581226903690923,0.9703347627843157,1.326264331357962,0.5237442277686478,0.498555139632367,3.831137217618591,0.6049270229981195,1.4364770420632604,-0.5239720263719544
0.10430335714560447,734,10,1,0.8575161146977971,0.9733962597675453,1.2774023473708362,0.4095205754741913,0.11364344747014729,2.6138853064863072,0.6071939368037185,1.4312309084553307,-0.5329465219150183
0.1056365801155686,734,10,1,0.8559667346583315,0.9468861028790552,1.334576354995653,0.4262583953031921,0.47721549506283045,2.6145379298893237,0.6099340282128752,1.4369881954805572,-0.5316375895245321
0.1065288410843379,737,3,2,0.8574354075467059,0.9460497441256409,1.3452445492590461,0.3443254752993239,0.08926963191262229,2.607635792902482,0.4243711394962661,1.4370705689890508,-0.39244636138004524
0.10291379298314911,738,10,2,0.8368639451717416,0.9464617512174166,1.262888035402562,0.533172725505783,0.48701468287110816,2.598869662452482,0.5977763186060374,1.6050293252365107,-0.5279747986735163
0.10835699923268101,652,3,1,0.8576336994468656,0.9469157744117821,1.2044377139131925,0.4185572085243667,0.10657674065569493,2.6068491268317295,0.6062131356513508,1.6277848211358075,-0.45275419222550034
0.10574363931652866,737,10,2,0.8538513704304943,0.953752530663623,1.379047271200074,0.4368756393692188,0.09825583300995265,2.6144314718433193,0.6055219395080778,1.6374186726375524,-0.5302556229395402
0.07434723469356748,656,10,2,0.8572774803175063,0.9449478715757431,1.3483922863119289,0.4735470037851979,0.5060378358415298,3.819006424732694,0.6098951773485493,1.6491341411337221,-0.5178063215731847
0.08163154940594872,735,10,1,0.8570975166023106,0.9462950938172819,1.32389713976161,0.28887784684334167,0.48296257647362295,2.498169039485777,0.6023930629263958,1.6146258100236508,-0.5317310562423776
0.08283815056922451,736,10,2,0.8587391786958475,0.9486149410910899,1.3154422165489086,0.21398732078083085,0.083144847800851,2.434349456994477,0.6063894133323063,1.617768940247857,-0.5334740581086727
0.08203906240659486,738,10,2,0.8319649683208119,0.946108795247191,1.2869388459009978,0.26841889889223103,0.5034035384112789,2.4318093238101524,0.606945675643014,1.355626643331603,-0.5355587579110449
0.08096184461420979,736,10,1,0.8352640170553862,0.9432276123021314,1.1959403903053805,0.20221196755611692,0.27961565562697044,2.461688012012089,0.6020584058398833,1.624786726968399,-0.5330151739837502
0.07320934113053658,736,10,2,0.917769015003925,0.9627124474501482,0.8971870708142833,0.3754001977540007,0.2894864446812839,2.472622961040583,0.6031590823542671,1.3396775918999224,-0.5356255224768341
0.08161357747808265,737,10,2,0.8392450798403881,0.9486440724318423,1.2505611651668125,0.26058292230350066,0.28492425538597843,2.436258947239864,0.6076942761990266,1.6232229336341775,-0.5346639436580009
0.08088148279505775,736,10,2,0.9170370154225201,0.9649942257955535,1.2535925587120111,0.219334239567006,0.2655462757409158,2.4559971048016296,0.5999787417246724,1.357031417558295,-0.5355032456737883
0.0793401467566603,738,10,2,0.8366925356286524,0.9630970660162059,0.8968800906508109,0.43672394007094306,0.27190910285602227,2.4379028812864387,0.6079185533292346,1.3598969074044884,-0.5384826734254761
0.07156870524054461,737,10,1,0.8377230690559678,0.9123857898338752,0.9789678603542346,0.24631429770642993,0.2694251274472439,2.4315817697554674,0.6098382563255699,1.3773000854586779,-0.5356541630015174
0.07212312531147562,738,10,2,0.8358127348027936,0.9491402880736274,1.24489472876325,9.385156037701556,0.2937437841804695,2.4446271683357415,0.6090058269626131,1.3498030561309284,-0.5318765477583489
0.07672047250981626,736,10,2,0.8269020838005541,0.9542078990940419,0.9008958515538236,9.283698459576264,0.2688079461187841,2.4252262479984545,0.6093107420742575,1.3103016803944785,-0.5329191021528656
0.07319229653725641,738,10,2,0.8346353328081978,0.9544778205237314,8.637578272149101,9.201898227626415,0.2759158555439465,2.4127969714578983,0.6058304780725072,1.3311717340453795,-0.524775808980999
0.07176826372304346,738,10,2,0.8262217060130729,0.9507266973878389,0.8952214900664479,9.484309206017473,0.2831893323851107,2.4369007408179435,0.6099155376360813,1.2935471261824698,-0.5346963966734787
0.07297871501076832,736,10,2,0.827205820160259,0.9088322646947329,1.2421504262766763,9.19481001272671,0.2897908068190649,2.431738316114171,0.6108611634131867,1.3271347704813872,-0.5305954450451839
0.07175192359898908,739,10,2,0.8346830193450325,0.9104819326068907,0.947544874530086,9.271098933786748,3.605833473804089,2.4327438224213167,0.6100091485275907,1.324489436234877,-0.49058587918369484
0.07311909735538145,738,10,2,0.8351539551842788,0.9153337995301792,3.359740974390246,9.732693987029808,0.2856375053018484,2.4185439195180263,0.6108864380917056,1.3523110496081223,-0.5293554705553509
0.07346432258586405,721,10,2,0.8346879411725403,0.9551212087815162,0.9264419805330357,9.350677312538119,0.2970149841817283,2.3948328835840087,0.6077996129990799,1.3212977815649973,-0.5333870674639992
0.07458558438729151,749,10,1,0.8360759281398558,0.9516149331920956,0.5716813695886149,9.289973315363165,0.2922851685638851,2.4178018651573283,0.608086966137039,1.3070223702273138,-0.53559596100107
0.07148420627337158,722,10,2,0.8335946904773849,0.9071598742526538,0.5791662409670162,9.22520216925971,0.26885200422294814,2.426877214810529,0.6101622645969085,1.3031997267917257,-0.5311150223985133
0.07187878579751211,720,10,2,0.834709228342789,0.9522645265797302,0.6032454088492574,9.809272791979497,0.2906558911946445,2.3737256230199306,0.6098185265320724,1.3223742217665952,-0.5335222811678247
0.07026799822010057,749,10,1,0.826586648233861,0.9081530300477287,0.6426963522667551,9.662535474552918,0.3043612223515584,2.4205224748642937,0.6065456517710686,1.3715159429860684,-0.5348604250607413
0.0784233551667672,750,10,1,0.8378958575020926,0.9553142681254675,0.5733721761476556,0.22553562748881234,0.29399469109501797,2.4366906473457832,0.6048893274754996,1.354376038649719,-0.5379981728370772
0.07999167827841679,723,10,1,0.8358509651713351,0.9562534629374032,0.5688320741526413,9.428610333748619,0.27507102967237296,2.424863625039437,0.6067667485613534,1.3526932656345698,-0.5355969423652759
0.07860716800937542,750,10,1,0.8381625931444014,0.9553869742757393,0.5084518582438492,9.323251777395322,0.3003401403230386,2.4314631473373547,0.6093471187902669,1.3416955963668162,-0.5343466590603095
0.07076326484114408,747,10,2,0.8095061747499555,0.9534755247604653,0.5917844214441064,9.279472524066458,0.293105986583758,2.444941313635075,0.608663442615369,1.3084159248907063,-0.5314158766422116
0.07081510906086437,749,10,2,0.8379100092081343,0.9549767604681988,0.6171292143736975,0.2643395835048744,0.2906672617424006,2.4010553233988765,0.6120539202452968,1.3063584405403699,-0.5359380584920107
0.0704899667662705,747,10,1,0.8076571287098946,0.9567972205851247,0.9704021945759057,9.2246139222795,0.2918335201157237,2.425873213971998,0.6127116004807611,1.3071755498673427,-0.5331906183915063
0.06985492996265473,748,10,2,0.8363396022648844,0.9608274118258311,0.9342689002924537,9.482370503556643,0.3255552515249338,2.415637562929073,0.6109680674995107,1.3217021268936453,-0.5324081632484052
0.0699810493728214,750,10,3,0.8302991370710059,0.963158179314567,0.9616739972928454,9.387053970419315,0.2979016128863764,2.4128111194633797,0.614217466230513,1.3059711880470042,-0.5353405615938808
0.07025271758946673,750,10,3,0.9414155728830135,0.9185721070725696,0.9723177396147586,0.13001977784971314,0.22632157989669444,2.4029529696360608,0.6127150809331934,1.3114679965165181,-0.5361529983924973
0.07173340551905895,750,10,3,0.9382374921664433,0.9574762457296568,0.9497834395722534,0.22023585680380087,0.29236043218803337,2.414198712963276,0.6098633559824382,1.3479193559279308,-0.5332095606268994
0.07306364160561322,749,10,2,0.9208960752179154,0.9584447222830631,0.9656024443224567,9.86643211899952,0.2992895273970128,2.410277263183448,0.615622541621471,1.2839619013521815,-0.5333909706230626
0.07048995172585927,749,10,3,0.9405259555232177,0.917086986593329,1.0147066275693548,0.22056369459350075,0.2618979692243167,2.4127690294190955,0.6142162402848945,1.2951874607193454,-0.5337506229380051
0.07338711225891281,750,10,3,0.8240789164159519,0.9587924070850123,1.0381836239850961,9.707354167458215,0.29584609062372635,2.4104977479857137,0.6134854698238685,1.2950588133770684,-0.532141130960993
0.07129135502119228,721,10,3,0.8231724902395661,0.9191394455099648,1.0695813612016818,9.737191692515207,0.2823836877385445,2.4120517805325767,0.6168151015491338,1.2997235910086682,-0.5333645962730568
0.07059854762075701,750,10,3,0.9351967307226854,0.9208310987856569,0.9788595771551099,9.784088774746657,0.6716324109102246,2.3999779075444234,0.6158437609949928,1.3044449665164617,-0.5225842572180085
0.06907647793971324,750,10,3,0.8076266854569643,0.9262803083285658,0.965406036363959,0.18709037667247025,0.6249950459658525,2.3879119187755893,0.6157362656954432,1.2978870797328679,-0.5347194350983452
0.06899717081095352,750,10,3,0.8102826940392559,0.9161060663316943,0.9953804437823743,0.14339765496998189,0.30038975136093804,2.3962035632762233,0.6158993395913207,1.2868434126270603,-0.5349193802449038
0.06686687686997421,748,10,2,0.945836850586752,0.9354534274358968,0.970302603901871,9.545417004165497,0.6358395729786636,2.39354231335229,0.6147966005488761,1.2781111246891528,-0.5231605293504616
0.06881926256638808,720,10,3,0.8128324788850767,0.9365647224256048,0.9826267449357893,0.19030762413080637,0.44931422592027,2.3779605639497747,0.6167469817115574,1.314903931636358,-0.5362629650319085
0.06812519083705214,748,10,2,0.9458445203522174,0.932826773782932,1.0343950134681763,0.159150908699525,0.44728929914336235,2.336922664000025,0.6142181086382289,1.3604465202323566,-0.531694689418074
0.06552887681375213,750,10,2,0.8059650071933336,0.9365312291360911,1.0252025510379936,0.1921219115719524,0.5852637174734908,2.3394957164331096,0.6165179422363524,1.3003688135085543,-0.5344230509618794
0.06828524032928636,721,10,3,0.8127538863925992,0.9373270877402752,1.0004152878710049,9.682366422861687,0.4663216064288239,2.3167820842908133,0.6175143856657586,1.2740053096978687,-0.5333393975629486
0.06605933822092183,750,10,3,0.8085124691875467,0.9343588149239991,0.9852277314520393,9.946042866302019,0.4732824889671918,2.3535108371817364,0.6145732421771378,1.2862351220354136,-0.5327945238594951
0.07908816090555484,748,10,2,0.8096984453686092,0.9360052421288787,1.014972679265283,9.655265353984387,0.6138540396386016,2.3174535931175217,0.6135257083595487,1.27223681584448,-0.5320015424595965
0.06613417555964049,747,10,2,0.8211002140541629,0.9362018493752927,0.5755176031431549,9.97366885769548,0.6223478375130382,2.344578595648451,0.6171753946844155,1.2920698469186542,-0.5340386926291057
0.06520619284237326,746,10,3,0.9367105042343189,0.963300816680531,0.5843921860112735,9.678222294940598,0.4699826239639796,2.346268424606253,0.6168939318208672,1.287594720583508,-0.5295645748192613
0.06550313138245936,748,10,3,0.8254637117163804,0.9615257482605577,1.0182408248568406,9.490599136760173,0.645122451187678,2.3276995152382085,0.617482790503529,1.2679359690732346,-0.5320133465635227
0.06577622463103357,750,10,3,0.8246921173155695,0.9607729001635644,0.558477966489034,9.672247951210975,0.46760135769290595,2.3435464352404574,0.6125041181246487,1.2944478823342407,-0.5340308016010856
0.0659845608867675,749,10,3,0.823782521376975,0.9616799228232217,0.531204116490117,9.564487943532887,0.4637406902097454,2.3281054633103926,0.6044039459567615,1.3593102022913022,-0.531014482233875
0.06560753420906515,749,10,2,0.8112714106323048,0.9616920928758282,0.6060649652082452,9.593280410099622,0.608811992817637,2.343983995472245,0.6194531466285952,1.2898161713928769,-0.5320264617385742
0.07768140391897763,750,10,2,0.8205044081505528,0.9635038422702015,0.6432169272733753,9.40226032839046,0.522522525075961,2.3498711219995387,0.6178371683280793,1.2729009846646386,-0.5328034033409211
0.06436795431109323,750,10,2,0.8216257559892614,0.9629623705999596,0.5726258803288182,9.597476662761716,0.4716674804116331,2.35527608232252,0.6184942317500256,1.2839571473598708,-0.5324008416997724
0.0645252077056862,749,10,2,0.8262108456722091,0.9624925081394781,0.6151921944248964,9.537974289462463,0.5836516881825875,2.319248292349218,0.6182781524128572,1.2789381616958044,-0.5324105990741366
0.06429643084941956,750,10,2,0.8219773688543736,0.963846431016743,0.6703277944749322,9.599410359698263,0.4461922889421087,2.317925000003605,0.6153106995252693,1.2085561165371401,-0.5346086652187556
0.06610550308861406,750,10,3,0.8226681072858872,0.9618595575130605,0.5781415460217506,9.564866022935862,0.5552080501629945,2.316820685375489,0.6171027379977592,1.2038472378767742,-0.5346982947542734
0.06502600366906944,720,10,3,0.8232425297250154,0.9640550469615048,0.5640051481494519,9.511828363456587,0.5734018062516784,2.3374442908324733,0.6178996381132278,1.2161646412612734,-0.5314479660921041
0.06533951261404844,750,10,3,0.8236395952753651,0.9650544392053564,0.6865276860246132,9.455370820643335,0.5047342757541193,2.316922204665747,0.6200180923552577,1.2394559395816465,-0.5334866088120896
0.0642886758796937,750,10,3,0.8239813390901891,0.9653132387390043,0.5761035110725286,9.606039885194232,0.6546271372563897,2.3111467381247404,0.6193529799563938,1.2238270942287872,-0.5348056185297118
0.06565133884245197,750,10,3,0.823791159081883,0.938636459945505,0.6799216971080385,9.987222901759898,0.566706332718208,2.3402343596793402,0.6222051784544678,1.206520075842841,-0.5340155141222089
0.0647054162605322,748,10,3,0.8241412167979852,0.9395868430600275,0.5797129153995919,0.030673754743412857,0.5492655995019554,2.3032067604423334,0.6193637209754923,1.2244259249672924,-0.5359972908535605
0.06241206154381616,750,7,3,0.8224717057408091,0.937277557391886,0.5774135215574174,9.55665843221671,0.5724320261679713,2.34673497957538,0.6223298389645322,1.2240838975551305,-0.5163215918120376
