learning_rate,n_estimators,max_depth,min_child_weight,subsample,colsample_bytree,reg_alpha,reg_lambda,gamma,max_delta_step,scale_pos_weight,class_1_weight,threshold,value
0.05756691744883145,313,8,4,0.647681463341986,0.7524333531886296,0.5284701393424385,0.42975859201647204,1.5226648621595826,6,0.579394460025324,4.964829580646863,0.3968562863339211,-0.7165465439724781
0.01244893534929132,647,6,20,0.8286117142907806,0.6485948808072335,2.92089690694725,0.8910092121241175,0.9907858820168913,3,0.46345845669435587,2.2917324222859103,0.245420850872193,-0.7147197766214564
0.010365125194890927,403,4,10,0.8334278476235979,0.6605586279366045,1.1150586987087086,2.1461237590888893,0.15180983366071144,7,0.7176231164917912,1.7490980626105028,0.2523291489834663,-0.7114404085724118
0.03928063341036363,57,6,17,0.8926221729367928,0.6725678149670802,0.7981015542630582,1.6204710256846284,0.3096477661898145,4,0.6934952202818225,2.900697401113348,0.20660552242280827,-0.709445871693553
0.030563980118542364,234,10,4,0.8343805545899408,0.7817396434679063,1.9447928361414064,1.7156363513633215,0.6845998582260204,0,0.585263625522792,2.714203140866706,0.5500814326833158,-0.7161162582422786
0.015671657184414278,174,10,5,0.7308750872499296,0.6216144949490121,2.057779797343642,4.806368427868531,1.1992241760691869,4,2.403731567900296,1.4071925384545056,0.30819296053664447,-0.7106961144610396
0.014369159018168666,64,6,14,0.8606504602866201,0.7599252620965232,0.7585345202872656,4.955286992763901,0.6332719195159835,9,2.003786788134674,1.7872821254195643,0.5189651514748426,-0.7106521046385539
0.01047658303632937,713,3,12,0.7564872157270954,0.878399578013345,1.161713706309554,0.4803725036080808,1.2267945575780193,10,1.8278135853299506,1.2029801305705294,0.2932256998419931,-0.7109744407562497
0.05809683901101843,260,3,11,0.7774578771009106,0.78623186593322,4.277470311059692,0.7754392699492496,1.7141479766385195,7,0.4647598624631802,3.1933171063437102,0.5680683753612841,-0.7035706984439855
0.08154138729595255,231,8,4,0.6142829040882531,0.7931178701345653,0.3702351555758271,0.16042691556423794,1.9053118245727172,3,0.8529668081302609,2.6512485595421698,0.4206197146124685,-0.7189729369051184
0.02215655582638491,540,6,11,0.6695186929929988,0.6020518555674669,4.435177588990674,2.185013572380528,0.25760041493272823,6,0.7057947969329215,2.5744712853575416,0.21341490327829743,-0.711503402172387
0.028630887927149126,62,10,17,0.7857798814362467,0.8750910004609113,3.1212900863402364,0.6946326331021174,1.3326844362706558,6,0.4468713960587858,3.678224243996052,0.5199175118279907,-0.7197788933260612
0.013080915333586542,689,7,16,0.8424375966040373,0.8297091554512354,2.539849694635294,3.3211209175248513,1.836730251100449,8,1.2870305500705597,0.7994232224163225,0.09133339891005213,-0.7103555412175491
0.016267837310534734,629,6,4,0.7787324274069402,0.7688475061060691,0.8312671603516025,1.3861809230244293,0.0032718948413201776,7,0.4490964639506814,4.3619128391265,0.3101473040068463,-0.7139294524573057
0.0775487905757299,102,3,15,0.8165666141733864,0.6221822753727482,3.4896588361368153,2.835242906522204,0.5571095252713429,10,0.458112177868155,2.514516749776759,0.08092680162277172,-0.7088896040845822
0.08041368017485846,212,10,7,0.6444171797638042,0.6868981630136053,3.7114144509858367,0.28818716550501056,1.9100899211860014,3,2.4702630438601383,1.8120046516103006,0.3644080295473134,-0.7141363784140976
0.011723481299913144,323,8,2,0.8347335857286453,0.8665398402741468,1.9301207708392627,4.192379170993884,0.10796587070728814,7,1.0744513929001411,3.988921189738603,0.4434031464161061,-0.7134967544810887
0.0341984524202186,377,7,20,0.7648888390131607,0.8090416666915908,3.0415672314592213,1.4517547750981097,0.9172364098467678,3,1.4662525888476883,0.6203494542217844,0.3914505209484295,-0.7219658639896391
0.05243343089175515,56,10,16,0.6265807109372858,0.8936963648025922,4.920730641951123,1.557333372881196,1.9807160385001361,4,0.45319067192876955,4.870091407060123,0.17458972345454615,-0.7096963952088412
0.07238783515555534,111,10,5,0.8518886069359106,0.8847622118471739,2.592675808400793,3.3190272867130948,0.6945601829750356,3,0.8969111328789403,4.237816823184213,0.45167696073288804,-0.7173590877249768
0.0997490298707588,412,9,18,0.7995229256990948,0.7960261544634087,4.857796014705158,0.0927048209373521,1.4879230352579889,6,0.4685799774064084,3.9677902137172936,0.5306419973278529,-0.7229425669013044
0.010836649545027166,90,6,11,0.6730295421228002,0.6426858798754479,4.634676363983138,2.122526403820037,1.828123399401018,7,0.6752733058312317,0.6584457832069677,0.5574636717791361,0.0
0.012497071470224514,295,5,17,0.7678127024539317,0.7018792745910489,1.3733508657998499,0.9461029860321574,1.8304410880750908,5,0.6802491683961452,4.260023943424781,0.08176265623275816,-0.7072462827248869
0.02197493786623208,556,3,20,0.7034840762698875,0.820615632869741,0.9838255559106213,0.15580085903020957,1.2855292720102194,0,1.2483232237820896,1.0251725899964415,0.13226473107739228,-0.7101648565573074
0.015070257867530192,467,6,2,0.6603161552182468,0.7357636220947421,0.6471517248706593,0.6378341909075314,1.6292804511187964,5,0.5936617330307964,4.843449635431068,0.09955510455382108,-0.7088215925741463
0.04066428339478237,640,7,12,0.6468613953862464,0.8430480685027003,2.8784369929387745,1.2984599904318328,0.7631767887647043,2,0.7474107613111698,3.296205909956267,0.056088255006638575,-0.7083979133830749
0.051043610444345286,355,3,16,0.6811235658565642,0.6551778998952169,3.7960607897845873,4.4898920392414805,1.9832228789151929,8,1.8971824989180641,1.6737922489080348,0.4906832152151695,-0.7136353855195103
0.03342974990866182,159,10,1,0.8204274199312993,0.8108381218946137,1.471632013722914,3.4002092515475306,1.2475328950670845,1,1.917979553000947,4.511693446621433,0.07665276461219356,-0.7072177009764324
0.03996199684812481,121,8,7,0.7914142479800438,0.6636650632338461,4.236324974133632,2.8062294851542244,1.6864863961925656,4,2.3941068057734336,0.5719273170622057,0.5562542187234246,-0.7035241540498006
0.03652532516391723,103,5,9,0.6323076832589469,0.7826662485815218,1.0285343152173032,2.1365654547256785,0.6423536364425286,1,0.5346120383000705,1.9792669908143066,0.0531922888587513,-0.7075971531433385
0.01084351992519537,623,8,16,0.7570090129940703,0.7198796586041956,3.5431567433357176,2.5472638523905005,1.8723223660117618,7,1.6658131960278109,2.4864722705146485,0.2628668743764047,-0.7109334468311065
0.05735706628073958,324,8,13,0.7267647464717738,0.7734569264028517,0.6495116250973099,4.167110114131204,0.20726009342348228,3,0.620883496115957,1.0365691814558624,0.19520771479204507,-0.7193763653431622
0.019764840985243864,509,7,12,0.8171241600175844,0.7449972382567772,3.2317578926277424,0.8482681426392391,0.5602476932296092,10,0.5357122817498337,3.754683424046081,0.4744220479144768,-0.7201422617842392
0.0203527257177043,620,8,20,0.720549695480379,0.8464134034496975,2.455373964103865,0.018250253419409557,1.3093048978856787,0,1.466655354668959,3.8473164519782257,0.3350015174254066,-0.7126589942160111
0.021473709951174407,568,8,20,0.7455996831471716,0.8451029020035807,2.965492689157523,0.07056597053826741,1.3559333636948943,6,1.464113064381057,3.8844676078250355,0.3543112628752731,-0.7127925457882671
0.022933322139294332,606,8,19,0.721402804773473,0.8436372923731387,2.3202271526397307,1.0625396834036205,1.253036013116829,7,1.461257409788887,3.8338359238394624,0.4811106324890939,-0.7155901101947324
0.02146377503177719,517,8,20,0.6968242408319948,0.8335462079778427,2.4843220830667363,0.08312076121456424,1.3031673378325757,7,1.4342149528481842,3.800078437714438,0.48192105538228197,-0.7152355755802786
0.02302019995606487,470,8,20,0.7056582360346201,0.8440157861339903,2.500878347921228,0.7797107381197343,1.2942106465379704,7,1.3485473095204488,3.6529296416030927,0.4680863690288823,-0.715359423435957
0.025825590081945328,538,8,20,0.7347194744842573,0.8476847040854717,2.926511390880498,0.8177557889621582,1.3093870500858167,7,1.214852055357441,3.642746907167474,0.4773851626128288,-0.7166485971379386
0.023029306625365502,542,9,20,0.7277488498573162,0.8336257165221271,2.8998360696587637,1.1988954912795602,1.2567245163954766,8,1.3798070954353927,3.607888489414555,0.4762506024834145,-0.7164975663407513
0.02130799688709599,555,9,20,0.7264917585865336,0.8365481962709577,2.9573422180388382,1.1561002085366812,1.2750336354288145,0,1.2106021420803246,3.6398889356961925,0.4758126203368071,-0.7169151889305329
0.02217361908644715,561,9,20,0.7291545442645159,0.8399819677338359,2.949853136049723,1.0927248771690687,1.2580493078542667,1,1.2754109189072618,3.59391192313259,0.47927454785922446,-0.7166292199868572
0.022696181189652723,525,7,20,0.7287269737505991,0.8390030576219674,1.9841531602630762,1.527164829991621,0.9872488037802571,0,1.3122121984806558,3.647059373033116,0.3204838579589552,-0.7120569346219396
0.021237273197818284,521,7,20,0.7275693550670332,0.8227977205663768,2.9609309752305077,3.6095014788625868,0.9862859358371718,2,1.5232054930300059,3.56705899707749,0.3202050635372086,-0.7114722185023449
0.025295398544633856,468,9,20,0.7388351891922285,0.8504717157061613,2.9910702112366407,1.1413089854500849,1.001557132584038,6,1.3360532820936135,3.367253726303057,0.4775632248917929,-0.7169312454741372
0.02474325264979202,483,9,20,0.7379813784271336,0.8509507693721877,2.9533974574283173,1.0010704054132604,0.9368571373339997,6,1.333290211700294,3.6405569612610673,0.47313323591126233,-0.7163906633859278
0.02237024871790756,463,9,20,0.7445341302841131,0.8491624141639057,3.036195459714703,1.0155396990746532,0.975669563435995,6,1.356789288861955,3.569564894153908,0.48638646256283874,-0.7165093493864203
0.02354873913854132,689,9,20,0.728393183387359,0.8427931031585251,3.037734258901552,0.933017908887185,1.00043057945099,5,1.4315557342235539,3.6070732297021664,0.598118970583686,-0.7198484012173292
0.024910798084068483,503,9,20,0.7259981179079603,0.842214501387645,2.948997122230202,1.0904125797034137,0.9481569515705774,5,1.4845226441790293,3.6060856939322816,0.4948119028656547,-0.7164618603812987
0.025762811442466758,441,9,20,0.7302959196915616,0.8505325438657708,3.078246798955533,1.1205847896212746,1.0346514940806646,6,1.4251001996602939,3.5638550369449904,0.4960168799941497,-0.7168322440093093
0.09621044860630606,446,9,20,0.7957103189506565,0.8390723082843262,3.0340198567156964,1.091937593644288,0.947060901427023,6,1.3692160620703722,3.172342169055127,0.5965587016427618,-0.7204768179472153
0.02587051703617058,463,9,20,0.797405882573573,0.8519797105799216,2.9924162517506323,1.107629690249404,0.8789655217618493,2,1.5233788659911807,3.670801902233489,0.48358910823502166,-0.7162684227757712
0.027410439326081032,406,9,19,0.7981422017270485,0.8465991875611136,3.010404312573797,1.3375472967708792,1.3905986722873347,6,1.4469029494555505,3.61691662740485,0.5974851000786683,-0.7195762798223928
0.096467103250446,422,9,19,0.806469410584329,0.8421854204204872,0.04827053952016902,1.0524457834086052,1.5039454769419578,6,1.4397814390327313,3.7289309524642267,0.4887552567480555,-0.7169511482888578
0.027102276803880374,437,9,18,0.7379570820238064,0.7309958447420368,3.2515105613038098,1.0517070271184814,1.4323742285477554,5,1.5540806741074498,3.717052549170772,0.37131065732560986,-0.7132440857772796
0.09721377599406593,444,9,19,0.7973671682737158,0.7319968921680805,3.1749268277667575,1.1114599757952162,1.3978601795691625,6,0.5284541486723308,3.768045207301106,0.37169267091249153,-0.7189319143049396
0.09949246132805416,433,9,19,0.8000173186501557,0.7392253663031523,3.2736536207490725,1.0713885772244645,0.9242588116639899,5,1.464527130531241,3.6276591804319303,0.3530065340948445,-0.7132117826600525
0.09751563606815704,410,9,19,0.8024714095648712,0.7247893019918821,3.279621697970844,1.2706165460864796,0.9466630190278983,5,1.6159601161207033,3.6309860368930367,0.38150916212268837,-0.7141737141304906
0.09612789579202426,501,9,18,0.8724821789427687,0.7350828153799767,3.2449108614471385,0.012689311387080293,0.9388022224445597,5,1.551602863767634,3.2682872652868378,0.5987800126235308,-0.7202872911799023
0.09848685547137484,393,9,18,0.8789018375630111,0.7368021731027685,3.2033013423187997,1.175870550184032,0.9475813692123866,9,1.093628787408922,3.0790670285684554,0.5934370807959661,-0.7224150462948985
0.0927194117698716,431,9,18,0.8789600619199123,0.7391977134382594,3.9493029699828712,1.8478748112055565,1.021137687839475,9,1.6919204697056323,3.2758114158590033,0.5960990124328619,-0.7194534947840041
0.09923179232790563,401,9,18,0.8052731658732262,0.8029981852267427,3.937800486516436,1.1840197583005163,0.9475214702004838,9,1.1222689248937667,3.026224203747656,0.39127977178834383,-0.7165457953850776
0.09683836593859274,387,9,18,0.880908815512997,0.7463264638781316,3.2581677649361356,1.0880440642310543,0.9928627022934507,9,0.5391281222582754,3.3119210904257548,0.5819357911280006,-0.7116633923818453
0.09580228068887886,377,9,18,0.8693454423433142,0.8060245721909608,3.305887929634594,1.1535093859935053,0.8647923003735951,9,0.5209460312257101,3.030427959691539,0.39342070199339674,-0.7215888119173086
0.01773671051196933,424,9,18,0.797535990331329,0.7481566077711596,3.2754293868211573,0.48298316076961706,1.0847270520312606,5,0.5180122907338389,2.997115719360577,0.5934557008776433,-0.6982676298066639
0.0960258508875349,381,9,18,0.8727278003677114,0.7464040415958373,3.2016673929654016,0.4913071195356107,0.8707103330115626,5,0.5278894139010909,2.9924914688575432,0.5948126336842983,-0.6952174881769861
0.09707308828572023,381,9,18,0.8039395329404226,0.8087841290958171,3.3170670677581557,0.48003107967114556,1.1399891691661845,5,0.5307028599050296,2.9460158899227196,0.5161280923393835,-0.7209984958238581
0.09682570328040538,374,9,18,0.8741479806003207,0.7979434425887991,3.4172521496582915,0.5020681395856983,1.104429742592182,9,0.5249669469474448,3.0045716206561814,0.5227640655107257,-0.7198062089433113
0.09764069919216779,406,9,18,0.8738629117952805,0.8024109361205476,3.9542294096999995,0.5271015130408274,0.42200846789982316,9,0.5076572043877096,2.987269327602527,0.5913462046863843,-0.6929291177621595
0.01825195040884498,380,9,18,0.8832749472670227,0.7992125915466484,4.164631544097663,0.45649210815184904,0.3769890334810628,9,0.49721814833038225,2.999420604056194,0.5866772068317782,-0.6972007049255355
0.017625916392684324,382,5,18,0.8680322283842298,0.8031151345126235,4.06366218672728,0.383833670135166,0.4155173389396798,9,0.5092295741761094,2.9902630986856504,0.5917308083312532,-0.697579798129208
0.02908184905836383,379,5,18,0.8810817296004861,0.8077072171190061,3.8316322228741724,0.4085170269383702,0.474202772124809,10,0.49555804384185115,2.9248163149341786,0.5893422362276313,-0.6896846086841425
0.017772222233661667,369,10,18,0.7803392666879755,0.8017329881370514,4.093416973077552,0.41200902300589876,0.44093153306836597,9,1.1326313294214587,3.0441696215688276,0.5840311973514477,-0.7209582358692446
0.029351651606975594,351,5,18,0.8825628463745052,0.8015660003538939,3.894419117683743,0.47543153947103123,0.44544289019055877,5,1.0840082732246488,2.9303646044226297,0.5982019502824094,-0.7189524231533232
0.067600747660051,377,7,14,0.7829639729275355,0.8017467467700032,3.9585983575205637,0.488220614704016,0.46978240555508005,4,0.5198723872356135,2.963395414821246,0.5311281993034305,-0.7185660095097137
0.0639333345953554,363,7,14,0.8889469836446822,0.7655958675157006,3.9056068601787994,0.45841946972460307,0.4440285726529998,9,0.5391835299600674,0.9827328546422249,0.5283002253807758,-0.4207206676537151
0.0879393146256121,383,10,18,0.8871040102596349,0.8000199286726997,3.9769522912064654,0.4574415369447977,1.1100722884193732,9,0.4952164097898249,2.960281948718054,0.5918811721612837,-0.6873749890526807
0.06980290943999504,386,5,18,0.8851530534433966,0.7533035860571039,3.897588754406317,0.3592091745380377,1.128761008164084,10,1.0644594480655143,2.928046729479254,0.591717879179483,-0.7209632303467784
0.08763225831607398,362,5,18,0.8811032451661932,0.7534090918263011,4.000516030035841,0.47726177617097465,0.4646050938885947,9,1.0449639810866647,2.898304670957287,0.5983088978807481,-0.7216237234665416
0.07161857800484307,384,5,18,0.8968251277209267,0.7530652584265911,4.03087326587994,0.4367308139718599,0.450398678745777,10,1.0986494021093076,3.0831107531770243,0.59705062280167,-0.7208880662891033
0.08738202958822874,372,5,18,0.8894504018932705,0.7522904710876429,4.0179037577145,0.40132963029510826,0.42192340821968344,9,1.0738164886092518,2.8603336429889814,0.5301630129610979,-0.719080623168433
0.0850557619700237,376,5,18,0.8926574808464901,0.7983696248378503,2.7064593508936814,0.372816733370815,0.43051945704924477,10,1.0558591946792486,2.91274432294311,0.5347341695138519,-0.7196136974120101
0.06751853005512265,373,10,18,0.8986983122833867,0.796854434696029,2.6813475079965294,0.44390747969476385,1.1357949995950558,9,1.107723912135689,3.0394495647180966,0.5341740959553696,-0.7209925881986938
0.0700906008272789,374,10,15,0.8879412861037792,0.7987908552522068,2.686865042762733,0.3132069729793065,1.1264546663022967,9,1.027819784175695,3.0445130989034834,0.5301512113089644,-0.7214738464504522
0.07320053035726522,364,10,15,0.8902655782650555,0.7599635761529739,2.712189232880724,0.542172343982382,0.4652755127912971,10,0.8816663284170806,2.8996197516091944,0.5207044404339286,-0.7219655481449522
0.08582638302539171,359,10,15,0.8930495262518601,0.7595722192250488,3.4872206073261385,0.3138313680599524,0.4609118695456641,10,0.898332198931099,2.798193299263555,0.5332544141560523,-0.7224659391529261
0.08777701469849568,360,10,17,0.8997549561199829,0.7649739600002062,2.7015073144893798,0.41781104665769586,1.1166326688367008,10,0.9659982362093895,4.069092126120555,0.525900173938685,-0.7195423562763639
0.0856334523749561,359,10,15,0.8994001662872537,0.763366895119112,3.491912455784583,0.28065047756125505,1.1521320524484877,4,0.4787833013733583,2.7559563910014537,0.538390576377951,-0.7016096398279638
0.07214543548827908,346,10,15,0.8948649609225499,0.7677408569565537,3.6629067992500994,0.26538929155023266,0.7849775600453092,4,0.9827765322483208,2.7895676655720574,0.4230474161931468,-0.7189410221435896
0.06855482656609109,346,10,15,0.8985769152121214,0.7618585634458078,2.709140959377064,0.4020710961294954,1.1564330028239131,4,0.9436038381499321,2.8388850434978528,0.5416928124641966,-0.7220816557904608
0.06989723931700967,342,10,15,0.898514193505068,0.7593479706941176,2.7250867710927387,0.29177504254196707,1.163359066210679,4,0.8881760758470518,2.7249756239395566,0.5257918561324608,-0.7230649947345091
0.08724435460414899,288,10,15,0.7702855308104554,0.7714354666129716,3.6215913190645894,0.30708523664913734,1.1271546061147804,4,0.9966745638944955,2.813323003970295,0.5363903076020958,-0.7220246249357769
0.08676456012889162,348,10,15,0.8987137417510589,0.7670970801953546,2.6978770303881587,0.2120901891437183,1.1330364405288218,4,0.9788481535065546,2.7637900467488055,0.5349804389544837,-0.7223251394817888
0.07004138497134184,284,10,15,0.8942725668041723,0.758307595215073,2.688035180076549,0.2846376090345276,1.1692518304722546,4,0.9631343930136389,2.784061918991751,0.5339612392491888,-0.7221867224622092
0.0864776536080332,308,10,15,0.8496361912555627,0.7619271559265486,2.7139535407259348,0.26454247359297206,0.7834004512321991,10,0.9036346827829707,2.7171242092383405,0.4120187689514856,-0.7187130002048925
0.07131431617045028,300,10,15,0.8960653569068183,0.7624850915520776,2.655921473185921,0.274324756193559,0.767707078870518,4,0.8081265265097777,2.7150902508722328,0.5380355323278833,-0.7228683644249412
0.06838884915217361,284,4,15,0.8975285181473586,0.7109110531600873,4.875102254500334,0.25778424720919924,0.7643029652539282,8,0.9510720656795221,2.76690587071519,0.539503421114383,-0.7182440694083292
0.08523745215787619,287,10,17,0.8484546284606559,0.7586751050592121,2.686665323599014,0.23664519554286667,0.7778122339045475,8,0.9420714655528164,2.795959909565775,0.5394944479542159,-0.7223149172467161
0.08568727749819084,293,10,17,0.8579748461451397,0.7639657039959572,2.6987681345464485,1.8558569204884854,0.764018139154354,10,0.9539719414863052,2.754027083055691,0.5412139111068336,-0.7224471117262654
0.0737963945440406,285,4,17,0.8983372758258802,0.7608708617266156,4.6363807602217175,0.2493700544734359,0.7227416606020864,10,0.9636771880681786,2.2812183773400907,0.4140932313209812,-0.7159897361100518
0.07302072282355637,283,4,17,0.8963808985050422,0.7636448466270782,4.760446302829127,0.7040527667197871,0.8235658048455882,10,0.9550750620394534,2.7406059439310493,0.5700638493809925,-0.7195269178761201
0.0704444386898964,288,6,15,0.8514139254752875,0.7906647600591595,4.562069567510816,0.25507596776421754,0.7574247414889163,8,0.7827575015054239,2.14107758412265,0.5673278468086809,-0.715445940134472
0.07910587457437646,294,4,17,0.8598472609825217,0.7763506069998998,4.697738026980484,0.23571435522622466,0.7602261763041569,8,0.790607604536614,2.2443393338112037,0.4241906791323039,-0.7181890918399345
0.07624456946661771,292,4,17,0.8571914928901649,0.7765660503426898,4.504919527653838,0.23683006804384862,0.7891615141213804,8,0.860896276199599,2.2555600520854915,0.5684794756811039,-0.7194288900487557
0.07707307211274876,307,4,17,0.8518576103888365,0.7877612125617129,4.620637828038308,0.2569239985329743,0.7858558802248846,8,0.8478904027825407,2.708931255791687,0.42189399123552757,-0.7160694554209068
0.07507535241558787,290,4,17,0.8612050173618864,0.7895429387035721,4.595861550005187,0.2056447580836333,1.177940983556967,8,0.7979936589446451,2.325188929220504,0.5614982944231747,-0.7190231510429619
0.07836260278739897,296,10,15,0.846254771827127,0.779463030011849,3.582069819335786,0.687733627609384,1.1509761900912685,8,0.8368298046689289,2.337603508042852,0.4332433995214419,-0.7217896504325971
0.0790271022590101,282,10,15,0.851880183627445,0.7863899006937136,4.777969758981366,0.20968252519412606,0.753202873856287,8,0.817428711663987,2.338082559930917,0.5465117974636747,-0.7216067486034856
0.07698705383892177,300,10,15,0.8538527605015478,0.7773463692773961,4.662133632142612,0.20126144752018987,0.754072332778853,8,0.8004043668359444,2.3459679678054375,0.4245543162562982,-0.721232128137509
0.0773502736055312,336,4,15,0.8544621889258486,0.7732665070542638,4.899027680516035,0.2061689749152204,0.8265154123972593,8,0.821794696511022,2.2760505458125095,0.4249596135835152,-0.7179146043422582
0.07735650698470044,292,10,16,0.8473363225586369,0.7775280837830488,4.447136581568283,0.6685273529722942,0.8274280905763607,8,0.9407915433887256,2.3504769635188216,0.567314300971876,-0.7230815084549234
0.07890439938090778,284,4,15,0.8482552404302005,0.7778272825459157,3.64199088190391,0.6290554621249919,0.7582083699997477,8,0.8135422404661848,2.3801382256977606,0.4274642677689784,-0.7176010176228453
0.07874397427404775,274,4,15,0.8603800594957012,0.7893379232196681,3.6286159625038175,0.6956980440953827,0.7175590448245192,8,0.8136540761956953,2.276330525681838,0.5712772101617529,-0.7179088808112207
0.06092809854273414,281,4,16,0.8525938442209062,0.7761438510465511,4.440164626672031,0.6499996726891653,0.27871955944229954,3,0.8434565574566434,2.269100770086381,0.5650068272701654,-0.7189828218867896
0.07709975595713839,285,10,16,0.8540140018344127,0.7759396159282361,4.626345662213466,0.6280294926813458,0.28956000182662833,3,0.8227567103287909,2.5945099371867215,0.5655253720531506,-0.7228896214875468
0.07687021162646532,284,10,16,0.8587965789046205,0.7779357264155375,4.551533211701771,0.7077290253284196,0.5544666944506872,3,0.7863804544216599,2.3560327842856346,0.5685664487246332,-0.7189056129473632
0.07749177353336369,287,4,13,0.8542558356628819,0.7768694589716008,2.284843651862903,0.1840047932130099,1.2037037987389054,3,0.851377212432957,2.3026795157840754,0.5675105019261943,-0.7197193540922502
0.07800255777411111,282,4,13,0.7707403138393514,0.7753378967362095,4.670450117312786,0.6822722307335713,0.5478164839560594,3,0.7865988368302365,2.379473046375341,0.5644211520615711,-0.7193865310605292
0.07703451417552401,334,10,16,0.758394122332758,0.774519663021975,2.217834011707534,0.6722478622627575,1.1993529032998207,3,0.7988356387478158,2.375045167714027,0.5589080289066445,-0.7199192998444122
0.07958334633512637,257,10,13,0.7670538205707675,0.7847562306632588,2.263517079235433,0.6658639998159379,1.2050790336599262,3,0.8148492209680849,2.236872389068992,0.5651900140557726,-0.7179537947607673
0.07796355825377074,278,10,13,0.8593484929175507,0.7760548745724198,2.3069559322531523,0.6461385134376953,1.058114923858422,3,0.794685683189891,2.3552832654189997,0.5679925513626609,-0.718312723720375
0.07850421014088246,251,10,13,0.7667947655934115,0.7753082016613327,2.2218491131303377,0.11191832586142093,1.1975684227114247,3,0.8093952716025341,2.397705740160045,0.5676801992935124,-0.7189847797251707
0.0805433654997274,237,10,13,0.7703436329508664,0.7774733462298797,2.281580225415574,0.6534095763224045,1.1883877670599403,3,0.7569433757221496,2.3144305826676206,0.5647997869722035,-0.7150116367753304
0.07924179994432735,231,10,16,0.8545300729542462,0.7758397518339394,2.277004958356259,0.13735738325806263,1.1977526410722246,3,0.7800418067593694,2.41055428194618,0.5084916207171821,-0.7238988586995374
0.07833686602994744,250,10,16,0.8392854003368398,0.7894672673031976,2.2038614594224892,0.13630652759097645,1.1939546148234526,3,0.7919699228782175,2.3954379845898863,0.5060156147662132,-0.723515117247551
0.06350361215851143,256,10,16,0.8613501156252898,0.7857331814424395,4.3894066407197165,0.12212148884642987,0.618231863568296,3,0.8348212550595421,2.582056065948152,0.5529591699488556,-0.7234425923671737
0.0823004324953655,237,10,13,0.8392525564680229,0.784712824001635,2.307949131000271,0.1295280993137941,1.1925615994220007,3,0.7586101067066366,2.6068639526042086,0.5067190197940373,-0.7229337830405257
0.05919192732259403,253,10,13,0.7711136127864454,0.7816521751078108,2.2111497932786097,0.6474101592652576,0.5974863611756411,3,0.7942949240816487,2.6053958654509124,0.5068546312713753,-0.7230298025737896
0.08258313090576223,257,10,13,0.8396786876146733,0.7796445407033133,2.2035455759408453,0.12380822047901308,1.2119096694237854,3,0.9139924991873491,2.454375357672832,0.5044245819181657,-0.7220932546563128
0.05658845335164241,251,10,13,0.8392482982940582,0.7425793368109602,2.239673798082709,0.10614571956270613,1.5824244981739617,3,1.0030709553583042,2.5557381325077735,0.5039774104782299,-0.7219682619566002
0.06390592541803018,258,10,13,0.8315246346880378,0.771386442755066,2.2582975078475105,0.11566450273153134,0.626133964061104,3,0.9246234808251748,2.556725524904326,0.5081821525122893,-0.7228834969905763
0.06018194857568185,252,10,13,0.7707178303754655,0.7242079874043142,2.387288099492417,0.09199472014835569,1.2119497750678698,3,0.9214721517959681,2.585970969428072,0.5484198101072881,-0.7228456764086566
0.060672632979963254,240,10,13,0.8378361371017637,0.7822408730905414,2.209970674538012,0.10974239481541567,0.6292728609313046,3,0.9178837200102561,2.6026449315299076,0.5078436577252451,-0.7229212663526021
0.061658301659176996,241,10,16,0.8396772900011829,0.7825348773934969,2.240238529114533,0.11357921224777631,0.6347655084037411,3,0.9212626554729838,2.5343664795765797,0.5040411577476972,-0.7224959587441081
0.06391825655938856,244,10,16,0.8305045904393099,0.78274910047958,2.2824503834267817,0.08914590971407466,1.0565901149512889,3,0.9245037124703712,2.6057317159432305,0.5492723842758755,-0.7234855171000066
0.09171759531423625,233,10,16,0.8275137262322135,0.7715756065671735,2.302105880430652,0.10385897586453172,1.0657475166102923,3,0.9149846852209189,2.583400516262168,0.503938694858264,-0.7223414381877957
0.05859943920223169,236,10,16,0.8295321159799476,0.7712953980155467,2.231649716880397,2.0206184507338487,0.6362135922507048,3,0.9176560302391442,2.6200795545228357,0.5001831970753604,-0.7225778543003814
0.09195346110447417,237,10,13,0.8360495253537737,0.7705218243414388,2.336922981850003,1.7231832715416213,0.6309731191488898,4,0.912003636622841,2.5785954459023417,0.5134209048465436,-0.7227699291140487
0.08237769174605875,230,10,16,0.8252244447012456,0.7412324623546833,2.3138747997849114,0.10587428339716781,0.6144620180973157,4,0.9242161428964989,2.5310878554129865,0.5105950649121558,-0.7222116261761846
0.08220081264434254,243,10,16,0.8384736604695777,0.7402279625250093,2.217429218897772,0.08488773484658965,1.0539509995791412,7,1.0067359369484565,3.426311668450771,0.5091174679266842,-0.7200853832514928
0.05467998124774087,257,10,14,0.8761683883298733,0.7416439567426284,2.319586682370662,0.06048239657284454,1.0625971775568632,4,1.1708932752469994,3.1769659032533912,0.4992769310970584,-0.7191815868221966
0.08263079915026905,234,10,14,0.8377966164766948,0.7437282193560555,2.3781849068246568,0.09723498661528915,0.6443045765119408,4,0.9170749136337409,2.579046893765729,0.5129322864251599,-0.7220383900884438
0.0567451599879939,244,10,14,0.826320264871178,0.7233899715698866,2.8064603985888055,0.09645554138492218,0.058378642331602726,4,0.9210163700217345,2.597818406275304,0.5109457098539901,-0.7221525535103094
0.05220850633338129,228,10,14,0.8350627889537067,0.7401186256199881,2.8224225830547467,0.08003757958434862,0.6253836731077607,4,0.9121932535424344,2.5744109764147236,0.5070020826546616,-0.7222163510602265
0.09117371851413858,234,10,14,0.8643978558293786,0.7431729221614701,2.4372988615137725,0.10175372046805135,0.6415018416370233,4,0.9142225155228476,2.57895030890588,0.5048049020133254,-0.7222649758169175
0.09166203601258019,220,10,14,0.8237625230822199,0.7439832740402548,4.310521353691384,1.8634153963512226,0.09685889630532793,4,1.0056871832497438,2.5739791708798516,0.5059459951473829,-0.7222246875621497
0.05072627342586447,318,10,14,0.8228300046659698,0.7423730644822926,2.5794848429585415,0.024086804546419482,0.1502861438695584,4,0.9156592597597415,2.5366502697054405,0.5090605010862226,-0.7227003333668984
0.05313425818084521,214,10,14,0.8318026326092862,0.7418115521510722,2.4123991243309573,1.8078688109726244,0.05820486415639747,4,0.7297147340021435,2.601139010570378,0.5034310800853342,-0.7236757192228065
0.09152348159029897,197,10,16,0.8375606113270747,0.8213706355973573,1.9445034578442189,1.8589868090518809,0.6416933170597133,2,0.7128025148666017,2.598140105839306,0.5049722471603215,-0.723784226399502
0.0917659970397283,216,10,14,0.834334730561233,0.7390095625963762,2.1341507886986473,1.8762735745173285,0.10823847817392401,2,0.6508760115414872,2.563567084863791,0.5070054944409641,-0.7212372355505784
0.0925675064191762,191,10,14,0.8274058999959614,0.7395572272077945,2.8234612627918887,0.008976064022436003,0.09710160201526064,2,0.7403104285472895,2.5039416370358305,0.5095893854067567,-0.7224862059104761
0.09124005573919854,321,10,14,0.8287300267078879,0.8168728167571757,1.6509740271322033,0.0008684168886721605,1.6346788676104038,2,0.722711204734716,2.5700888994817443,0.508984750827205,-0.7225194626863527
0.09183957938165092,194,10,14,0.8281153524342187,0.7426862209202999,4.319729832437793,1.7276110392175192,1.5514785617479423,2,0.7087872732637873,2.5463893229517285,0.5076976047103555,-0.7228300474377128
0.053687587658559105,200,10,10,0.829888750154748,0.8166525519840726,1.708141646983622,1.6931661714601944,0.5997068007977711,2,0.6863442535368637,2.598680130336649,0.5019147510927446,-0.7236464662679675
0.05147880347526066,207,10,10,0.8329701780941585,0.7834458564644563,1.7981026142653245,1.9439317658820099,0.6512305700884198,2,0.6578380929951301,2.606643404087213,0.513049555363441,-0.72345658667369
0.06323799919479481,209,10,14,0.8294273062518853,0.7833049128750852,2.0261756467581566,2.0261508340626415,0.6343646413449522,2,0.7209349434090769,2.069088620726256,0.45653353229535165,-0.7234910908084189
0.046772108313917975,193,10,10,0.827562779401588,0.7935782064394409,1.6517144926693623,2.4381533812440743,0.648176892814339,2,0.705198842693507,2.14204839867612,0.4635991615969848,-0.7236654131360305
0.06316641396450255,194,10,12,0.8285074072396753,0.7841466746614834,1.9402960837323087,0.03233622847507982,0.6486014423113688,2,0.7219355620233366,2.111363456189343,0.5129036938217891,-0.720325186501538
0.045163004017385266,206,10,12,0.8303968699165226,0.6771294379006402,1.825677755870062,0.008139182863947325,0.668330192473203,2,0.6482664587544542,2.6051697952341932,0.4593139963939496,-0.7220264117549047
0.05324120247170762,210,10,10,0.8268517857424755,0.8136861134918437,2.093152318894528,0.03759533381802311,0.060748579808280245,2,0.705022133322579,2.6286611945897786,0.5145200311602294,-0.7233140898492466
0.05122267731286969,188,10,12,0.8126563363726985,0.8170249317940668,2.0427267482979596,0.01987166006591956,0.6819760228473458,2,0.7262010814568413,2.072748550455493,0.5545130127877682,-0.7102639830800979
0.047112058582250115,195,10,12,0.8153289874547731,0.6881712338104828,1.6418905651885276,0.059196652451584134,0.6943545296908835,2,0.6507419098710462,2.060329155173209,0.45069250661138377,-0.7223786831850464
0.046792671135091744,186,10,12,0.8141789712967404,0.6912458790090702,1.6333969894353637,0.03934500227140557,0.1293930489411169,2,0.7146243567282163,2.6457042251063183,0.463312866865192,-0.7216252519389126
0.0463096776613379,186,10,12,0.8106908160850596,0.8141758461987912,1.7777486952359465,0.01583534468881416,0.5110331111952098,2,0.6918064909873322,2.068457064755853,0.45800487013570323,-0.7234585823509216
0.05304326327616073,190,10,12,0.8225721386607655,0.8218724679703261,2.090398755851164,0.02101375146434098,0.5125794882881027,2,0.727151762969346,2.0935961078324867,0.5510056488001143,-0.7118843456376747
0.052701372452604374,205,10,12,0.8110925212486614,0.820463932856665,1.8565043080540105,0.04478477335254466,0.5963783607066157,2,0.6503367858262931,2.0999255080972397,0.5522351661544184,-0.7010866793678125
0.048552941825665656,193,10,12,0.8134517408249339,0.813639564838116,1.7753467786421813,0.02928732660581787,0.5917916288842623,2,0.665606711049214,2.0370249649517906,0.46528958448713836,-0.7233933760931761
0.049872416446514634,182,10,12,0.818402145182998,0.8138056910210457,1.7950932772099875,0.005503139854468819,0.003957113770387488,2,0.7202884189332638,1.9538629938278969,0.45134054009542124,-0.7231532738432325
0.051509091756959835,198,10,12,0.8155419811929043,0.8277681965347301,1.7994103138617838,0.8921035766704297,0.5269978071063164,2,0.7267369021684498,2.052403122901845,0.4616986568196986,-0.723772687440536
0.0455232088570577,193,10,12,0.8095895611203672,0.8235824788543186,1.7400804533800425,2.9163870948282304,0.6919914214010006,2,0.6954153228347558,2.1612180340102958,0.4602564881696671,-0.7235749504163133
0.06219908562561118,194,10,12,0.8121871586911801,0.820589260051483,1.914469825647301,0.0003056938071575588,0.5267462808268558,2,0.7283403331400125,2.0120235732589,0.49063761248004967,-0.722022415946236
0.06516761581465881,192,10,16,0.7907223894509426,0.8186139511959509,1.7562616740630723,0.8991826132559677,0.5884300525366049,2,0.7040023889956997,2.0496926118110324,0.4664774038950191,-0.7234149266560364
0.06446374552580739,187,10,12,0.8163039862327999,0.8227053381108559,1.8132606366242592,2.316335865204658,0.5251402737300228,2,0.657244455640124,2.1110047720129295,0.4671122548247142,-0.7233469909417293
0.0495093542114293,199,10,12,0.8105205631907827,0.8136720362113702,1.8871363534873957,2.5571883126123924,0.5845936014990005,2,0.6876088941961201,2.1330771039439944,0.4595779584883246,-0.7234873437036073
0.06450250873959196,174,10,12,0.8195719393733841,0.7156123902513702,1.8689467801247586,1.478070739438376,0.5167348219149381,2,0.6945510258556935,2.082508816310111,0.46386999062035494,-0.722785970617491
0.06466531582886191,153,10,12,0.8147445077526757,0.7929655889307549,1.9098280239297312,2.3398213139860355,0.34849826324971295,2,0.7509018657902308,2.0211737234943725,0.4647056379787698,-0.7233288811736722
0.06439586620407599,168,10,10,0.8123500462068416,0.8162041628982644,1.7296363086329793,2.258302397390487,0.35599285238760364,1,0.6882864796699051,2.665184395074815,0.4458272842203312,-0.7224012138696726
0.04914224284479019,140,10,12,0.808925920384529,0.8281894764455094,1.8342058095360478,2.538725502059407,0.5192270473365432,1,0.6674613203659616,2.12573092847286,0.46570295666346606,-0.7229495303042743
0.04883605233732636,151,10,10,0.8077535619696677,0.8205808915980392,1.8078047930737178,2.3570466903053395,0.5197248791232946,1,0.655279158023328,2.1004386261754653,0.4900811352883293,-0.7216655984760656
0.04964652306358924,197,10,9,0.8121920011752938,0.8233922238647793,1.8183936580455975,2.088301355138765,0.5302708750529757,1,0.6886083547818715,2.0277542445535994,0.4622280404102683,-0.7226148606994902
0.04675882794753957,200,10,10,0.8136396825450792,0.8166149594301202,1.8209411645589322,2.355273109066402,0.6901112810076406,1,0.6619939327536885,2.05194954564343,0.4576070503747926,-0.7231314253019537
0.0552508333021282,151,10,9,0.8168552945804591,0.8189651254518047,2.063565145655496,2.349007186468957,0.5313576563202376,1,0.6792456039248148,1.9924912715357292,0.4428769594550109,-0.7233114276524542
0.04651407951981786,156,10,9,0.8140905217114944,0.8200996546206657,1.7804405048614989,2.332916747103795,0.5104961612377927,2,0.677254568352593,1.9642755944184747,0.45418437793738375,-0.7234248498845484
0.04732560116128452,157,10,9,0.8107684839483598,0.7934516784887978,1.8431819797267754,2.477769715960791,0.5231151653573426,1,0.6766660591262174,1.790120831117653,0.46325673438022447,-0.7208839029232568
0.0653160436813443,170,10,9,0.8457471659368824,0.7930439633790957,1.7365864527794754,2.5942282176320295,0.5265311700616088,1,0.6770384751055324,1.894724920474387,0.48407775156179295,-0.718633516784637
0.047069069486731195,148,10,10,0.8450725283651738,0.8211552737630696,1.8832032836365564,2.3681464668690313,0.5205446192996446,1,0.6028993253035823,1.921479241720737,0.46763210667827426,-0.719136112889614
0.04247228512063679,151,10,10,0.8429561471738424,0.8265848410200295,1.8045661789210465,2.3775237994755107,0.5858035583138078,1,0.7588694624805657,1.8959551978148983,0.4914010504875982,-0.7222084116354412
0.04240911055221008,150,10,10,0.7908298294214335,0.8282133086970781,1.8407351817950461,2.272194412872327,0.5366935412922027,1,0.6727805190785309,2.183543126510411,0.4833300262040959,-0.7226772033338312
0.04290157655713467,153,10,10,0.8097110186924352,0.8301645508916502,1.3221425832277518,1.6186480727993369,0.584064605826867,1,0.6883231793684246,2.4567240643022132,0.4912317513272161,-0.722553347431772
0.041736781221649706,154,10,10,0.845650862894343,0.8116369362859515,1.3188611023242276,2.314859283161392,0.5219910102493848,1,0.7557158459753003,1.8918637145983737,0.48857955026685274,-0.7227816149905798
0.04826020959201346,157,10,10,0.8187188058176798,0.8310242069416783,1.4372284184715658,2.453374635147502,0.01939650999788889,1,0.6909466477563334,1.9478172235168114,0.4837292129793663,-0.7212225577115392
0.041204060896936234,152,10,10,0.788515592073804,0.829025182223245,1.4684398000593453,2.3157952131735215,0.034336740171230895,1,0.6239411002148693,1.867905094050176,0.44493452044180154,-0.722195485542987
0.04752224980329882,151,10,10,0.8068139342930422,0.8300359778730424,1.3061600426521291,2.454869179546549,0.00024348619155824215,1,0.6758441271946412,1.8972237727677028,0.4423657463734051,-0.7229481222851551
0.042559745919539003,155,10,10,0.8196636316680673,0.8276424068456827,1.757970945342475,2.5453079588760925,0.02429405929731066,1,0.6870557361767821,1.813494197361852,0.43889782711018566,-0.7228611992967178
0.04292476938417732,148,10,10,0.7886468068650269,0.8288441526495077,1.7567305642804874,2.4124830431181494,0.012063314811224857,1,0.6817001977045143,1.8340440423698368,0.4703865089027942,-0.7210995155391772
0.04420160238582257,143,10,10,0.8091181614786493,0.8291797442240946,1.7641479665708788,2.4042346092141,0.030478347449140547,1,0.6754394328432644,2.192488790483025,0.4486412231092336,-0.7223254705193438
0.04225238710250563,163,10,10,0.818068713971798,0.8314806459965985,1.7362459760359734,2.392254322683127,0.005419481905475754,1,0.6229770753749665,1.886975786104732,0.44039035864344356,-0.7233452203114423
0.04918109556792634,148,10,10,0.7914481135306503,0.8261585995933656,1.7505820154707337,2.3320202109726043,0.23762226268031542,1,0.6198466732149552,1.8880217141065883,0.4443603335655899,-0.7226304083928936
0.04172721548111071,149,10,10,0.8044184222553433,0.8280046451664171,1.41373004022566,2.3275891065381757,0.2111569820669359,1,0.682388236055775,1.8729170469345942,0.44267180962033154,-0.7231390143646969
0.04761127685818608,155,10,11,0.7920160522987136,0.8289615827893292,1.298789908795027,2.3546051984721412,0.36611065171189894,1,0.6122126124709291,1.8374772287800836,0.4366247618397623,-0.7222822487670257
0.04296386107819531,160,10,11,0.78966921158954,0.8276088232255742,1.3782030345964644,2.8479268688309505,0.3564757418206026,1,0.5928320795960651,1.8538930979457637,0.4379982883297817,-0.7220253379762583
0.04460842370177048,162,10,11,0.803951956104918,0.8313165015021029,1.5012038761426094,2.727076552493063,0.35664529325926975,1,0.615265740502673,1.845915526389292,0.4382757160419096,-0.7220365008665312
0.0434461834822666,132,10,9,0.7852780612712356,0.8295751238361941,1.4180022341141283,2.7253411571575126,0.5743685665275106,1,0.6114741404037192,1.7742473105344085,0.4725354071317718,-0.714436064743625
0.04284330637392252,124,10,11,0.8065173820330467,0.8283059166771912,1.4383133107903712,2.6366454791420617,0.5700602633671172,1,0.6093415318772483,1.8544892147488166,0.4742097135335287,-0.7165433505085717
0.04303667158420956,211,10,11,0.7906270111792058,0.8285064172003306,1.2996288648124361,2.698517057857913,0.19291032945720332,2,0.6208323568859725,1.6215551958295822,0.438171315174634,-0.7186359827271349
0.04120421970195611,132,10,11,0.7864819463415024,0.8280100633887866,1.4750352552509554,2.8985841387081335,0.5750798929093632,2,0.623962406003749,1.7456723260293647,0.4783924599804265,-0.712685497931068
0.042524401238670594,126,10,11,0.7874637395745576,0.833996321438629,1.3880487336600926,2.076224560026181,0.5807252784620112,2,0.6307572689886539,1.8941591927902857,0.4758316411985852,-0.719085152620792
0.041771601051677563,130,10,11,0.7855575793016965,0.83013127240785,1.4423408178724269,2.8098851683428685,0.5865473210747993,2,0.6245493633041904,1.48792501792058,0.4786103443330313,-0.693844796208448
0.044599666382695975,120,10,11,0.7883520470821838,0.8327977229228565,1.3928463413919145,1.976225130173171,0.3418938180192848,2,0.6270379497629704,2.187827287577135,0.476511240463764,-0.7228957520191337
0.0375583900356291,82,10,11,0.8020896074207374,0.8348422965275223,1.310666529563879,2.745474802182616,0.20954346660567713,2,0.6320938306627819,1.651287276699441,0.47367524504878433,-0.7121015489902582
0.03683582876675138,134,10,11,0.7927944548872523,0.8335129073412527,1.4114021921735744,2.8779133149463427,0.20124330172839958,2,0.6279633899398833,1.8284318115139235,0.43881714991872384,-0.7223039473415742
0.04396120797895959,216,10,11,0.8031896118840833,0.8350052640939004,1.5028036694151825,2.9191265446159043,0.33122766334394255,2,0.577079952176955,1.6568656182790304,0.4382501089648078,-0.714602952898787
0.036861855394420294,121,10,11,0.8028666753313342,0.8087411395304069,1.5345950365058376,2.7027788047084496,0.5754518945627997,2,0.6211046357804088,1.7430747384614609,0.44290556634104034,-0.7210498276955362
0.03861193293457941,132,10,11,0.8048232990559174,0.8344847211701856,1.5291313266342437,1.9651698196241318,0.34918896300599644,2,0.6212492175374679,1.748490901957873,0.43704423244826934,-0.7216166218370282
0.04533949678754117,212,10,11,0.8038670551891743,0.810171726600533,1.6049997615635054,3.051897314506809,0.2125173174561173,2,0.6190522105071209,1.4990959402101829,0.47432730158097164,-0.6958993002954019
0.054839784476547054,132,10,11,0.8202957142146514,0.8061698389389098,1.5790419068249792,2.934733874364093,0.5781580976248187,2,0.6263357362163511,1.6923648689548754,0.4371729397150306,-0.7208706859819345
0.038397019915188194,216,10,11,0.8013429855238932,0.8086982831648416,1.9880303275735154,2.8833089405858137,0.3744505875021331,2,0.6311963641477217,1.701066749868944,0.47322115839891965,-0.7124682210858531
0.03905512672833516,130,10,11,0.7997981915363358,0.808538100917881,2.006203201298811,2.728495652334513,0.2255063362458599,2,0.630210401334828,2.434229521806944,0.47340325132064376,-0.7226654274185507
0.05513556402456028,123,10,11,0.803598617159248,0.807388897930765,1.570663177055658,2.901348300974126,0.36474076528569976,2,0.6295370536811971,2.186727610160486,0.47500664471350673,-0.7225309233951658
0.05460389921877074,118,10,11,0.8027372979887643,0.8089534807841766,1.5760563933708898,2.737601519532975,0.5919105038366322,2,0.5601175948932524,2.178775612071035,0.26753418126334993,-0.7169314097864556
0.05466726860446784,217,10,11,0.8035016209759496,0.8079292768540717,1.9874921181007787,2.7432510318637378,0.20415086161608803,2,0.5604049989464156,1.6854018806046043,0.4737497209095675,-0.6984048887701653
0.05410388667677387,215,10,11,0.7994615021197685,0.8080883396487065,1.5969740951538367,2.0185829876777284,0.5733820333018432,2,0.6286731449166846,1.6284143921590815,0.47937390766276267,-0.7043520198148728
0.04530896869238641,214,10,11,0.8014861862856621,0.8077644802486449,1.5662274943206107,2.849979616297717,0.5688224924505015,2,0.5647233234065231,1.614571154667603,0.2705747999440916,-0.7202477036028674
0.03860415425800224,125,10,11,0.601829633337289,0.8080190471263149,1.5672674869103098,2.7012673379714878,0.5686712741811782,2,0.5830485390522453,1.6345490378264909,0.4749661682753945,-0.7003372392210878
0.0544985178793755,210,10,8,0.8213240846458234,0.8082952667229178,1.5656931077640666,2.682246976023343,0.5728544628716641,2,0.759586992345826,1.574199542709911,0.47381620066568253,-0.7183873039939875
0.05554975402696886,217,10,8,0.821051358649668,0.8094936119212742,1.5708760820997962,2.065415976897323,0.5978023016542858,2,0.7566868816121165,1.4838057802115712,0.40625358359541197,-0.7239040763621494
0.05473132912919601,215,10,8,0.8224997000461725,0.8086462147896943,1.5783710624142326,1.978678919302324,0.7186024499602439,2,0.7528878326476249,2.2081246768377865,0.28014868438418683,-0.7166439301586666
0.054040925779110675,215,10,11,0.8190516923788095,0.8065956309056237,1.5463810763478367,2.998307409361253,0.5840024803342521,2,0.7486373675155086,2.1980402466146196,0.4779953023240178,-0.7236895437660337
0.056270854510184674,210,10,7,0.8225273094963746,0.8075082484307229,2.033021549943261,3.160130661492201,0.4843099874549954,2,0.5690453404524466,2.190794056278688,0.45589429697331557,-0.72176718732753
0.05476191178729283,211,10,8,0.600589410074296,0.8082455276542141,1.9874826771744791,1.9537756594626048,0.6974714741279453,2,0.7581978398001329,1.5061688481803224,0.4563589401071256,-0.7194659937443444
0.05431183094762463,220,10,8,0.8236346587894284,0.8096273043383317,1.983197966599621,2.1515642427278623,0.7093089704751161,2,0.5802760678307232,1.599542677795291,0.4539249206887621,-0.7057573419611229
0.054096656992570324,218,10,8,0.8330600232258321,0.8119449463503677,2.0048178726095096,3.17079809375172,0.0698730533547736,2,0.7598952493788562,2.427843870851479,0.4586463683007518,-0.7226944709291236
0.05375980001451497,216,10,8,0.8322299114345256,0.8058039254444782,1.9902658568186549,1.9846657256225146,0.720147703668551,2,0.5795796681247399,2.4363709555534583,0.4523425711173501,-0.723429248321176
0.054451701328724275,215,10,9,0.8219826550216662,0.810654253457289,1.971371280916696,2.12473676277613,0.48100014953316117,2,0.5730304914532041,2.4516623171908956,0.23914835188574063,-0.7158101930892798
0.05584255403853383,211,10,8,0.8219476499828366,0.8062539932803332,2.01325807065995,2.1611199033837702,0.6775526499017342,2,0.7575743135448674,2.0044039622977654,0.27777858984250114,-0.7168614660432577
0.05465751975087854,213,10,8,0.8330365810885718,0.8107294347352374,2.013443492901333,1.9503799613480723,0.6771452932688529,2,0.7598329259262165,2.4571741265743063,0.5223548273431291,-0.723063959483365
0.05497326782451579,208,10,9,0.8323987560752905,0.8111014982133945,1.9918811233744205,2.1476533860594085,0.48559257853236937,2,0.7471961959425879,2.0393903725101503,0.4617154797652032,-0.7238170840869176
0.05330338020940923,214,10,9,0.605421482389281,0.8144896116424373,2.1001334564631806,3.1072426283431307,0.7131454058991374,2,0.7610290992281551,2.181927641871215,0.45650993395475387,-0.7231138502061507
0.0567780147810108,215,10,8,0.8211619260543802,0.8119781883876936,2.0149865552078676,2.19174915208316,0.4798201981559076,2,0.7528911623215926,1.9831022781815297,0.45636254032878876,-0.7232843577356487
0.05831747728747226,215,10,8,0.8327995954878661,0.8141282658527966,2.0029870895856194,2.1961555182948507,0.7113551075776496,2,0.7579533748039246,1.9819436495812635,0.4601940674334061,-0.7239463993594606
0.0522130929245387,217,10,8,0.8332602000393955,0.8147375848004523,1.998780003269685,2.1781130780689826,0.48917753184224916,2,0.7598064793158749,2.034644403541991,0.4550434821529885,-0.7235367024139098
0.057272941944222264,178,10,8,0.8324628006615963,0.8600142799101534,2.0043436484159685,3.034273952839109,0.6907822493485738,2,0.7545825447558916,2.0026486996642388,0.40746076733513736,-0.7224374117524682
0.058633273881855456,181,10,16,0.8337240530107045,0.8144781265435249,2.0149560266725026,2.2451748581030633,0.7183292061385707,0,0.7548553098153317,1.9880688852237007,0.4555857350443438,-0.7235614215182669
0.05812877368843201,177,10,8,0.8314188914204562,0.7888522399040294,1.9854382437182145,2.177923149063231,0.7078082129101253,2,0.756070806260543,1.9682553385334136,0.4518215749190433,-0.7237102875966988
0.051449465033929505,178,10,9,0.8182955871004535,0.8144775645228949,2.0701166756684666,2.2286283205648116,0.07914637725605617,2,0.7486760203825011,1.9575265561111626,0.4556156610249397,-0.7234914409581747
0.05132287347657943,179,10,8,0.8213261731207427,0.8177651007467134,2.108757045539603,2.1265272618401503,0.7149829729567313,0,0.7465050391822169,2.026525947007278,0.4527687422709486,-0.724147757321363
0.05201694263983122,174,10,8,0.8181891282464818,0.8156924315857881,2.112708482683851,2.2058420750871686,0.07225901366499012,2,0.712189477428869,1.9951441823216984,0.4549978774655165,-0.7236517059640766
0.05793502629748846,178,10,8,0.822956593601801,0.8164014981684165,2.096249997865901,2.1732739409952764,0.06505511012296164,2,0.7618684580584577,2.001895364829114,0.45511143119878394,-0.72348163787325
0.05089357609136746,179,10,8,0.8315296547765171,0.8162599234537271,2.124314270840107,2.199432204160199,0.06559562461409109,2,0.7090992077528518,2.012526788502691,0.45537898191809767,-0.7233422567551101
0.05081195840634212,178,10,8,0.8316787833457909,0.7939661605553859,2.109033142545969,2.1975911678704128,0.7067629916051075,0,0.7074278039777697,1.9993333235382194,0.404317378155713,-0.7230039949442947
0.05734522583400681,177,10,8,0.8336515337901347,0.7944762595905199,2.100283493235572,2.200849415071241,0.49123404004914856,0,0.7088293168517424,2.0313455589395804,0.4555705953860787,-0.7235716930083562
0.05771117277457444,182,10,8,0.8347310519270471,0.7990226084028427,1.6981885569891684,2.1820528173874996,0.6651348890618152,0,0.7056926388843321,2.0057901775228637,0.45529045573720234,-0.7234991941865176
0.058233457360293645,174,10,9,0.8291492754330008,0.795447928513818,1.688860633213038,2.186753483510732,0.4832140602211472,2,0.717355054947292,1.9954274011474342,0.40981859598146547,-0.723243095502053
0.05185973655394747,177,10,9,0.8333659090310579,0.7953509571418196,1.6883623810034816,1.7663041634685397,0.6801753643553494,0,0.7127848162829885,2.0039839412779044,0.2328008528477621,-0.7150258967757421
0.051195194655394474,178,10,9,0.8341237602919979,0.7927517181843473,2.118993597639211,2.18991371536354,0.0741652688979875,2,0.7086194308190702,1.9934060349786993,0.45839200916818107,-0.7230855675122834
0.058819658222230536,176,10,16,0.8336178659970197,0.796255935846973,1.6637340652139838,1.750385145098367,0.6379481672027829,0,0.7100361400114837,1.3240499259997438,0.4003825080977222,-0.7214436659071577
0.05872352024437824,177,10,7,0.8325674539227685,0.8005569992165671,1.6862264106360745,2.1847165216029336,0.6675781751891597,0,0.7246595184730745,2.0045938359816233,0.5215725294987097,-0.7169875839158578
0.051193423235193575,179,10,16,0.8299838695499091,0.7986777840742957,1.6892190039373538,1.744717849955714,0.6637066296560026,2,0.7116620907060097,1.2134195870047757,0.4929251349822183,-0.6681526191780021
0.05856176227929512,176,10,7,0.8302381977174642,0.7934525293293835,1.6630654617473442,1.8390697546252661,0.6606800371809729,0,0.706698158085046,2.004291756726504,0.45590225790441397,-0.7235041522774347
0.05914984234691021,178,10,7,0.8322982470718533,0.7961830455199492,1.7008648924906744,1.7882622175191594,0.6502866924806813,3,0.730534855931662,1.1228335288539562,0.458930077635117,-0.6868639684936142
0.05118726085011569,178,10,7,0.8339727882634707,0.7957189799555496,1.6817058891534673,1.804414407070839,0.6291225896178497,0,0.708301431809844,2.046944179834137,0.4931176456359953,-0.7217828144481265
0.05138145703602859,179,10,7,0.8358274780004774,0.795190804277733,1.6756750399271045,2.2076730136394453,0.64169213821246,0,0.7128707049022476,1.3713056210326835,0.4940121228445371,-0.6907180730120657
0.05096513390610062,172,10,7,0.8310387394705931,0.7952350429564686,1.692074294215743,1.665461151101769,0.6451746956130867,3,0.718021662642453,1.3139544927106694,0.49215151527052886,-0.6859326745851158
0.059019469493979224,178,10,7,0.8329433255953382,0.7995279087781543,1.705663312404622,1.7781433010769345,0.6126522327268296,0,0.7111651012749794,1.2293095671979348,0.49128527264857835,-0.6746492899054729
0.05892046129896175,182,10,7,0.8329505566244465,0.7977226818272148,1.6893038127315774,1.7834354853850773,0.665353771994294,0,0.7069849620084504,2.103585467419276,0.49311255283425137,-0.7222000318303179
0.059164259188833924,177,10,16,0.8324536825508205,0.7972039956280412,1.7008452025026666,1.7471238563981792,0.648665484398032,3,0.7111273221797478,2.091044786636671,0.45420907075792444,-0.7236804912927381
0.05937776571084085,183,10,7,0.8334348514213872,0.7993377501748199,2.13995400300561,1.7193865731565214,0.647628046262298,3,0.7075133991644463,1.3289381701658587,0.49531848042190674,-0.6830493857593043
0.06048518823947488,178,10,16,0.8341195850271803,0.7971066300327633,1.6923513948895117,1.7351646623288706,0.6612744817998453,3,0.7104085336269004,1.1716970964396682,0.49107560526462446,-0.6608283221204236
0.059228278520437314,180,10,7,0.836707800308529,0.7969566196815329,2.1394806189646576,1.817073664723239,0.6470448680904902,3,0.7145268924566623,2.053831073396556,0.45297009599792953,-0.7240301060776504
0.051647338218921396,198,10,9,0.8358395899090673,0.7967924169586228,2.140907459123406,1.761540498905228,0.6655878156331443,0,0.7255196521381658,1.1554557964778467,0.339043099741066,-0.7240629413534097
0.05916333417973,178,10,7,0.8345884607978155,0.7933513673017735,2.1215831791190656,2.2236165136549295,0.6450688233239794,0,0.7278412167131584,2.2504083435929663,0.4521399224003515,-0.7235232798087443
0.05978687926738055,176,10,9,0.8392437813880013,0.7967694197989241,2.1464732312329624,2.1926539856762854,0.6556770749518595,0,0.7126246157013665,2.12133227392802,0.1366741179767419,-0.7114455150043437
0.05892734243783934,175,10,7,0.8396056521648432,0.798338092965003,2.4865402149115656,1.7416161008100812,0.6455647500569874,0,0.7253099012601735,1.3812310425347218,0.48968193670914006,-0.6956962149506974
0.0603029124624506,175,10,7,0.8392490976833733,0.7975412811524341,2.1345825863286914,2.0922033630346655,0.6461047476978953,3,0.7272601584886575,0.9456297323765612,0.4883915071715956,-0.6149051313694259
0.05981708772607176,195,3,7,0.8436733463463102,0.8005630685088329,2.4521011859725164,1.808089639531624,0.6544516124154233,0,0.7307065346337358,2.0954557514002485,0.4516446601829948,-0.7169354873295744
0.05946482805215595,180,10,7,0.8397038231118076,0.7998109856683261,2.46211239129427,1.7251214334089393,0.657094207449754,0,0.7303460438755675,2.104737178058974,0.49268425889011724,-0.7227783815592288
0.059796961100645356,181,3,7,0.8431180363028695,0.7994019562107403,2.4103431713595316,2.0728894390602908,0.654008220913847,0,0.7300515632060637,2.1171604618984503,0.4935808605041627,-0.7165582856594874
0.05914044877485707,196,10,7,0.8363918173262938,0.8019862490939818,2.5062112086891073,2.08388437596063,0.6457677510591773,0,0.781856211738124,2.1263046700218022,0.4499855282596337,-0.7236970673622949
0.059926143719432286,198,10,7,0.8397561656088579,0.7996631029369922,2.1660358037184237,2.2451330597988703,0.11639810691173556,0,0.7353358212278526,2.119367513283678,0.4233383972892012,-0.7229784763511831
0.05917844010318773,199,10,7,0.8408720552550472,0.8000067740049184,2.1466046193989015,2.0569420818127178,0.1302714513207861,0,0.736255673554418,2.1329830302481483,0.4244099859759784,-0.7229919736159154
0.059779976673895806,193,10,7,0.84174223867458,0.8009168148040715,2.4208933656367506,2.115949807222283,1.250215656587275,0,0.7818523661443777,2.1195594339457413,0.45087111508747707,-0.7237470808127882
0.06110305881465646,198,10,8,0.843162255381773,0.8023948303523137,2.4697962714598107,2.0464397223932314,0.12255536757152784,0,0.7807595194162722,2.1187132593264097,0.15028064419973924,-0.7118907136069312
0.060249822983454104,197,3,6,0.841366181959586,0.7890079044966918,2.4137115767761586,2.0850038165739413,0.14815514242678415,0,0.7890177175031575,2.1373624399287627,0.4475352161789114,-0.7163932150050554
0.05881682808964121,192,10,6,0.8412754238036887,0.7880780067290895,2.481047775082348,2.0862684634317086,0.11863896133357119,0,0.7836547964390412,2.12599387017798,0.42552543226623124,-0.7227817282552336
0.059980707671775726,199,10,6,0.8437262639976794,0.7885169351129707,2.417927964146784,2.069950622120383,0.7376057913594734,0,0.7811682215045277,2.1266617776703027,0.4290691902675308,-0.7230257869931411
0.06083411801593895,198,3,6,0.8369751001053747,0.7878289873010133,2.1628035725957258,2.0681556742215164,0.8153763927910924,0,0.787074564205438,0.7612609332088511,0.13143357844532016,-0.7117987707274649
0.058492325294080855,197,10,7,0.8414077681676341,0.7901711899177813,2.4987537611987816,2.0971108434264947,0.7363230414736449,0,0.7769986953702814,2.1380965559826195,0.41995529237074813,-0.7229086943332991
0.06197944166098745,194,10,7,0.8401528912896769,0.7883718029278408,2.1858803037187777,2.0701363711058005,1.2461468695049938,0,0.7836088080500504,0.9010036968127386,0.4290113020416585,-0.6824387924461476
0.06080743289379475,191,10,8,0.8398673080634136,0.786054121613646,2.462065912878092,2.052934071885078,1.3393589793515883,0,0.7838099968332194,2.134301616680897,0.4212394298957151,-0.7224975819222073
0.03379586927613256,230,10,6,0.8411714443827513,0.802317551379083,2.1563309736395184,2.057625800208198,1.2784393496136692,0,0.7780516170358845,2.153197475792874,0.4259607308474379,-0.7222168557080709
0.06152708667231927,226,10,8,0.8403532862432609,0.7877035920010409,2.1674318377593758,2.0770408384527244,0.837832004927661,0,0.7921164347514602,2.2412736072526585,0.42646392680944945,-0.7223204306713067
0.06129728652783152,196,10,6,0.8402097615909139,0.789855528220603,2.1691136922480805,2.0489688030309883,1.3578947565621402,0,0.7909255243093918,2.257922500115041,0.4278533545018165,-0.7224919403078097
0.05709381369803512,198,10,6,0.840462043516778,0.6129781430612249,2.179150353983585,2.095481292286369,0.7377503156550576,0,0.7789914475981514,0.7593667150335861,0.13692916909053063,-0.7146195497789327
0.06284684770886315,200,10,8,0.8408328979063635,0.7877245243507768,1.8993165360730504,3.4188949925816168,0.7402350988318311,0,0.7896290600025516,2.268031770701615,0.43222936555412994,-0.7219749417108584
0.06158358355410731,198,10,6,0.8403341214546148,0.7880576743408823,2.1494455438768165,1.5982262592310332,0.7521333077705277,3,0.7787870013834777,2.2221619099311503,0.4320867725577379,-0.7222919917632383
0.056758456760296186,198,10,6,0.8412382497325825,0.7885534073718012,2.1810248328284034,2.0825930078713624,0.8092174893844059,0,0.7856746606102203,0.9029195503476328,0.4287934940714294,-0.6837803896871772
0.0565594309495731,230,10,8,0.8424515063749789,0.6300721409960964,2.159480293732673,1.9036981204184302,0.735280066447353,0,0.7739263041395977,2.287609515538146,0.14224889232071117,-0.7111824999484712
0.062164500640613254,230,9,6,0.8402367327524141,0.7877900579332421,1.9267041750216973,1.878842471437195,0.7420166958273201,0,0.7729615751718284,2.221635082189585,0.4279211663945192,-0.7228157087827712
0.05670660987048111,198,9,6,0.8412311953903734,0.7892608959552777,1.9084945266353506,1.5847387673450193,0.732398789962746,0,0.7827696495453442,2.3025961873693124,0.33779950043052676,-0.7182619358434895
0.03116048218051189,196,10,6,0.841891193432184,0.7877012946425815,1.8886402920427805,1.53180045444513,0.7305416919946055,0,0.7816385656163389,2.2891009647449576,0.4277888893805999,-0.7206612054261119
