number,value,datetime_start,datetime_complete,duration,params_class_1_weight,params_colsample_bytree,params_gamma,params_learning_rate,params_max_delta_step,params_max_depth,params_min_child_weight,params_n_estimators,params_reg_alpha,params_reg_lambda,params_scale_pos_weight,params_subsample,params_threshold,state
0,-0.7165465439724781,2025-12-07 14:56:35.074717,2025-12-07 14:57:10.329013,0 days 00:00:35.254296,4.964829580646863,0.7524333531886296,1.5226648621595826,0.05756691744883145,6,8,4,313,0.5284701393424385,0.42975859201647204,0.579394460025324,0.647681463341986,0.3968562863339211,COMPLETE
1,-0.7147197766214564,2025-12-07 14:56:35.076885,2025-12-07 14:57:40.483074,0 days 00:01:05.406189,2.2917324222859103,0.6485948808072335,0.9907858820168913,0.01244893534929132,3,6,20,647,2.92089690694725,0.8910092121241175,0.46345845669435587,0.8286117142907806,0.245420850872193,COMPLETE
2,-0.7114404085724118,2025-12-07 14:56:35.089103,2025-12-07 14:57:10.438735,0 days 00:00:35.349632,1.7490980626105028,0.6605586279366045,0.15180983366071144,0.010365125194890927,7,4,10,403,1.1150586987087086,2.1461237590888893,0.7176231164917912,0.8334278476235979,0.2523291489834663,COMPLETE
3,-0.709445871693553,2025-12-07 14:56:35.090909,2025-12-07 14:56:43.792246,0 days 00:00:08.701337,2.900697401113348,0.6725678149670802,0.3096477661898145,0.03928063341036363,4,6,17,57,0.7981015542630582,1.6204710256846284,0.6934952202818225,0.8926221729367928,0.20660552242280827,COMPLETE
4,-0.7161162582422786,2025-12-07 14:56:35.093396,2025-12-07 14:57:18.965930,0 days 00:00:43.872534,2.714203140866706,0.7817396434679063,0.6845998582260204,0.030563980118542364,0,10,4,234,1.9447928361414064,1.7156363513633215,0.585263625522792,0.8343805545899408,0.5500814326833158,COMPLETE
5,-0.7106961144610396,2025-12-07 14:56:35.095819,2025-12-07 14:57:09.254625,0 days 00:00:34.158806,1.4071925384545056,0.6216144949490121,1.1992241760691869,0.015671657184414278,4,10,5,174,2.057779797343642,4.806368427868531,2.403731567900296,0.7308750872499296,0.30819296053664447,COMPLETE
6,-0.7106521046385539,2025-12-07 14:56:35.097829,2025-12-07 14:56:44.542300,0 days 00:00:09.444471,1.7872821254195643,0.7599252620965232,0.6332719195159835,0.014369159018168666,9,6,14,64,0.7585345202872656,4.955286992763901,2.003786788134674,0.8606504602866201,0.5189651514748426,COMPLETE
7,-0.7109744407562497,2025-12-07 14:56:35.100501,2025-12-07 14:57:30.700029,0 days 00:00:55.599528,1.2029801305705294,0.878399578013345,1.2267945575780193,0.01047658303632937,10,3,12,713,1.161713706309554,0.4803725036080808,1.8278135853299506,0.7564872157270954,0.2932256998419931,COMPLETE
8,-0.7035706984439855,2025-12-07 14:56:35.102262,2025-12-07 14:56:56.945821,0 days 00:00:21.843559,3.1933171063437102,0.78623186593322,1.7141479766385195,0.05809683901101843,7,3,11,260,4.277470311059692,0.7754392699492496,0.4647598624631802,0.7774578771009106,0.5680683753612841,COMPLETE
9,-0.7189729369051184,2025-12-07 14:56:35.105113,2025-12-07 14:57:00.599031,0 days 00:00:25.493918,2.6512485595421698,0.7931178701345653,1.9053118245727172,0.08154138729595255,3,8,4,231,0.3702351555758271,0.16042691556423794,0.8529668081302609,0.6142829040882531,0.4206197146124685,COMPLETE
10,-0.711503402172387,2025-12-07 14:56:35.107038,2025-12-07 14:57:30.339021,0 days 00:00:55.231983,2.5744712853575416,0.6020518555674669,0.25760041493272823,0.02215655582638491,6,6,11,540,4.435177588990674,2.185013572380528,0.7057947969329215,0.6695186929929988,0.21341490327829743,COMPLETE
11,-0.7197788933260612,2025-12-07 14:56:35.109897,2025-12-07 14:56:49.536886,0 days 00:00:14.426989,3.678224243996052,0.8750910004609113,1.3326844362706558,0.028630887927149126,6,10,17,62,3.1212900863402364,0.6946326331021174,0.4468713960587858,0.7857798814362467,0.5199175118279907,COMPLETE
12,-0.7103555412175491,2025-12-07 14:56:35.111618,2025-12-07 14:57:50.895669,0 days 00:01:15.784051,0.7994232224163225,0.8297091554512354,1.836730251100449,0.013080915333586542,8,7,16,689,2.539849694635294,3.3211209175248513,1.2870305500705597,0.8424375966040373,0.09133339891005213,COMPLETE
13,-0.7139294524573057,2025-12-07 14:56:35.114267,2025-12-07 14:57:39.678107,0 days 00:01:04.563840,4.3619128391265,0.7688475061060691,0.0032718948413201776,0.016267837310534734,7,6,4,629,0.8312671603516025,1.3861809230244293,0.4490964639506814,0.7787324274069402,0.3101473040068463,COMPLETE
14,-0.7088896040845822,2025-12-07 14:56:35.117394,2025-12-07 14:56:45.613499,0 days 00:00:10.496105,2.514516749776759,0.6221822753727482,0.5571095252713429,0.0775487905757299,10,3,15,102,3.4896588361368153,2.835242906522204,0.458112177868155,0.8165666141733864,0.08092680162277172,COMPLETE
15,-0.7141363784140976,2025-12-07 14:56:35.121132,2025-12-07 14:57:03.754339,0 days 00:00:28.633207,1.8120046516103006,0.6868981630136053,1.9100899211860014,0.08041368017485846,3,10,7,212,3.7114144509858367,0.28818716550501056,2.4702630438601383,0.6444171797638042,0.3644080295473134,COMPLETE
16,-0.7134967544810887,2025-12-07 14:56:35.127797,2025-12-07 14:57:22.289629,0 days 00:00:47.161832,3.988921189738603,0.8665398402741468,0.10796587070728814,0.011723481299913144,7,8,2,323,1.9301207708392627,4.192379170993884,1.0744513929001411,0.8347335857286453,0.4434031464161061,COMPLETE
17,-0.7219658639896391,2025-12-07 14:56:35.130453,2025-12-07 14:57:17.708276,0 days 00:00:42.577823,0.6203494542217844,0.8090416666915908,0.9172364098467678,0.0341984524202186,3,7,20,377,3.0415672314592213,1.4517547750981097,1.4662525888476883,0.7648888390131607,0.3914505209484295,COMPLETE
18,-0.7096963952088412,2025-12-07 14:56:35.135406,2025-12-07 14:56:47.915028,0 days 00:00:12.779622,4.870091407060123,0.8936963648025922,1.9807160385001361,0.05243343089175515,4,10,16,56,4.920730641951123,1.557333372881196,0.45319067192876955,0.6265807109372858,0.17458972345454615,COMPLETE
19,-0.7173590877249768,2025-12-07 14:56:35.137888,2025-12-07 14:56:57.845294,0 days 00:00:22.707406,4.237816823184213,0.8847622118471739,0.6945601829750356,0.07238783515555534,3,10,5,111,2.592675808400793,3.3190272867130948,0.8969111328789403,0.8518886069359106,0.45167696073288804,COMPLETE
20,-0.7229425669013044,2025-12-07 14:56:35.139691,2025-12-07 14:57:01.996715,0 days 00:00:26.857024,3.9677902137172936,0.7960261544634087,1.4879230352579889,0.0997490298707588,6,9,18,412,4.857796014705158,0.0927048209373521,0.4685799774064084,0.7995229256990948,0.5306419973278529,COMPLETE
21,0.0,2025-12-07 14:56:35.141413,2025-12-07 14:56:47.413047,0 days 00:00:12.271634,0.6584457832069677,0.6426858798754479,1.828123399401018,0.010836649545027166,7,6,11,90,4.634676363983138,2.122526403820037,0.6752733058312317,0.6730295421228002,0.5574636717791361,COMPLETE
22,-0.7072462827248869,2025-12-07 14:56:35.223477,2025-12-07 14:57:04.702271,0 days 00:00:29.478794,4.260023943424781,0.7018792745910489,1.8304410880750908,0.012497071470224514,5,5,17,295,1.3733508657998499,0.9461029860321574,0.6802491683961452,0.7678127024539317,0.08176265623275816,COMPLETE
23,-0.7101648565573074,2025-12-07 14:56:35.229622,2025-12-07 14:57:19.221690,0 days 00:00:43.992068,1.0251725899964415,0.820615632869741,1.2855292720102194,0.02197493786623208,0,3,20,556,0.9838255559106213,0.15580085903020957,1.2483232237820896,0.7034840762698875,0.13226473107739228,COMPLETE
24,-0.7088215925741463,2025-12-07 14:56:43.793460,2025-12-07 14:57:33.684120,0 days 00:00:49.890660,4.843449635431068,0.7357636220947421,1.6292804511187964,0.015070257867530192,5,6,2,467,0.6471517248706593,0.6378341909075314,0.5936617330307964,0.6603161552182468,0.09955510455382108,COMPLETE
25,-0.7083979133830749,2025-12-07 14:56:44.543541,2025-12-07 14:57:41.089081,0 days 00:00:56.545540,3.296205909956267,0.8430480685027003,0.7631767887647043,0.04066428339478237,2,7,12,640,2.8784369929387745,1.2984599904318328,0.7474107613111698,0.6468613953862464,0.056088255006638575,COMPLETE
26,-0.7136353855195103,2025-12-07 14:56:45.614482,2025-12-07 14:57:14.452721,0 days 00:00:28.838239,1.6737922489080348,0.6551778998952169,1.9832228789151929,0.051043610444345286,8,3,16,355,3.7960607897845873,4.4898920392414805,1.8971824989180641,0.6811235658565642,0.4906832152151695,COMPLETE
27,-0.7072177009764324,2025-12-07 14:56:47.415094,2025-12-07 14:57:20.678727,0 days 00:00:33.263633,4.511693446621433,0.8108381218946137,1.2475328950670845,0.03342974990866182,1,10,1,159,1.471632013722914,3.4002092515475306,1.917979553000947,0.8204274199312993,0.07665276461219356,COMPLETE
28,-0.7035241540498006,2025-12-07 14:56:47.916448,2025-12-07 14:57:05.609481,0 days 00:00:17.693033,0.5719273170622057,0.6636650632338461,1.6864863961925656,0.03996199684812481,4,8,7,121,4.236324974133632,2.8062294851542244,2.3941068057734336,0.7914142479800438,0.5562542187234246,COMPLETE
29,-0.7075971531433385,2025-12-07 14:56:49.538180,2025-12-07 14:57:01.743855,0 days 00:00:12.205675,1.9792669908143066,0.7826662485815218,0.6423536364425286,0.03652532516391723,1,5,9,103,1.0285343152173032,2.1365654547256785,0.5346120383000705,0.6323076832589469,0.0531922888587513,COMPLETE
30,-0.7109334468311065,2025-12-07 14:56:56.946941,2025-12-07 14:58:15.275947,0 days 00:01:18.329006,2.4864722705146485,0.7198796586041956,1.8723223660117618,0.01084351992519537,7,8,16,623,3.5431567433357176,2.5472638523905005,1.6658131960278109,0.7570090129940703,0.2628668743764047,COMPLETE
31,-0.7193763653431622,2025-12-07 14:56:57.846329,2025-12-07 14:57:37.180807,0 days 00:00:39.334478,1.0365691814558624,0.7734569264028517,0.20726009342348228,0.05735706628073958,3,8,13,324,0.6495116250973099,4.167110114131204,0.620883496115957,0.7267647464717738,0.19520771479204507,COMPLETE
32,-0.7201422617842392,2025-12-07 14:57:00.600279,2025-12-07 14:57:57.570222,0 days 00:00:56.969943,3.754683424046081,0.7449972382567772,0.5602476932296092,0.019764840985243864,10,7,12,509,3.2317578926277424,0.8482681426392391,0.5357122817498337,0.8171241600175844,0.4744220479144768,COMPLETE
33,-0.7126589942160111,2025-12-07 14:57:01.744785,2025-12-07 14:58:20.957927,0 days 00:01:19.213142,3.8473164519782257,0.8464134034496975,1.3093048978856787,0.0203527257177043,0,8,20,620,2.455373964103865,0.018250253419409557,1.466655354668959,0.720549695480379,0.3350015174254066,COMPLETE
34,-0.7127925457882671,2025-12-07 14:57:01.997752,2025-12-07 14:58:12.697457,0 days 00:01:10.699705,3.8844676078250355,0.8451029020035807,1.3559333636948943,0.021473709951174407,6,8,20,568,2.965492689157523,0.07056597053826741,1.464113064381057,0.7455996831471716,0.3543112628752731,COMPLETE
35,-0.7155901101947324,2025-12-07 14:57:03.755459,2025-12-07 14:58:18.358928,0 days 00:01:14.603469,3.8338359238394624,0.8436372923731387,1.253036013116829,0.022933322139294332,7,8,19,606,2.3202271526397307,1.0625396834036205,1.461257409788887,0.721402804773473,0.4811106324890939,COMPLETE
36,-0.7152355755802786,2025-12-07 14:57:04.703185,2025-12-07 14:58:09.581958,0 days 00:01:04.878773,3.800078437714438,0.8335462079778427,1.3031673378325757,0.02146377503177719,7,8,20,517,2.4843220830667363,0.08312076121456424,1.4342149528481842,0.6968242408319948,0.48192105538228197,COMPLETE
37,-0.715359423435957,2025-12-07 14:57:05.610970,2025-12-07 14:58:04.834149,0 days 00:00:59.223179,3.6529296416030927,0.8440157861339903,1.2942106465379704,0.02302019995606487,7,8,20,470,2.500878347921228,0.7797107381197343,1.3485473095204488,0.7056582360346201,0.4680863690288823,COMPLETE
38,-0.7166485971379386,2025-12-07 14:57:09.256042,2025-12-07 14:58:16.295278,0 days 00:01:07.039236,3.642746907167474,0.8476847040854717,1.3093870500858167,0.025825590081945328,7,8,20,538,2.926511390880498,0.8177557889621582,1.214852055357441,0.7347194744842573,0.4773851626128288,COMPLETE
39,-0.7164975663407513,2025-12-07 14:57:10.329909,2025-12-07 14:58:25.574034,0 days 00:01:15.244125,3.607888489414555,0.8336257165221271,1.2567245163954766,0.023029306625365502,8,9,20,542,2.8998360696587637,1.1988954912795602,1.3798070954353927,0.7277488498573162,0.4762506024834145,COMPLETE
40,-0.7169151889305329,2025-12-07 14:57:10.439758,2025-12-07 14:58:29.573861,0 days 00:01:19.134103,3.6398889356961925,0.8365481962709577,1.2750336354288145,0.02130799688709599,0,9,20,555,2.9573422180388382,1.1561002085366812,1.2106021420803246,0.7264917585865336,0.4758126203368071,COMPLETE
41,-0.7166292199868572,2025-12-07 14:57:14.454026,2025-12-07 14:58:30.661303,0 days 00:01:16.207277,3.59391192313259,0.8399819677338359,1.2580493078542667,0.02217361908644715,1,9,20,561,2.949853136049723,1.0927248771690687,1.2754109189072618,0.7291545442645159,0.47927454785922446,COMPLETE
42,-0.7120569346219396,2025-12-07 14:57:17.709200,2025-12-07 14:58:17.687741,0 days 00:00:59.978541,3.647059373033116,0.8390030576219674,0.9872488037802571,0.022696181189652723,0,7,20,525,1.9841531602630762,1.527164829991621,1.3122121984806558,0.7287269737505991,0.3204838579589552,COMPLETE
43,-0.7114722185023449,2025-12-07 14:57:18.966968,2025-12-07 14:58:17.748772,0 days 00:00:58.781804,3.56705899707749,0.8227977205663768,0.9862859358371718,0.021237273197818284,2,7,20,521,2.9609309752305077,3.6095014788625868,1.5232054930300059,0.7275693550670332,0.3202050635372086,COMPLETE
44,-0.7169312454741372,2025-12-07 14:57:19.222586,2025-12-07 14:58:24.422861,0 days 00:01:05.200275,3.367253726303057,0.8504717157061613,1.001557132584038,0.025295398544633856,6,9,20,468,2.9910702112366407,1.1413089854500849,1.3360532820936135,0.7388351891922285,0.4775632248917929,COMPLETE
45,-0.7163906633859278,2025-12-07 14:57:20.680096,2025-12-07 14:58:29.266184,0 days 00:01:08.586088,3.6405569612610673,0.8509507693721877,0.9368571373339997,0.02474325264979202,6,9,20,483,2.9533974574283173,1.0010704054132604,1.333290211700294,0.7379813784271336,0.47313323591126233,COMPLETE
46,-0.7165093493864203,2025-12-07 14:57:22.290540,2025-12-07 14:58:28.837328,0 days 00:01:06.546788,3.569564894153908,0.8491624141639057,0.975669563435995,0.02237024871790756,6,9,20,463,3.036195459714703,1.0155396990746532,1.356789288861955,0.7445341302841131,0.48638646256283874,COMPLETE
47,-0.7198484012173292,2025-12-07 14:57:30.340390,2025-12-07 14:58:52.940419,0 days 00:01:22.600029,3.6070732297021664,0.8427931031585251,1.00043057945099,0.02354873913854132,5,9,20,689,3.037734258901552,0.933017908887185,1.4315557342235539,0.728393183387359,0.598118970583686,COMPLETE
48,-0.7164618603812987,2025-12-07 14:57:30.701003,2025-12-07 14:58:41.132383,0 days 00:01:10.431380,3.6060856939322816,0.842214501387645,0.9481569515705774,0.024910798084068483,5,9,20,503,2.948997122230202,1.0904125797034137,1.4845226441790293,0.7259981179079603,0.4948119028656547,COMPLETE
49,-0.7168322440093093,2025-12-07 14:57:33.685345,2025-12-07 14:58:37.458765,0 days 00:01:03.773420,3.5638550369449904,0.8505325438657708,1.0346514940806646,0.025762811442466758,6,9,20,441,3.078246798955533,1.1205847896212746,1.4251001996602939,0.7302959196915616,0.4960168799941497,COMPLETE
50,-0.7204768179472153,2025-12-07 14:57:37.181937,2025-12-07 14:58:01.703854,0 days 00:00:24.521917,3.172342169055127,0.8390723082843262,0.947060901427023,0.09621044860630606,6,9,20,446,3.0340198567156964,1.091937593644288,1.3692160620703722,0.7957103189506565,0.5965587016427618,COMPLETE
51,-0.7162684227757712,2025-12-07 14:57:39.679228,2025-12-07 14:58:45.558863,0 days 00:01:05.879635,3.670801902233489,0.8519797105799216,0.8789655217618493,0.02587051703617058,2,9,20,463,2.9924162517506323,1.107629690249404,1.5233788659911807,0.797405882573573,0.48358910823502166,COMPLETE
52,-0.7195762798223928,2025-12-07 14:57:40.484524,2025-12-07 14:58:39.481682,0 days 00:00:58.997158,3.61691662740485,0.8465991875611136,1.3905986722873347,0.027410439326081032,6,9,19,406,3.010404312573797,1.3375472967708792,1.4469029494555505,0.7981422017270485,0.5974851000786683,COMPLETE
53,-0.7169511482888578,2025-12-07 14:57:41.090163,2025-12-07 14:58:07.487856,0 days 00:00:26.397693,3.7289309524642267,0.8421854204204872,1.5039454769419578,0.096467103250446,6,9,19,422,0.04827053952016902,1.0524457834086052,1.4397814390327313,0.806469410584329,0.4887552567480555,COMPLETE
54,-0.7132440857772796,2025-12-07 14:57:50.896916,2025-12-07 14:58:52.409825,0 days 00:01:01.512909,3.717052549170772,0.7309958447420368,1.4323742285477554,0.027102276803880374,5,9,18,437,3.2515105613038098,1.0517070271184814,1.5540806741074498,0.7379570820238064,0.37131065732560986,COMPLETE
55,-0.7189319143049396,2025-12-07 14:57:57.571580,2025-12-07 14:58:26.965887,0 days 00:00:29.394307,3.768045207301106,0.7319968921680805,1.3978601795691625,0.09721377599406593,6,9,19,444,3.1749268277667575,1.1114599757952162,0.5284541486723308,0.7973671682737158,0.37169267091249153,COMPLETE
56,-0.7132117826600525,2025-12-07 14:58:01.704928,2025-12-07 14:58:27.327646,0 days 00:00:25.622718,3.6276591804319303,0.7392253663031523,0.9242588116639899,0.09949246132805416,5,9,19,433,3.2736536207490725,1.0713885772244645,1.464527130531241,0.8000173186501557,0.3530065340948445,COMPLETE
57,-0.7141737141304906,2025-12-07 14:58:04.835125,2025-12-07 14:58:35.968831,0 days 00:00:31.133706,3.6309860368930367,0.7247893019918821,0.9466630190278983,0.09751563606815704,5,9,19,410,3.279621697970844,1.2706165460864796,1.6159601161207033,0.8024714095648712,0.38150916212268837,COMPLETE
58,-0.7202872911799023,2025-12-07 14:58:07.488883,2025-12-07 14:58:37.219512,0 days 00:00:29.730629,3.2682872652868378,0.7350828153799767,0.9388022224445597,0.09612789579202426,5,9,18,501,3.2449108614471385,0.012689311387080293,1.551602863767634,0.8724821789427687,0.5987800126235308,COMPLETE
59,-0.7224150462948985,2025-12-07 14:58:09.583037,2025-12-07 14:58:36.057705,0 days 00:00:26.474668,3.0790670285684554,0.7368021731027685,0.9475813692123866,0.09848685547137484,9,9,18,393,3.2033013423187997,1.175870550184032,1.093628787408922,0.8789018375630111,0.5934370807959661,COMPLETE
60,-0.7194534947840041,2025-12-07 14:58:12.698537,2025-12-07 14:58:43.106295,0 days 00:00:30.407758,3.2758114158590033,0.7391977134382594,1.021137687839475,0.0927194117698716,9,9,18,431,3.9493029699828712,1.8478748112055565,1.6919204697056323,0.8789600619199123,0.5960990124328619,COMPLETE
61,-0.7165457953850776,2025-12-07 14:58:15.276892,2025-12-07 14:58:44.661504,0 days 00:00:29.384612,3.026224203747656,0.8029981852267427,0.9475214702004838,0.09923179232790563,9,9,18,401,3.937800486516436,1.1840197583005163,1.1222689248937667,0.8052731658732262,0.39127977178834383,COMPLETE
62,-0.7116633923818453,2025-12-07 14:58:16.296522,2025-12-07 14:58:45.506679,0 days 00:00:29.210157,3.3119210904257548,0.7463264638781316,0.9928627022934507,0.09683836593859274,9,9,18,387,3.2581677649361356,1.0880440642310543,0.5391281222582754,0.880908815512997,0.5819357911280006,COMPLETE
63,-0.7215888119173086,2025-12-07 14:58:17.688792,2025-12-07 14:58:43.665881,0 days 00:00:25.977089,3.030427959691539,0.8060245721909608,0.8647923003735951,0.09580228068887886,9,9,18,377,3.305887929634594,1.1535093859935053,0.5209460312257101,0.8693454423433142,0.39342070199339674,COMPLETE
64,-0.6982676298066639,2025-12-07 14:58:17.749755,2025-12-07 14:59:17.946779,0 days 00:01:00.197024,2.997115719360577,0.7481566077711596,1.0847270520312606,0.01773671051196933,5,9,18,424,3.2754293868211573,0.48298316076961706,0.5180122907338389,0.797535990331329,0.5934557008776433,COMPLETE
65,-0.6952174881769861,2025-12-07 14:58:18.360556,2025-12-07 14:58:44.573954,0 days 00:00:26.213398,2.9924914688575432,0.7464040415958373,0.8707103330115626,0.0960258508875349,5,9,18,381,3.2016673929654016,0.4913071195356107,0.5278894139010909,0.8727278003677114,0.5948126336842983,COMPLETE
66,-0.7209984958238581,2025-12-07 14:58:20.959082,2025-12-07 14:58:48.786108,0 days 00:00:27.827026,2.9460158899227196,0.8087841290958171,1.1399891691661845,0.09707308828572023,5,9,18,381,3.3170670677581557,0.48003107967114556,0.5307028599050296,0.8039395329404226,0.5161280923393835,COMPLETE
67,-0.7198062089433113,2025-12-07 14:58:24.423922,2025-12-07 14:58:50.883796,0 days 00:00:26.459874,3.0045716206561814,0.7979434425887991,1.104429742592182,0.09682570328040538,9,9,18,374,3.4172521496582915,0.5020681395856983,0.5249669469474448,0.8741479806003207,0.5227640655107257,COMPLETE
68,-0.6929291177621595,2025-12-07 14:58:25.575053,2025-12-07 14:58:52.616539,0 days 00:00:27.041486,2.987269327602527,0.8024109361205476,0.42200846789982316,0.09764069919216779,9,9,18,406,3.9542294096999995,0.5271015130408274,0.5076572043877096,0.8738629117952805,0.5913462046863843,COMPLETE
69,-0.6972007049255355,2025-12-07 14:58:26.967350,2025-12-07 14:59:21.796243,0 days 00:00:54.828893,2.999420604056194,0.7992125915466484,0.3769890334810628,0.01825195040884498,9,9,18,380,4.164631544097663,0.45649210815184904,0.49721814833038225,0.8832749472670227,0.5866772068317782,COMPLETE
70,-0.697579798129208,2025-12-07 14:58:27.328844,2025-12-07 14:59:04.084305,0 days 00:00:36.755461,2.9902630986856504,0.8031151345126235,0.4155173389396798,0.017625916392684324,9,5,18,382,4.06366218672728,0.383833670135166,0.5092295741761094,0.8680322283842298,0.5917308083312532,COMPLETE
71,-0.6896846086841425,2025-12-07 14:58:28.838343,2025-12-07 14:59:04.576754,0 days 00:00:35.738411,2.9248163149341786,0.8077072171190061,0.474202772124809,0.02908184905836383,10,5,18,379,3.8316322228741724,0.4085170269383702,0.49555804384185115,0.8810817296004861,0.5893422362276313,COMPLETE
72,-0.7209582358692446,2025-12-07 14:58:29.267284,2025-12-07 14:59:30.468850,0 days 00:01:01.201566,3.0441696215688276,0.8017329881370514,0.44093153306836597,0.017772222233661667,9,10,18,369,4.093416973077552,0.41200902300589876,1.1326313294214587,0.7803392666879755,0.5840311973514477,COMPLETE
73,-0.7189524231533232,2025-12-07 14:58:29.574820,2025-12-07 14:59:02.951110,0 days 00:00:33.376290,2.9303646044226297,0.8015660003538939,0.44544289019055877,0.029351651606975594,5,5,18,351,3.894419117683743,0.47543153947103123,1.0840082732246488,0.8825628463745052,0.5982019502824094,COMPLETE
74,-0.7185660095097137,2025-12-07 14:58:30.662426,2025-12-07 14:59:10.784111,0 days 00:00:40.121685,2.963395414821246,0.8017467467700032,0.46978240555508005,0.067600747660051,4,7,14,377,3.9585983575205637,0.488220614704016,0.5198723872356135,0.7829639729275355,0.5311281993034305,COMPLETE
75,-0.4207206676537151,2025-12-07 14:58:35.970113,2025-12-07 14:59:15.677138,0 days 00:00:39.707025,0.9827328546422249,0.7655958675157006,0.4440285726529998,0.0639333345953554,9,7,14,363,3.9056068601787994,0.45841946972460307,0.5391835299600674,0.8889469836446822,0.5283002253807758,COMPLETE
76,-0.6873749890526807,2025-12-07 14:58:36.058701,2025-12-07 14:59:05.664023,0 days 00:00:29.605322,2.960281948718054,0.8000199286726997,1.1100722884193732,0.0879393146256121,9,10,18,383,3.9769522912064654,0.4574415369447977,0.4952164097898249,0.8871040102596349,0.5918811721612837,COMPLETE
77,-0.7209632303467784,2025-12-07 14:58:37.220502,2025-12-07 14:59:12.600704,0 days 00:00:35.380202,2.928046729479254,0.7533035860571039,1.128761008164084,0.06980290943999504,10,5,18,386,3.897588754406317,0.3592091745380377,1.0644594480655143,0.8851530534433966,0.591717879179483,COMPLETE
78,-0.7216237234665416,2025-12-07 14:58:37.459896,2025-12-07 14:59:10.609121,0 days 00:00:33.149225,2.898304670957287,0.7534090918263011,0.4646050938885947,0.08763225831607398,9,5,18,362,4.000516030035841,0.47726177617097465,1.0449639810866647,0.8811032451661932,0.5983088978807481,COMPLETE
79,-0.7208880662891033,2025-12-07 14:58:39.483166,2025-12-07 14:59:14.728951,0 days 00:00:35.245785,3.0831107531770243,0.7530652584265911,0.450398678745777,0.07161857800484307,10,5,18,384,4.03087326587994,0.4367308139718599,1.0986494021093076,0.8968251277209267,0.59705062280167,COMPLETE
80,-0.719080623168433,2025-12-07 14:58:41.133464,2025-12-07 14:59:15.184441,0 days 00:00:34.050977,2.8603336429889814,0.7522904710876429,0.42192340821968344,0.08738202958822874,9,5,18,372,4.0179037577145,0.40132963029510826,1.0738164886092518,0.8894504018932705,0.5301630129610979,COMPLETE
81,-0.7196136974120101,2025-12-07 14:58:43.107621,2025-12-07 14:59:17.873615,0 days 00:00:34.765994,2.91274432294311,0.7983696248378503,0.43051945704924477,0.0850557619700237,10,5,18,376,2.7064593508936814,0.372816733370815,1.0558591946792486,0.8926574808464901,0.5347341695138519,COMPLETE
82,-0.7209925881986938,2025-12-07 14:58:43.667179,2025-12-07 14:59:19.900720,0 days 00:00:36.233541,3.0394495647180966,0.796854434696029,1.1357949995950558,0.06751853005512265,9,10,18,373,2.6813475079965294,0.44390747969476385,1.107723912135689,0.8986983122833867,0.5341740959553696,COMPLETE
83,-0.7214738464504522,2025-12-07 14:58:44.574910,2025-12-07 14:59:19.054833,0 days 00:00:34.479923,3.0445130989034834,0.7987908552522068,1.1264546663022967,0.0700906008272789,9,10,15,374,2.686865042762733,0.3132069729793065,1.027819784175695,0.8879412861037792,0.5301512113089644,COMPLETE
84,-0.7219655481449522,2025-12-07 14:58:44.662468,2025-12-07 14:59:19.434225,0 days 00:00:34.771757,2.8996197516091944,0.7599635761529739,0.4652755127912971,0.07320053035726522,10,10,15,364,2.712189232880724,0.542172343982382,0.8816663284170806,0.8902655782650555,0.5207044404339286,COMPLETE
85,-0.7224659391529261,2025-12-07 14:58:45.508039,2025-12-07 14:59:20.135779,0 days 00:00:34.627740,2.798193299263555,0.7595722192250488,0.4609118695456641,0.08582638302539171,10,10,15,359,3.4872206073261385,0.3138313680599524,0.898332198931099,0.8930495262518601,0.5332544141560523,COMPLETE
86,-0.7195423562763639,2025-12-07 14:58:45.560604,2025-12-07 14:59:15.515845,0 days 00:00:29.955241,4.069092126120555,0.7649739600002062,1.1166326688367008,0.08777701469849568,10,10,17,360,2.7015073144893798,0.41781104665769586,0.9659982362093895,0.8997549561199829,0.525900173938685,COMPLETE
87,-0.7016096398279638,2025-12-07 14:58:48.787305,2025-12-07 14:59:20.713898,0 days 00:00:31.926593,2.7559563910014537,0.763366895119112,1.1521320524484877,0.0856334523749561,4,10,15,359,3.491912455784583,0.28065047756125505,0.4787833013733583,0.8994001662872537,0.538390576377951,COMPLETE
88,-0.7189410221435896,2025-12-07 14:58:50.884947,2025-12-07 14:59:28.818623,0 days 00:00:37.933676,2.7895676655720574,0.7677408569565537,0.7849775600453092,0.07214543548827908,4,10,15,346,3.6629067992500994,0.26538929155023266,0.9827765322483208,0.8948649609225499,0.4230474161931468,COMPLETE
89,-0.7220816557904608,2025-12-07 14:58:52.410917,2025-12-07 14:59:25.989407,0 days 00:00:33.578490,2.8388850434978528,0.7618585634458078,1.1564330028239131,0.06855482656609109,4,10,15,346,2.709140959377064,0.4020710961294954,0.9436038381499321,0.8985769152121214,0.5416928124641966,COMPLETE
90,-0.7230649947345091,2025-12-07 14:58:52.617506,2025-12-07 14:59:30.109876,0 days 00:00:37.492370,2.7249756239395566,0.7593479706941176,1.163359066210679,0.06989723931700967,4,10,15,342,2.7250867710927387,0.29177504254196707,0.8881760758470518,0.898514193505068,0.5257918561324608,COMPLETE
91,-0.7220246249357769,2025-12-07 14:58:52.941494,2025-12-07 14:59:22.079022,0 days 00:00:29.137528,2.813323003970295,0.7714354666129716,1.1271546061147804,0.08724435460414899,4,10,15,288,3.6215913190645894,0.30708523664913734,0.9966745638944955,0.7702855308104554,0.5363903076020958,COMPLETE
92,-0.7223251394817888,2025-12-07 14:59:02.952192,2025-12-07 14:59:32.905913,0 days 00:00:29.953721,2.7637900467488055,0.7670970801953546,1.1330364405288218,0.08676456012889162,4,10,15,348,2.6978770303881587,0.2120901891437183,0.9788481535065546,0.8987137417510589,0.5349804389544837,COMPLETE
93,-0.7221867224622092,2025-12-07 14:59:04.085259,2025-12-07 14:59:39.510583,0 days 00:00:35.425324,2.784061918991751,0.758307595215073,1.1692518304722546,0.07004138497134184,4,10,15,284,2.688035180076549,0.2846376090345276,0.9631343930136389,0.8942725668041723,0.5339612392491888,COMPLETE
94,-0.7187130002048925,2025-12-07 14:59:04.577653,2025-12-07 14:59:34.144160,0 days 00:00:29.566507,2.7171242092383405,0.7619271559265486,0.7834004512321991,0.0864776536080332,10,10,15,308,2.7139535407259348,0.26454247359297206,0.9036346827829707,0.8496361912555627,0.4120187689514856,COMPLETE
95,-0.7228683644249412,2025-12-07 14:59:05.664929,2025-12-07 14:59:40.822940,0 days 00:00:35.158011,2.7150902508722328,0.7624850915520776,0.767707078870518,0.07131431617045028,4,10,15,300,2.655921473185921,0.274324756193559,0.8081265265097777,0.8960653569068183,0.5380355323278833,COMPLETE
96,-0.7182440694083292,2025-12-07 14:59:10.610184,2025-12-07 14:59:35.478893,0 days 00:00:24.868709,2.76690587071519,0.7109110531600873,0.7643029652539282,0.06838884915217361,8,4,15,284,4.875102254500334,0.25778424720919924,0.9510720656795221,0.8975285181473586,0.539503421114383,COMPLETE
97,-0.7223149172467161,2025-12-07 14:59:10.785129,2025-12-07 14:59:37.979281,0 days 00:00:27.194152,2.795959909565775,0.7586751050592121,0.7778122339045475,0.08523745215787619,8,10,17,287,2.686665323599014,0.23664519554286667,0.9420714655528164,0.8484546284606559,0.5394944479542159,COMPLETE
98,-0.7224471117262654,2025-12-07 14:59:12.601914,2025-12-07 14:59:40.937017,0 days 00:00:28.335103,2.754027083055691,0.7639657039959572,0.764018139154354,0.08568727749819084,10,10,17,293,2.6987681345464485,1.8558569204884854,0.9539719414863052,0.8579748461451397,0.5412139111068336,COMPLETE
99,-0.7159897361100518,2025-12-07 14:59:14.730075,2025-12-07 14:59:39.601244,0 days 00:00:24.871169,2.2812183773400907,0.7608708617266156,0.7227416606020864,0.0737963945440406,10,4,17,285,4.6363807602217175,0.2493700544734359,0.9636771880681786,0.8983372758258802,0.4140932313209812,COMPLETE
100,-0.7195269178761201,2025-12-07 14:59:15.185876,2025-12-07 14:59:39.815243,0 days 00:00:24.629367,2.7406059439310493,0.7636448466270782,0.8235658048455882,0.07302072282355637,10,4,17,283,4.760446302829127,0.7040527667197871,0.9550750620394534,0.8963808985050422,0.5700638493809925,COMPLETE
101,-0.715445940134472,2025-12-07 14:59:15.517112,2025-12-07 14:59:45.592328,0 days 00:00:30.075216,2.14107758412265,0.7906647600591595,0.7574247414889163,0.0704444386898964,8,6,15,288,4.562069567510816,0.25507596776421754,0.7827575015054239,0.8514139254752875,0.5673278468086809,COMPLETE
102,-0.7181890918399345,2025-12-07 14:59:15.678156,2025-12-07 14:59:41.439401,0 days 00:00:25.761245,2.2443393338112037,0.7763506069998998,0.7602261763041569,0.07910587457437646,8,4,17,294,4.697738026980484,0.23571435522622466,0.790607604536614,0.8598472609825217,0.4241906791323039,COMPLETE
103,-0.7194288900487557,2025-12-07 14:59:17.874804,2025-12-07 14:59:43.504437,0 days 00:00:25.629633,2.2555600520854915,0.7765660503426898,0.7891615141213804,0.07624456946661771,8,4,17,292,4.504919527653838,0.23683006804384862,0.860896276199599,0.8571914928901649,0.5684794756811039,COMPLETE
104,-0.7160694554209068,2025-12-07 14:59:17.948218,2025-12-07 14:59:44.602487,0 days 00:00:26.654269,2.708931255791687,0.7877612125617129,0.7858558802248846,0.07707307211274876,8,4,17,307,4.620637828038308,0.2569239985329743,0.8478904027825407,0.8518576103888365,0.42189399123552757,COMPLETE
105,-0.7190231510429619,2025-12-07 14:59:19.055837,2025-12-07 14:59:44.389868,0 days 00:00:25.334031,2.325188929220504,0.7895429387035721,1.177940983556967,0.07507535241558787,8,4,17,290,4.595861550005187,0.2056447580836333,0.7979936589446451,0.8612050173618864,0.5614982944231747,COMPLETE
106,-0.7217896504325971,2025-12-07 14:59:19.435253,2025-12-07 14:59:52.420425,0 days 00:00:32.985172,2.337603508042852,0.779463030011849,1.1509761900912685,0.07836260278739897,8,10,15,296,3.582069819335786,0.687733627609384,0.8368298046689289,0.846254771827127,0.4332433995214419,COMPLETE
107,-0.7216067486034856,2025-12-07 14:59:19.901743,2025-12-07 14:59:52.995729,0 days 00:00:33.093986,2.338082559930917,0.7863899006937136,0.753202873856287,0.0790271022590101,8,10,15,282,4.777969758981366,0.20968252519412606,0.817428711663987,0.851880183627445,0.5465117974636747,COMPLETE
108,-0.721232128137509,2025-12-07 14:59:20.136827,2025-12-07 14:59:52.538881,0 days 00:00:32.402054,2.3459679678054375,0.7773463692773961,0.754072332778853,0.07698705383892177,8,10,15,300,4.662133632142612,0.20126144752018987,0.8004043668359444,0.8538527605015478,0.4245543162562982,COMPLETE
109,-0.7179146043422582,2025-12-07 14:59:20.715033,2025-12-07 14:59:49.826443,0 days 00:00:29.111410,2.2760505458125095,0.7732665070542638,0.8265154123972593,0.0773502736055312,8,4,15,336,4.899027680516035,0.2061689749152204,0.821794696511022,0.8544621889258486,0.4249596135835152,COMPLETE
110,-0.7230815084549234,2025-12-07 14:59:21.797483,2025-12-07 14:59:51.701248,0 days 00:00:29.903765,2.3504769635188216,0.7775280837830488,0.8274280905763607,0.07735650698470044,8,10,16,292,4.447136581568283,0.6685273529722942,0.9407915433887256,0.8473363225586369,0.567314300971876,COMPLETE
111,-0.7176010176228453,2025-12-07 14:59:22.080233,2025-12-07 14:59:47.138391,0 days 00:00:25.058158,2.3801382256977606,0.7778272825459157,0.7582083699997477,0.07890439938090778,8,4,15,284,3.64199088190391,0.6290554621249919,0.8135422404661848,0.8482552404302005,0.4274642677689784,COMPLETE
112,-0.7179088808112207,2025-12-07 14:59:25.990677,2025-12-07 14:59:50.246344,0 days 00:00:24.255667,2.276330525681838,0.7893379232196681,0.7175590448245192,0.07874397427404775,8,4,15,274,3.6286159625038175,0.6956980440953827,0.8136540761956953,0.8603800594957012,0.5712772101617529,COMPLETE
113,-0.7189828218867896,2025-12-07 14:59:28.819755,2025-12-07 14:59:53.856330,0 days 00:00:25.036575,2.269100770086381,0.7761438510465511,0.27871955944229954,0.06092809854273414,3,4,16,281,4.440164626672031,0.6499996726891653,0.8434565574566434,0.8525938442209062,0.5650068272701654,COMPLETE
114,-0.7228896214875468,2025-12-07 14:59:30.111001,2025-12-07 15:00:04.365171,0 days 00:00:34.254170,2.5945099371867215,0.7759396159282361,0.28956000182662833,0.07709975595713839,3,10,16,285,4.626345662213466,0.6280294926813458,0.8227567103287909,0.8540140018344127,0.5655253720531506,COMPLETE
115,-0.7189056129473632,2025-12-07 14:59:30.471130,2025-12-07 15:00:02.845204,0 days 00:00:32.374074,2.3560327842856346,0.7779357264155375,0.5544666944506872,0.07687021162646532,3,10,16,284,4.551533211701771,0.7077290253284196,0.7863804544216599,0.8587965789046205,0.5685664487246332,COMPLETE
116,-0.7197193540922502,2025-12-07 14:59:32.907361,2025-12-07 14:59:58.347600,0 days 00:00:25.440239,2.3026795157840754,0.7768694589716008,1.2037037987389054,0.07749177353336369,3,4,13,287,2.284843651862903,0.1840047932130099,0.851377212432957,0.8542558356628819,0.5675105019261943,COMPLETE
117,-0.7193865310605292,2025-12-07 14:59:34.145692,2025-12-07 14:59:59.472061,0 days 00:00:25.326369,2.379473046375341,0.7753378967362095,0.5478164839560594,0.07800255777411111,3,4,13,282,4.670450117312786,0.6822722307335713,0.7865988368302365,0.7707403138393514,0.5644211520615711,COMPLETE
118,-0.7199192998444122,2025-12-07 14:59:35.480070,2025-12-07 15:00:07.879577,0 days 00:00:32.399507,2.375045167714027,0.774519663021975,1.1993529032998207,0.07703451417552401,3,10,16,334,2.217834011707534,0.6722478622627575,0.7988356387478158,0.758394122332758,0.5589080289066445,COMPLETE
119,-0.7179537947607673,2025-12-07 14:59:37.980383,2025-12-07 15:00:08.889966,0 days 00:00:30.909583,2.236872389068992,0.7847562306632588,1.2050790336599262,0.07958334633512637,3,10,13,257,2.263517079235433,0.6658639998159379,0.8148492209680849,0.7670538205707675,0.5651900140557726,COMPLETE
120,-0.718312723720375,2025-12-07 14:59:39.511489,2025-12-07 15:00:08.852237,0 days 00:00:29.340748,2.3552832654189997,0.7760548745724198,1.058114923858422,0.07796355825377074,3,10,13,278,2.3069559322531523,0.6461385134376953,0.794685683189891,0.8593484929175507,0.5679925513626609,COMPLETE
121,-0.7189847797251707,2025-12-07 14:59:39.602201,2025-12-07 15:00:11.218420,0 days 00:00:31.616219,2.397705740160045,0.7753082016613327,1.1975684227114247,0.07850421014088246,3,10,13,251,2.2218491131303377,0.11191832586142093,0.8093952716025341,0.7667947655934115,0.5676801992935124,COMPLETE
122,-0.7150116367753304,2025-12-07 14:59:39.816136,2025-12-07 15:00:13.495046,0 days 00:00:33.678910,2.3144305826676206,0.7774733462298797,1.1883877670599403,0.0805433654997274,3,10,13,237,2.281580225415574,0.6534095763224045,0.7569433757221496,0.7703436329508664,0.5647997869722035,COMPLETE
123,-0.7238988586995374,2025-12-07 14:59:40.824173,2025-12-07 15:00:13.036239,0 days 00:00:32.212066,2.41055428194618,0.7758397518339394,1.1977526410722246,0.07924179994432735,3,10,16,231,2.277004958356259,0.13735738325806263,0.7800418067593694,0.8545300729542462,0.5084916207171821,COMPLETE
124,-0.723515117247551,2025-12-07 14:59:40.938153,2025-12-07 15:00:12.887367,0 days 00:00:31.949214,2.3954379845898863,0.7894672673031976,1.1939546148234526,0.07833686602994744,3,10,16,250,2.2038614594224892,0.13630652759097645,0.7919699228782175,0.8392854003368398,0.5060156147662132,COMPLETE
125,-0.7234425923671737,2025-12-07 14:59:41.440305,2025-12-07 15:00:22.027796,0 days 00:00:40.587491,2.582056065948152,0.7857331814424395,0.618231863568296,0.06350361215851143,3,10,16,256,4.3894066407197165,0.12212148884642987,0.8348212550595421,0.8613501156252898,0.5529591699488556,COMPLETE
126,-0.7229337830405257,2025-12-07 14:59:43.505625,2025-12-07 15:00:13.452612,0 days 00:00:29.946987,2.6068639526042086,0.784712824001635,1.1925615994220007,0.0823004324953655,3,10,13,237,2.307949131000271,0.1295280993137941,0.7586101067066366,0.8392525564680229,0.5067190197940373,COMPLETE
127,-0.7230298025737896,2025-12-07 14:59:44.390765,2025-12-07 15:00:24.407159,0 days 00:00:40.016394,2.6053958654509124,0.7816521751078108,0.5974863611756411,0.05919192732259403,3,10,13,253,2.2111497932786097,0.6474101592652576,0.7942949240816487,0.7711136127864454,0.5068546312713753,COMPLETE
128,-0.7220932546563128,2025-12-07 14:59:44.603844,2025-12-07 15:00:14.215927,0 days 00:00:29.612083,2.454375357672832,0.7796445407033133,1.2119096694237854,0.08258313090576223,3,10,13,257,2.2035455759408453,0.12380822047901308,0.9139924991873491,0.8396786876146733,0.5044245819181657,COMPLETE
129,-0.7219682619566002,2025-12-07 14:59:45.593426,2025-12-07 15:00:27.012826,0 days 00:00:41.419400,2.5557381325077735,0.7425793368109602,1.5824244981739617,0.05658845335164241,3,10,13,251,2.239673798082709,0.10614571956270613,1.0030709553583042,0.8392482982940582,0.5039774104782299,COMPLETE
130,-0.7228834969905763,2025-12-07 14:59:47.139470,2025-12-07 15:00:27.654486,0 days 00:00:40.515016,2.556725524904326,0.771386442755066,0.626133964061104,0.06390592541803018,3,10,13,258,2.2582975078475105,0.11566450273153134,0.9246234808251748,0.8315246346880378,0.5081821525122893,COMPLETE
131,-0.7228456764086566,2025-12-07 14:59:49.827576,2025-12-07 15:00:30.265500,0 days 00:00:40.437924,2.585970969428072,0.7242079874043142,1.2119497750678698,0.06018194857568185,3,10,13,252,2.387288099492417,0.09199472014835569,0.9214721517959681,0.7707178303754655,0.5484198101072881,COMPLETE
132,-0.7229212663526021,2025-12-07 14:59:50.247291,2025-12-07 15:00:31.425661,0 days 00:00:41.178370,2.6026449315299076,0.7822408730905414,0.6292728609313046,0.060672632979963254,3,10,13,240,2.209970674538012,0.10974239481541567,0.9178837200102561,0.8378361371017637,0.5078436577252451,COMPLETE
133,-0.7224959587441081,2025-12-07 14:59:51.702554,2025-12-07 15:00:30.468451,0 days 00:00:38.765897,2.5343664795765797,0.7825348773934969,0.6347655084037411,0.061658301659176996,3,10,16,241,2.240238529114533,0.11357921224777631,0.9212626554729838,0.8396772900011829,0.5040411577476972,COMPLETE
134,-0.7234855171000066,2025-12-07 14:59:52.421568,2025-12-07 15:00:29.949534,0 days 00:00:37.527966,2.6057317159432305,0.78274910047958,1.0565901149512889,0.06391825655938856,3,10,16,244,2.2824503834267817,0.08914590971407466,0.9245037124703712,0.8305045904393099,0.5492723842758755,COMPLETE
135,-0.7223414381877957,2025-12-07 14:59:52.540072,2025-12-07 15:00:22.064916,0 days 00:00:29.524844,2.583400516262168,0.7715756065671735,1.0657475166102923,0.09171759531423625,3,10,16,233,2.302105880430652,0.10385897586453172,0.9149846852209189,0.8275137262322135,0.503938694858264,COMPLETE
136,-0.7225778543003814,2025-12-07 14:59:52.996663,2025-12-07 15:00:32.387003,0 days 00:00:39.390340,2.6200795545228357,0.7712953980155467,0.6362135922507048,0.05859943920223169,3,10,16,236,2.231649716880397,2.0206184507338487,0.9176560302391442,0.8295321159799476,0.5001831970753604,COMPLETE
137,-0.7227699291140487,2025-12-07 14:59:53.857285,2025-12-07 15:00:23.813514,0 days 00:00:29.956229,2.5785954459023417,0.7705218243414388,0.6309731191488898,0.09195346110447417,4,10,13,237,2.336922981850003,1.7231832715416213,0.912003636622841,0.8360495253537737,0.5134209048465436,COMPLETE
138,-0.7222116261761846,2025-12-07 14:59:58.348592,2025-12-07 15:00:31.284179,0 days 00:00:32.935587,2.5310878554129865,0.7412324623546833,0.6144620180973157,0.08237769174605875,4,10,16,230,2.3138747997849114,0.10587428339716781,0.9242161428964989,0.8252244447012456,0.5105950649121558,COMPLETE
139,-0.7200853832514928,2025-12-07 14:59:59.473241,2025-12-07 15:00:31.555879,0 days 00:00:32.082638,3.426311668450771,0.7402279625250093,1.0539509995791412,0.08220081264434254,7,10,16,243,2.217429218897772,0.08488773484658965,1.0067359369484565,0.8384736604695777,0.5091174679266842,COMPLETE
140,-0.7191815868221966,2025-12-07 15:00:02.846256,2025-12-07 15:00:45.113664,0 days 00:00:42.267408,3.1769659032533912,0.7416439567426284,1.0625971775568632,0.05467998124774087,4,10,14,257,2.319586682370662,0.06048239657284454,1.1708932752469994,0.8761683883298733,0.4992769310970584,COMPLETE
141,-0.7220383900884438,2025-12-07 15:00:04.366125,2025-12-07 15:00:37.683031,0 days 00:00:33.316906,2.579046893765729,0.7437282193560555,0.6443045765119408,0.08263079915026905,4,10,14,234,2.3781849068246568,0.09723498661528915,0.9170749136337409,0.8377966164766948,0.5129322864251599,COMPLETE
142,-0.7221525535103094,2025-12-07 15:00:07.881527,2025-12-07 15:00:48.838867,0 days 00:00:40.957340,2.597818406275304,0.7233899715698866,0.058378642331602726,0.0567451599879939,4,10,14,244,2.8064603985888055,0.09645554138492218,0.9210163700217345,0.826320264871178,0.5109457098539901,COMPLETE
143,-0.7222163510602265,2025-12-07 15:00:08.853153,2025-12-07 15:00:48.617685,0 days 00:00:39.764532,2.5744109764147236,0.7401186256199881,0.6253836731077607,0.05220850633338129,4,10,14,228,2.8224225830547467,0.08003757958434862,0.9121932535424344,0.8350627889537067,0.5070020826546616,COMPLETE
144,-0.7222649758169175,2025-12-07 15:00:08.892584,2025-12-07 15:00:40.112465,0 days 00:00:31.219881,2.57895030890588,0.7431729221614701,0.6415018416370233,0.09117371851413858,4,10,14,234,2.4372988615137725,0.10175372046805135,0.9142225155228476,0.8643978558293786,0.5048049020133254,COMPLETE
145,-0.7222246875621497,2025-12-07 15:00:11.219929,2025-12-07 15:00:47.174860,0 days 00:00:35.954931,2.5739791708798516,0.7439832740402548,0.09685889630532793,0.09166203601258019,4,10,14,220,4.310521353691384,1.8634153963512226,1.0056871832497438,0.8237625230822199,0.5059459951473829,COMPLETE
146,-0.7227003333668984,2025-12-07 15:00:12.888671,2025-12-07 15:01:01.515184,0 days 00:00:48.626513,2.5366502697054405,0.7423730644822926,0.1502861438695584,0.05072627342586447,4,10,14,318,2.5794848429585415,0.024086804546419482,0.9156592597597415,0.8228300046659698,0.5090605010862226,COMPLETE
147,-0.7236757192228065,2025-12-07 15:00:13.037352,2025-12-07 15:00:50.440239,0 days 00:00:37.402887,2.601139010570378,0.7418115521510722,0.05820486415639747,0.05313425818084521,4,10,14,214,2.4123991243309573,1.8078688109726244,0.7297147340021435,0.8318026326092862,0.5034310800853342,COMPLETE
148,-0.723784226399502,2025-12-07 15:00:13.453641,2025-12-07 15:00:41.576439,0 days 00:00:28.122798,2.598140105839306,0.8213706355973573,0.6416933170597133,0.09152348159029897,2,10,16,197,1.9445034578442189,1.8589868090518809,0.7128025148666017,0.8375606113270747,0.5049722471603215,COMPLETE
149,-0.7212372355505784,2025-12-07 15:00:13.496089,2025-12-07 15:00:43.515025,0 days 00:00:30.018936,2.563567084863791,0.7390095625963762,0.10823847817392401,0.0917659970397283,2,10,14,216,2.1341507886986473,1.8762735745173285,0.6508760115414872,0.834334730561233,0.5070054944409641,COMPLETE
150,-0.7224862059104761,2025-12-07 15:00:14.217036,2025-12-07 15:00:44.018085,0 days 00:00:29.801049,2.5039416370358305,0.7395572272077945,0.09710160201526064,0.0925675064191762,2,10,14,191,2.8234612627918887,0.008976064022436003,0.7403104285472895,0.8274058999959614,0.5095893854067567,COMPLETE
151,-0.7225194626863527,2025-12-07 15:00:22.028815,2025-12-07 15:00:49.934614,0 days 00:00:27.905799,2.5700888994817443,0.8168728167571757,1.6346788676104038,0.09124005573919854,2,10,14,321,1.6509740271322033,0.0008684168886721605,0.722711204734716,0.8287300267078879,0.508984750827205,COMPLETE
152,-0.7228300474377128,2025-12-07 15:00:22.067461,2025-12-07 15:00:53.619410,0 days 00:00:31.551949,2.5463893229517285,0.7426862209202999,1.5514785617479423,0.09183957938165092,2,10,14,194,4.319729832437793,1.7276110392175192,0.7087872732637873,0.8281153524342187,0.5076976047103555,COMPLETE
153,-0.7236464662679675,2025-12-07 15:00:23.815119,2025-12-07 15:01:00.387233,0 days 00:00:36.572114,2.598680130336649,0.8166525519840726,0.5997068007977711,0.053687587658559105,2,10,10,200,1.708141646983622,1.6931661714601944,0.6863442535368637,0.829888750154748,0.5019147510927446,COMPLETE
154,-0.72345658667369,2025-12-07 15:00:24.408504,2025-12-07 15:01:02.102215,0 days 00:00:37.693711,2.606643404087213,0.7834458564644563,0.6512305700884198,0.05147880347526066,2,10,10,207,1.7981026142653245,1.9439317658820099,0.6578380929951301,0.8329701780941585,0.513049555363441,COMPLETE
155,-0.7234910908084189,2025-12-07 15:00:27.013816,2025-12-07 15:01:03.501659,0 days 00:00:36.487843,2.069088620726256,0.7833049128750852,0.6343646413449522,0.06323799919479481,2,10,14,209,2.0261756467581566,2.0261508340626415,0.7209349434090769,0.8294273062518853,0.45653353229535165,COMPLETE
156,-0.7236654131360305,2025-12-07 15:00:27.655777,2025-12-07 15:01:03.729259,0 days 00:00:36.073482,2.14204839867612,0.7935782064394409,0.648176892814339,0.046772108313917975,2,10,10,193,1.6517144926693623,2.4381533812440743,0.705198842693507,0.827562779401588,0.4635991615969848,COMPLETE
157,-0.720325186501538,2025-12-07 15:00:29.950870,2025-12-07 15:01:04.036054,0 days 00:00:34.085184,2.111363456189343,0.7841466746614834,0.6486014423113688,0.06316641396450255,2,10,12,194,1.9402960837323087,0.03233622847507982,0.7219355620233366,0.8285074072396753,0.5129036938217891,COMPLETE
158,-0.7220264117549047,2025-12-07 15:00:30.266658,2025-12-07 15:01:06.900544,0 days 00:00:36.633886,2.6051697952341932,0.6771294379006402,0.668330192473203,0.045163004017385266,2,10,12,206,1.825677755870062,0.008139182863947325,0.6482664587544542,0.8303968699165226,0.4593139963939496,COMPLETE
159,-0.7233140898492466,2025-12-07 15:00:30.469602,2025-12-07 15:01:08.583041,0 days 00:00:38.113439,2.6286611945897786,0.8136861134918437,0.060748579808280245,0.05324120247170762,2,10,10,210,2.093152318894528,0.03759533381802311,0.705022133322579,0.8268517857424755,0.5145200311602294,COMPLETE
160,-0.7102639830800979,2025-12-07 15:00:31.285361,2025-12-07 15:01:05.638656,0 days 00:00:34.353295,2.072748550455493,0.8170249317940668,0.6819760228473458,0.05122267731286969,2,10,12,188,2.0427267482979596,0.01987166006591956,0.7262010814568413,0.8126563363726985,0.5545130127877682,COMPLETE
161,-0.7223786831850464,2025-12-07 15:00:31.426830,2025-12-07 15:01:06.134700,0 days 00:00:34.707870,2.060329155173209,0.6881712338104828,0.6943545296908835,0.047112058582250115,2,10,12,195,1.6418905651885276,0.059196652451584134,0.6507419098710462,0.8153289874547731,0.45069250661138377,COMPLETE
162,-0.7216252519389126,2025-12-07 15:00:31.557243,2025-12-07 15:01:05.010714,0 days 00:00:33.453471,2.6457042251063183,0.6912458790090702,0.1293930489411169,0.046792671135091744,2,10,12,186,1.6333969894353637,0.03934500227140557,0.7146243567282163,0.8141789712967404,0.463312866865192,COMPLETE
163,-0.7234585823509216,2025-12-07 15:00:32.388203,2025-12-07 15:01:06.770773,0 days 00:00:34.382570,2.068457064755853,0.8141758461987912,0.5110331111952098,0.0463096776613379,2,10,12,186,1.7777486952359465,0.01583534468881416,0.6918064909873322,0.8106908160850596,0.45800487013570323,COMPLETE
164,-0.7118843456376747,2025-12-07 15:00:37.684543,2025-12-07 15:01:12.069148,0 days 00:00:34.384605,2.0935961078324867,0.8218724679703261,0.5125794882881027,0.05304326327616073,2,10,12,190,2.090398755851164,0.02101375146434098,0.727151762969346,0.8225721386607655,0.5510056488001143,COMPLETE
165,-0.7010866793678125,2025-12-07 15:00:40.113607,2025-12-07 15:01:16.438628,0 days 00:00:36.325021,2.0999255080972397,0.820463932856665,0.5963783607066157,0.052701372452604374,2,10,12,205,1.8565043080540105,0.04478477335254466,0.6503367858262931,0.8110925212486614,0.5522351661544184,COMPLETE
166,-0.7233933760931761,2025-12-07 15:00:41.578435,2025-12-07 15:01:16.994059,0 days 00:00:35.415624,2.0370249649517906,0.813639564838116,0.5917916288842623,0.048552941825665656,2,10,12,193,1.7753467786421813,0.02928732660581787,0.665606711049214,0.8134517408249339,0.46528958448713836,COMPLETE
167,-0.7231532738432325,2025-12-07 15:00:43.516202,2025-12-07 15:01:16.846814,0 days 00:00:33.330612,1.9538629938278969,0.8138056910210457,0.003957113770387488,0.049872416446514634,2,10,12,182,1.7950932772099875,0.005503139854468819,0.7202884189332638,0.818402145182998,0.45134054009542124,COMPLETE
168,-0.723772687440536,2025-12-07 15:00:44.019113,2025-12-07 15:01:19.477877,0 days 00:00:35.458764,2.052403122901845,0.8277681965347301,0.5269978071063164,0.051509091756959835,2,10,12,198,1.7994103138617838,0.8921035766704297,0.7267369021684498,0.8155419811929043,0.4616986568196986,COMPLETE
169,-0.7235749504163133,2025-12-07 15:00:45.115543,2025-12-07 15:01:20.543242,0 days 00:00:35.427699,2.1612180340102958,0.8235824788543186,0.6919914214010006,0.0455232088570577,2,10,12,193,1.7400804533800425,2.9163870948282304,0.6954153228347558,0.8095895611203672,0.4602564881696671,COMPLETE
170,-0.722022415946236,2025-12-07 15:00:47.176068,2025-12-07 15:01:21.705226,0 days 00:00:34.529158,2.0120235732589,0.820589260051483,0.5267462808268558,0.06219908562561118,2,10,12,194,1.914469825647301,0.0003056938071575588,0.7283403331400125,0.8121871586911801,0.49063761248004967,COMPLETE
171,-0.7234149266560364,2025-12-07 15:00:48.618815,2025-12-07 15:01:21.312417,0 days 00:00:32.693602,2.0496926118110324,0.8186139511959509,0.5884300525366049,0.06516761581465881,2,10,16,192,1.7562616740630723,0.8991826132559677,0.7040023889956997,0.7907223894509426,0.4664774038950191,COMPLETE
172,-0.7233469909417293,2025-12-07 15:00:48.841505,2025-12-07 15:01:21.214593,0 days 00:00:32.373088,2.1110047720129295,0.8227053381108559,0.5251402737300228,0.06446374552580739,2,10,12,187,1.8132606366242592,2.316335865204658,0.657244455640124,0.8163039862327999,0.4671122548247142,COMPLETE
173,-0.7234873437036073,2025-12-07 15:00:49.935736,2025-12-07 15:01:25.765140,0 days 00:00:35.829404,2.1330771039439944,0.8136720362113702,0.5845936014990005,0.0495093542114293,2,10,12,199,1.8871363534873957,2.5571883126123924,0.6876088941961201,0.8105205631907827,0.4595779584883246,COMPLETE
174,-0.722785970617491,2025-12-07 15:00:50.441644,2025-12-07 15:01:21.659930,0 days 00:00:31.218286,2.082508816310111,0.7156123902513702,0.5167348219149381,0.06450250873959196,2,10,12,174,1.8689467801247586,1.478070739438376,0.6945510258556935,0.8195719393733841,0.46386999062035494,COMPLETE
175,-0.7233288811736722,2025-12-07 15:00:53.620529,2025-12-07 15:01:21.998798,0 days 00:00:28.378269,2.0211737234943725,0.7929655889307549,0.34849826324971295,0.06466531582886191,2,10,12,153,1.9098280239297312,2.3398213139860355,0.7509018657902308,0.8147445077526757,0.4647056379787698,COMPLETE
176,-0.7224012138696726,2025-12-07 15:01:00.388289,2025-12-07 15:01:31.264254,0 days 00:00:30.875965,2.665184395074815,0.8162041628982644,0.35599285238760364,0.06439586620407599,1,10,10,168,1.7296363086329793,2.258302397390487,0.6882864796699051,0.8123500462068416,0.4458272842203312,COMPLETE
177,-0.7229495303042743,2025-12-07 15:01:01.516178,2025-12-07 15:01:27.843634,0 days 00:00:26.327456,2.12573092847286,0.8281894764455094,0.5192270473365432,0.04914224284479019,1,10,12,140,1.8342058095360478,2.538725502059407,0.6674613203659616,0.808925920384529,0.46570295666346606,COMPLETE
178,-0.7216655984760656,2025-12-07 15:01:02.103238,2025-12-07 15:01:30.452443,0 days 00:00:28.349205,2.1004386261754653,0.8205808915980392,0.5197248791232946,0.04883605233732636,1,10,10,151,1.8078047930737178,2.3570466903053395,0.655279158023328,0.8077535619696677,0.4900811352883293,COMPLETE
179,-0.7226148606994902,2025-12-07 15:01:03.502607,2025-12-07 15:01:39.304695,0 days 00:00:35.802088,2.0277542445535994,0.8233922238647793,0.5302708750529757,0.04964652306358924,1,10,9,197,1.8183936580455975,2.088301355138765,0.6886083547818715,0.8121920011752938,0.4622280404102683,COMPLETE
180,-0.7231314253019537,2025-12-07 15:01:03.730419,2025-12-07 15:01:40.159648,0 days 00:00:36.429229,2.05194954564343,0.8166149594301202,0.6901112810076406,0.04675882794753957,1,10,10,200,1.8209411645589322,2.355273109066402,0.6619939327536885,0.8136396825450792,0.4576070503747926,COMPLETE
181,-0.7233114276524542,2025-12-07 15:01:04.037038,2025-12-07 15:01:32.400852,0 days 00:00:28.363814,1.9924912715357292,0.8189651254518047,0.5313576563202376,0.0552508333021282,1,10,9,151,2.063565145655496,2.349007186468957,0.6792456039248148,0.8168552945804591,0.4428769594550109,COMPLETE
182,-0.7234248498845484,2025-12-07 15:01:05.012169,2025-12-07 15:01:35.048689,0 days 00:00:30.036520,1.9642755944184747,0.8200996546206657,0.5104961612377927,0.04651407951981786,2,10,9,156,1.7804405048614989,2.332916747103795,0.677254568352593,0.8140905217114944,0.45418437793738375,COMPLETE
183,-0.7208839029232568,2025-12-07 15:01:05.641113,2025-12-07 15:01:35.125687,0 days 00:00:29.484574,1.790120831117653,0.7934516784887978,0.5231151653573426,0.04732560116128452,1,10,9,157,1.8431819797267754,2.477769715960791,0.6766660591262174,0.8107684839483598,0.46325673438022447,COMPLETE
184,-0.718633516784637,2025-12-07 15:01:06.136199,2025-12-07 15:01:37.135928,0 days 00:00:30.999729,1.894724920474387,0.7930439633790957,0.5265311700616088,0.0653160436813443,1,10,9,170,1.7365864527794754,2.5942282176320295,0.6770384751055324,0.8457471659368824,0.48407775156179295,COMPLETE
185,-0.719136112889614,2025-12-07 15:01:06.771855,2025-12-07 15:01:34.940664,0 days 00:00:28.168809,1.921479241720737,0.8211552737630696,0.5205446192996446,0.047069069486731195,1,10,10,148,1.8832032836365564,2.3681464668690313,0.6028993253035823,0.8450725283651738,0.46763210667827426,COMPLETE
186,-0.7222084116354412,2025-12-07 15:01:06.901609,2025-12-07 15:01:36.034685,0 days 00:00:29.133076,1.8959551978148983,0.8265848410200295,0.5858035583138078,0.04247228512063679,1,10,10,151,1.8045661789210465,2.3775237994755107,0.7588694624805657,0.8429561471738424,0.4914010504875982,COMPLETE
187,-0.7226772033338312,2025-12-07 15:01:08.584265,2025-12-07 15:01:37.392870,0 days 00:00:28.808605,2.183543126510411,0.8282133086970781,0.5366935412922027,0.04240911055221008,1,10,10,150,1.8407351817950461,2.272194412872327,0.6727805190785309,0.7908298294214335,0.4833300262040959,COMPLETE
188,-0.722553347431772,2025-12-07 15:01:12.070321,2025-12-07 15:01:41.074092,0 days 00:00:29.003771,2.4567240643022132,0.8301645508916502,0.584064605826867,0.04290157655713467,1,10,10,153,1.3221425832277518,1.6186480727993369,0.6883231793684246,0.8097110186924352,0.4912317513272161,COMPLETE
189,-0.7227816149905798,2025-12-07 15:01:16.439735,2025-12-07 15:01:45.524462,0 days 00:00:29.084727,1.8918637145983737,0.8116369362859515,0.5219910102493848,0.041736781221649706,1,10,10,154,1.3188611023242276,2.314859283161392,0.7557158459753003,0.845650862894343,0.48857955026685274,COMPLETE
190,-0.7212225577115392,2025-12-07 15:01:16.848144,2025-12-07 15:01:46.258201,0 days 00:00:29.410057,1.9478172235168114,0.8310242069416783,0.01939650999788889,0.04826020959201346,1,10,10,157,1.4372284184715658,2.453374635147502,0.6909466477563334,0.8187188058176798,0.4837292129793663,COMPLETE
191,-0.722195485542987,2025-12-07 15:01:16.995217,2025-12-07 15:01:46.255209,0 days 00:00:29.259992,1.867905094050176,0.829025182223245,0.034336740171230895,0.041204060896936234,1,10,10,152,1.4684398000593453,2.3157952131735215,0.6239411002148693,0.788515592073804,0.44493452044180154,COMPLETE
192,-0.7229481222851551,2025-12-07 15:01:19.479003,2025-12-07 15:01:47.958823,0 days 00:00:28.479820,1.8972237727677028,0.8300359778730424,0.00024348619155824215,0.04752224980329882,1,10,10,151,1.3061600426521291,2.454869179546549,0.6758441271946412,0.8068139342930422,0.4423657463734051,COMPLETE
193,-0.7228611992967178,2025-12-07 15:01:20.544373,2025-12-07 15:01:49.871144,0 days 00:00:29.326771,1.813494197361852,0.8276424068456827,0.02429405929731066,0.042559745919539003,1,10,10,155,1.757970945342475,2.5453079588760925,0.6870557361767821,0.8196636316680673,0.43889782711018566,COMPLETE
194,-0.7210995155391772,2025-12-07 15:01:21.215591,2025-12-07 15:01:49.586677,0 days 00:00:28.371086,1.8340440423698368,0.8288441526495077,0.012063314811224857,0.04292476938417732,1,10,10,148,1.7567305642804874,2.4124830431181494,0.6817001977045143,0.7886468068650269,0.4703865089027942,COMPLETE
195,-0.7223254705193438,2025-12-07 15:01:21.313727,2025-12-07 15:01:48.945886,0 days 00:00:27.632159,2.192488790483025,0.8291797442240946,0.030478347449140547,0.04420160238582257,1,10,10,143,1.7641479665708788,2.4042346092141,0.6754394328432644,0.8091181614786493,0.4486412231092336,COMPLETE
196,-0.7233452203114423,2025-12-07 15:01:21.660925,2025-12-07 15:01:52.399645,0 days 00:00:30.738720,1.886975786104732,0.8314806459965985,0.005419481905475754,0.04225238710250563,1,10,10,163,1.7362459760359734,2.392254322683127,0.6229770753749665,0.818068713971798,0.44039035864344356,COMPLETE
197,-0.7226304083928936,2025-12-07 15:01:21.706380,2025-12-07 15:01:49.545799,0 days 00:00:27.839419,1.8880217141065883,0.8261585995933656,0.23762226268031542,0.04918109556792634,1,10,10,148,1.7505820154707337,2.3320202109726043,0.6198466732149552,0.7914481135306503,0.4443603335655899,COMPLETE
198,-0.7231390143646969,2025-12-07 15:01:22.000191,2025-12-07 15:01:50.775626,0 days 00:00:28.775435,1.8729170469345942,0.8280046451664171,0.2111569820669359,0.04172721548111071,1,10,10,149,1.41373004022566,2.3275891065381757,0.682388236055775,0.8044184222553433,0.44267180962033154,COMPLETE
199,-0.7222822487670257,2025-12-07 15:01:25.766168,2025-12-07 15:01:54.713056,0 days 00:00:28.946888,1.8374772287800836,0.8289615827893292,0.36611065171189894,0.04761127685818608,1,10,11,155,1.298789908795027,2.3546051984721412,0.6122126124709291,0.7920160522987136,0.4366247618397623,COMPLETE
200,-0.7220253379762583,2025-12-07 15:01:27.844643,2025-12-07 15:01:57.743147,0 days 00:00:29.898504,1.8538930979457637,0.8276088232255742,0.3564757418206026,0.04296386107819531,1,10,11,160,1.3782030345964644,2.8479268688309505,0.5928320795960651,0.78966921158954,0.4379982883297817,COMPLETE
201,-0.7220365008665312,2025-12-07 15:01:30.453898,2025-12-07 15:02:00.413679,0 days 00:00:29.959781,1.845915526389292,0.8313165015021029,0.35664529325926975,0.04460842370177048,1,10,11,162,1.5012038761426094,2.727076552493063,0.615265740502673,0.803951956104918,0.4382757160419096,COMPLETE
202,-0.714436064743625,2025-12-07 15:01:31.265534,2025-12-07 15:01:57.577084,0 days 00:00:26.311550,1.7742473105344085,0.8295751238361941,0.5743685665275106,0.0434461834822666,1,10,9,132,1.4180022341141283,2.7253411571575126,0.6114741404037192,0.7852780612712356,0.4725354071317718,COMPLETE
203,-0.7165433505085717,2025-12-07 15:01:32.401837,2025-12-07 15:01:57.221687,0 days 00:00:24.819850,1.8544892147488166,0.8283059166771912,0.5700602633671172,0.04284330637392252,1,10,11,124,1.4383133107903712,2.6366454791420617,0.6093415318772483,0.8065173820330467,0.4742097135335287,COMPLETE
204,-0.7186359827271349,2025-12-07 15:01:34.941673,2025-12-07 15:02:13.211354,0 days 00:00:38.269681,1.6215551958295822,0.8285064172003306,0.19291032945720332,0.04303667158420956,2,10,11,211,1.2996288648124361,2.698517057857913,0.6208323568859725,0.7906270111792058,0.438171315174634,COMPLETE
205,-0.712685497931068,2025-12-07 15:01:35.050116,2025-12-07 15:02:01.281183,0 days 00:00:26.231067,1.7456723260293647,0.8280100633887866,0.5750798929093632,0.04120421970195611,2,10,11,132,1.4750352552509554,2.8985841387081335,0.623962406003749,0.7864819463415024,0.4783924599804265,COMPLETE
206,-0.719085152620792,2025-12-07 15:01:35.126800,2025-12-07 15:02:00.505602,0 days 00:00:25.378802,1.8941591927902857,0.833996321438629,0.5807252784620112,0.042524401238670594,2,10,11,126,1.3880487336600926,2.076224560026181,0.6307572689886539,0.7874637395745576,0.4758316411985852,COMPLETE
207,-0.693844796208448,2025-12-07 15:01:36.035814,2025-12-07 15:02:02.143945,0 days 00:00:26.108131,1.48792501792058,0.83013127240785,0.5865473210747993,0.041771601051677563,2,10,11,130,1.4423408178724269,2.8098851683428685,0.6245493633041904,0.7855575793016965,0.4786103443330313,COMPLETE
208,-0.7228957520191337,2025-12-07 15:01:37.136997,2025-12-07 15:02:01.573423,0 days 00:00:24.436426,2.187827287577135,0.8327977229228565,0.3418938180192848,0.044599666382695975,2,10,11,120,1.3928463413919145,1.976225130173171,0.6270379497629704,0.7883520470821838,0.476511240463764,COMPLETE
209,-0.7121015489902582,2025-12-07 15:01:37.393903,2025-12-07 15:01:55.981951,0 days 00:00:18.588048,1.651287276699441,0.8348422965275223,0.20954346660567713,0.0375583900356291,2,10,11,82,1.310666529563879,2.745474802182616,0.6320938306627819,0.8020896074207374,0.47367524504878433,COMPLETE
210,-0.7223039473415742,2025-12-07 15:01:39.305756,2025-12-07 15:02:06.382756,0 days 00:00:27.077000,1.8284318115139235,0.8335129073412527,0.20124330172839958,0.03683582876675138,2,10,11,134,1.4114021921735744,2.8779133149463427,0.6279633899398833,0.7927944548872523,0.43881714991872384,COMPLETE
211,-0.714602952898787,2025-12-07 15:01:40.160654,2025-12-07 15:02:19.588174,0 days 00:00:39.427520,1.6568656182790304,0.8350052640939004,0.33122766334394255,0.04396120797895959,2,10,11,216,1.5028036694151825,2.9191265446159043,0.577079952176955,0.8031896118840833,0.4382501089648078,COMPLETE
212,-0.7210498276955362,2025-12-07 15:01:41.075189,2025-12-07 15:02:06.119762,0 days 00:00:25.044573,1.7430747384614609,0.8087411395304069,0.5754518945627997,0.036861855394420294,2,10,11,121,1.5345950365058376,2.7027788047084496,0.6211046357804088,0.8028666753313342,0.44290556634104034,COMPLETE
213,-0.7216166218370282,2025-12-07 15:01:45.526089,2025-12-07 15:02:12.013154,0 days 00:00:26.487065,1.748490901957873,0.8344847211701856,0.34918896300599644,0.03861193293457941,2,10,11,132,1.5291313266342437,1.9651698196241318,0.6212492175374679,0.8048232990559174,0.43704423244826934,COMPLETE
214,-0.6958993002954019,2025-12-07 15:01:46.257153,2025-12-07 15:02:24.545775,0 days 00:00:38.288622,1.4990959402101829,0.810171726600533,0.2125173174561173,0.04533949678754117,2,10,11,212,1.6049997615635054,3.051897314506809,0.6190522105071209,0.8038670551891743,0.47432730158097164,COMPLETE
215,-0.7208706859819345,2025-12-07 15:01:46.259938,2025-12-07 15:02:11.964182,0 days 00:00:25.704244,1.6923648689548754,0.8061698389389098,0.5781580976248187,0.054839784476547054,2,10,11,132,1.5790419068249792,2.934733874364093,0.6263357362163511,0.8202957142146514,0.4371729397150306,COMPLETE
216,-0.7124682210858531,2025-12-07 15:01:47.959863,2025-12-07 15:02:27.778269,0 days 00:00:39.818406,1.701066749868944,0.8086982831648416,0.3744505875021331,0.038397019915188194,2,10,11,216,1.9880303275735154,2.8833089405858137,0.6311963641477217,0.8013429855238932,0.47322115839891965,COMPLETE
217,-0.7226654274185507,2025-12-07 15:01:48.946857,2025-12-07 15:02:15.720325,0 days 00:00:26.773468,2.434229521806944,0.808538100917881,0.2255063362458599,0.03905512672833516,2,10,11,130,2.006203201298811,2.728495652334513,0.630210401334828,0.7997981915363358,0.47340325132064376,COMPLETE
218,-0.7225309233951658,2025-12-07 15:01:49.546884,2025-12-07 15:02:13.913088,0 days 00:00:24.366204,2.186727610160486,0.807388897930765,0.36474076528569976,0.05513556402456028,2,10,11,123,1.570663177055658,2.901348300974126,0.6295370536811971,0.803598617159248,0.47500664471350673,COMPLETE
219,-0.7169314097864556,2025-12-07 15:01:49.590767,2025-12-07 15:02:13.046382,0 days 00:00:23.455615,2.178775612071035,0.8089534807841766,0.5919105038366322,0.05460389921877074,2,10,11,118,1.5760563933708898,2.737601519532975,0.5601175948932524,0.8027372979887643,0.26753418126334993,COMPLETE
220,-0.6984048887701653,2025-12-07 15:01:49.872419,2025-12-07 15:02:27.922386,0 days 00:00:38.049967,1.6854018806046043,0.8079292768540717,0.20415086161608803,0.05466726860446784,2,10,11,217,1.9874921181007787,2.7432510318637378,0.5604049989464156,0.8035016209759496,0.4737497209095675,COMPLETE
221,-0.7043520198148728,2025-12-07 15:01:50.776922,2025-12-07 15:02:29.257181,0 days 00:00:38.480259,1.6284143921590815,0.8080883396487065,0.5733820333018432,0.05410388667677387,2,10,11,215,1.5969740951538367,2.0185829876777284,0.6286731449166846,0.7994615021197685,0.47937390766276267,COMPLETE
222,-0.7202477036028674,2025-12-07 15:01:52.400788,2025-12-07 15:02:31.005788,0 days 00:00:38.605000,1.614571154667603,0.8077644802486449,0.5688224924505015,0.04530896869238641,2,10,11,214,1.5662274943206107,2.849979616297717,0.5647233234065231,0.8014861862856621,0.2705747999440916,COMPLETE
223,-0.7003372392210878,2025-12-07 15:01:54.714118,2025-12-07 15:02:20.003422,0 days 00:00:25.289304,1.6345490378264909,0.8080190471263149,0.5686712741811782,0.03860415425800224,2,10,11,125,1.5672674869103098,2.7012673379714878,0.5830485390522453,0.601829633337289,0.4749661682753945,COMPLETE
224,-0.7183873039939875,2025-12-07 15:01:55.982895,2025-12-07 15:02:34.939033,0 days 00:00:38.956138,1.574199542709911,0.8082952667229178,0.5728544628716641,0.0544985178793755,2,10,8,210,1.5656931077640666,2.682246976023343,0.759586992345826,0.8213240846458234,0.47381620066568253,COMPLETE
225,-0.7239040763621494,2025-12-07 15:01:57.222778,2025-12-07 15:02:35.668285,0 days 00:00:38.445507,1.4838057802115712,0.8094936119212742,0.5978023016542858,0.05554975402696886,2,10,8,217,1.5708760820997962,2.065415976897323,0.7566868816121165,0.821051358649668,0.40625358359541197,COMPLETE
226,-0.7166439301586666,2025-12-07 15:01:57.578174,2025-12-07 15:02:37.680395,0 days 00:00:40.102221,2.2081246768377865,0.8086462147896943,0.7186024499602439,0.05473132912919601,2,10,8,215,1.5783710624142326,1.978678919302324,0.7528878326476249,0.8224997000461725,0.28014868438418683,COMPLETE
227,-0.7236895437660337,2025-12-07 15:01:57.744277,2025-12-07 15:02:36.552321,0 days 00:00:38.808044,2.1980402466146196,0.8065956309056237,0.5840024803342521,0.054040925779110675,2,10,11,215,1.5463810763478367,2.998307409361253,0.7486373675155086,0.8190516923788095,0.4779953023240178,COMPLETE
228,-0.72176718732753,2025-12-07 15:02:00.415303,2025-12-07 15:02:39.705523,0 days 00:00:39.290220,2.190794056278688,0.8075082484307229,0.4843099874549954,0.056270854510184674,2,10,7,210,2.033021549943261,3.160130661492201,0.5690453404524466,0.8225273094963746,0.45589429697331557,COMPLETE
229,-0.7194659937443444,2025-12-07 15:02:00.506661,2025-12-07 15:02:36.457029,0 days 00:00:35.950368,1.5061688481803224,0.8082455276542141,0.6974714741279453,0.05476191178729283,2,10,8,211,1.9874826771744791,1.9537756594626048,0.7581978398001329,0.600589410074296,0.4563589401071256,COMPLETE
230,-0.7057573419611229,2025-12-07 15:02:01.282964,2025-12-07 15:02:41.475955,0 days 00:00:40.192991,1.599542677795291,0.8096273043383317,0.7093089704751161,0.05431183094762463,2,10,8,220,1.983197966599621,2.1515642427278623,0.5802760678307232,0.8236346587894284,0.4539249206887621,COMPLETE
231,-0.7226944709291236,2025-12-07 15:02:01.574374,2025-12-07 15:02:42.502104,0 days 00:00:40.927730,2.427843870851479,0.8119449463503677,0.0698730533547736,0.054096656992570324,2,10,8,218,2.0048178726095096,3.17079809375172,0.7598952493788562,0.8330600232258321,0.4586463683007518,COMPLETE
232,-0.723429248321176,2025-12-07 15:02:02.147004,2025-12-07 15:02:42.449450,0 days 00:00:40.302446,2.4363709555534583,0.8058039254444782,0.720147703668551,0.05375980001451497,2,10,8,216,1.9902658568186549,1.9846657256225146,0.5795796681247399,0.8322299114345256,0.4523425711173501,COMPLETE
233,-0.7158101930892798,2025-12-07 15:02:06.121391,2025-12-07 15:02:45.370449,0 days 00:00:39.249058,2.4516623171908956,0.810654253457289,0.48100014953316117,0.054451701328724275,2,10,9,215,1.971371280916696,2.12473676277613,0.5730304914532041,0.8219826550216662,0.23914835188574063,COMPLETE
234,-0.7168614660432577,2025-12-07 15:02:06.383928,2025-12-07 15:02:45.455653,0 days 00:00:39.071725,2.0044039622977654,0.8062539932803332,0.6775526499017342,0.05584255403853383,2,10,8,211,2.01325807065995,2.1611199033837702,0.7575743135448674,0.8219476499828366,0.27777858984250114,COMPLETE
235,-0.723063959483365,2025-12-07 15:02:11.965273,2025-12-07 15:02:51.946300,0 days 00:00:39.981027,2.4571741265743063,0.8107294347352374,0.6771452932688529,0.05465751975087854,2,10,8,213,2.013443492901333,1.9503799613480723,0.7598329259262165,0.8330365810885718,0.5223548273431291,COMPLETE
236,-0.7238170840869176,2025-12-07 15:02:12.014711,2025-12-07 15:02:50.290809,0 days 00:00:38.276098,2.0393903725101503,0.8111014982133945,0.48559257853236937,0.05497326782451579,2,10,9,208,1.9918811233744205,2.1476533860594085,0.7471961959425879,0.8323987560752905,0.4617154797652032,COMPLETE
237,-0.7231138502061507,2025-12-07 15:02:13.047429,2025-12-07 15:02:53.288414,0 days 00:00:40.240985,2.181927641871215,0.8144896116424373,0.7131454058991374,0.05330338020940923,2,10,9,214,2.1001334564631806,3.1072426283431307,0.7610290992281551,0.605421482389281,0.45650993395475387,COMPLETE
238,-0.7232843577356487,2025-12-07 15:02:13.212676,2025-12-07 15:02:51.537133,0 days 00:00:38.324457,1.9831022781815297,0.8119781883876936,0.4798201981559076,0.0567780147810108,2,10,8,215,2.0149865552078676,2.19174915208316,0.7528911623215926,0.8211619260543802,0.45636254032878876,COMPLETE
239,-0.7239463993594606,2025-12-07 15:02:13.914786,2025-12-07 15:02:53.597715,0 days 00:00:39.682929,1.9819436495812635,0.8141282658527966,0.7113551075776496,0.05831747728747226,2,10,8,215,2.0029870895856194,2.1961555182948507,0.7579533748039246,0.8327995954878661,0.4601940674334061,COMPLETE
240,-0.7235367024139098,2025-12-07 15:02:15.721474,2025-12-07 15:02:56.490903,0 days 00:00:40.769429,2.034644403541991,0.8147375848004523,0.48917753184224916,0.0522130929245387,2,10,8,217,1.998780003269685,2.1781130780689826,0.7598064793158749,0.8332602000393955,0.4550434821529885,COMPLETE
241,-0.7224374117524682,2025-12-07 15:02:19.589672,2025-12-07 15:02:54.038192,0 days 00:00:34.448520,2.0026486996642388,0.8600142799101534,0.6907822493485738,0.057272941944222264,2,10,8,178,2.0043436484159685,3.034273952839109,0.7545825447558916,0.8324628006615963,0.40746076733513736,COMPLETE
242,-0.7235614215182669,2025-12-07 15:02:20.005041,2025-12-07 15:02:53.320864,0 days 00:00:33.315823,1.9880688852237007,0.8144781265435249,0.7183292061385707,0.058633273881855456,0,10,16,181,2.0149560266725026,2.2451748581030633,0.7548553098153317,0.8337240530107045,0.4555857350443438,COMPLETE
243,-0.7237102875966988,2025-12-07 15:02:24.547195,2025-12-07 15:02:58.342049,0 days 00:00:33.794854,1.9682553385334136,0.7888522399040294,0.7078082129101253,0.05812877368843201,2,10,8,177,1.9854382437182145,2.177923149063231,0.756070806260543,0.8314188914204562,0.4518215749190433,COMPLETE
244,-0.7234914409581747,2025-12-07 15:02:27.779651,2025-12-07 15:03:01.520642,0 days 00:00:33.740991,1.9575265561111626,0.8144775645228949,0.07914637725605617,0.051449465033929505,2,10,9,178,2.0701166756684666,2.2286283205648116,0.7486760203825011,0.8182955871004535,0.4556156610249397,COMPLETE
245,-0.724147757321363,2025-12-07 15:02:27.923360,2025-12-07 15:03:03.183086,0 days 00:00:35.259726,2.026525947007278,0.8177651007467134,0.7149829729567313,0.05132287347657943,0,10,8,179,2.108757045539603,2.1265272618401503,0.7465050391822169,0.8213261731207427,0.4527687422709486,COMPLETE
246,-0.7236517059640766,2025-12-07 15:02:29.258934,2025-12-07 15:03:02.715229,0 days 00:00:33.456295,1.9951441823216984,0.8156924315857881,0.07225901366499012,0.05201694263983122,2,10,8,174,2.112708482683851,2.2058420750871686,0.712189477428869,0.8181891282464818,0.4549978774655165,COMPLETE
247,-0.72348163787325,2025-12-07 15:02:31.007095,2025-12-07 15:03:04.798192,0 days 00:00:33.791097,2.001895364829114,0.8164014981684165,0.06505511012296164,0.05793502629748846,2,10,8,178,2.096249997865901,2.1732739409952764,0.7618684580584577,0.822956593601801,0.45511143119878394,COMPLETE
248,-0.7233422567551101,2025-12-07 15:02:34.940619,2025-12-07 15:03:09.104719,0 days 00:00:34.164100,2.012526788502691,0.8162599234537271,0.06559562461409109,0.05089357609136746,2,10,8,179,2.124314270840107,2.199432204160199,0.7090992077528518,0.8315296547765171,0.45537898191809767,COMPLETE
249,-0.7230039949442947,2025-12-07 15:02:35.669338,2025-12-07 15:03:10.634942,0 days 00:00:34.965604,1.9993333235382194,0.7939661605553859,0.7067629916051075,0.05081195840634212,0,10,8,178,2.109033142545969,2.1975911678704128,0.7074278039777697,0.8316787833457909,0.404317378155713,COMPLETE
250,-0.7235716930083562,2025-12-07 15:02:36.458317,2025-12-07 15:03:11.432976,0 days 00:00:34.974659,2.0313455589395804,0.7944762595905199,0.49123404004914856,0.05734522583400681,0,10,8,177,2.100283493235572,2.200849415071241,0.7088293168517424,0.8336515337901347,0.4555705953860787,COMPLETE
251,-0.7234991941865176,2025-12-07 15:02:36.553610,2025-12-07 15:03:11.930414,0 days 00:00:35.376804,2.0057901775228637,0.7990226084028427,0.6651348890618152,0.05771117277457444,0,10,8,182,1.6981885569891684,2.1820528173874996,0.7056926388843321,0.8347310519270471,0.45529045573720234,COMPLETE
252,-0.723243095502053,2025-12-07 15:02:37.681375,2025-12-07 15:03:10.640598,0 days 00:00:32.959223,1.9954274011474342,0.795447928513818,0.4832140602211472,0.058233457360293645,2,10,9,174,1.688860633213038,2.186753483510732,0.717355054947292,0.8291492754330008,0.40981859598146547,COMPLETE
253,-0.7150258967757421,2025-12-07 15:02:39.706949,2025-12-07 15:03:13.932116,0 days 00:00:34.225167,2.0039839412779044,0.7953509571418196,0.6801753643553494,0.05185973655394747,0,10,9,177,1.6883623810034816,1.7663041634685397,0.7127848162829885,0.8333659090310579,0.2328008528477621,COMPLETE
254,-0.7230855675122834,2025-12-07 15:02:41.477058,2025-12-07 15:03:14.833147,0 days 00:00:33.356089,1.9934060349786993,0.7927517181843473,0.0741652688979875,0.051195194655394474,2,10,9,178,2.118993597639211,2.18991371536354,0.7086194308190702,0.8341237602919979,0.45839200916818107,COMPLETE
255,-0.7214436659071577,2025-12-07 15:02:42.450785,2025-12-07 15:03:14.401258,0 days 00:00:31.950473,1.3240499259997438,0.796255935846973,0.6379481672027829,0.058819658222230536,0,10,16,176,1.6637340652139838,1.750385145098367,0.7100361400114837,0.8336178659970197,0.4003825080977222,COMPLETE
256,-0.7169875839158578,2025-12-07 15:02:42.504330,2025-12-07 15:03:17.629530,0 days 00:00:35.125200,2.0045938359816233,0.8005569992165671,0.6675781751891597,0.05872352024437824,0,10,7,177,1.6862264106360745,2.1847165216029336,0.7246595184730745,0.8325674539227685,0.5215725294987097,COMPLETE
257,-0.6681526191780021,2025-12-07 15:02:45.371555,2025-12-07 15:03:17.278585,0 days 00:00:31.907030,1.2134195870047757,0.7986777840742957,0.6637066296560026,0.051193423235193575,2,10,16,179,1.6892190039373538,1.744717849955714,0.7116620907060097,0.8299838695499091,0.4929251349822183,COMPLETE
258,-0.7235041522774347,2025-12-07 15:02:45.456734,2025-12-07 15:03:20.269602,0 days 00:00:34.812868,2.004291756726504,0.7934525293293835,0.6606800371809729,0.05856176227929512,0,10,7,176,1.6630654617473442,1.8390697546252661,0.706698158085046,0.8302381977174642,0.45590225790441397,COMPLETE
259,-0.6868639684936142,2025-12-07 15:02:50.292109,2025-12-07 15:03:23.034002,0 days 00:00:32.741893,1.1228335288539562,0.7961830455199492,0.6502866924806813,0.05914984234691021,3,10,7,178,1.7008648924906744,1.7882622175191594,0.730534855931662,0.8322982470718533,0.458930077635117,COMPLETE
260,-0.7217828144481265,2025-12-07 15:02:51.538430,2025-12-07 15:03:26.292605,0 days 00:00:34.754175,2.046944179834137,0.7957189799555496,0.6291225896178497,0.05118726085011569,0,10,7,178,1.6817058891534673,1.804414407070839,0.708301431809844,0.8339727882634707,0.4931176456359953,COMPLETE
261,-0.6907180730120657,2025-12-07 15:02:51.947611,2025-12-07 15:03:26.954497,0 days 00:00:35.006886,1.3713056210326835,0.795190804277733,0.64169213821246,0.05138145703602859,0,10,7,179,1.6756750399271045,2.2076730136394453,0.7128707049022476,0.8358274780004774,0.4940121228445371,COMPLETE
262,-0.6859326745851158,2025-12-07 15:02:53.289572,2025-12-07 15:03:25.978934,0 days 00:00:32.689362,1.3139544927106694,0.7952350429564686,0.6451746956130867,0.05096513390610062,3,10,7,172,1.692074294215743,1.665461151101769,0.718021662642453,0.8310387394705931,0.49215151527052886,COMPLETE
263,-0.6746492899054729,2025-12-07 15:02:53.322198,2025-12-07 15:03:27.549066,0 days 00:00:34.226868,1.2293095671979348,0.7995279087781543,0.6126522327268296,0.059019469493979224,0,10,7,178,1.705663312404622,1.7781433010769345,0.7111651012749794,0.8329433255953382,0.49128527264857835,COMPLETE
264,-0.7222000318303179,2025-12-07 15:02:53.598716,2025-12-07 15:03:28.954543,0 days 00:00:35.355827,2.103585467419276,0.7977226818272148,0.665353771994294,0.05892046129896175,0,10,7,182,1.6893038127315774,1.7834354853850773,0.7069849620084504,0.8329505566244465,0.49311255283425137,COMPLETE
265,-0.7236804912927381,2025-12-07 15:02:54.039249,2025-12-07 15:03:25.492087,0 days 00:00:31.452838,2.091044786636671,0.7972039956280412,0.648665484398032,0.059164259188833924,3,10,16,177,1.7008452025026666,1.7471238563981792,0.7111273221797478,0.8324536825508205,0.45420907075792444,COMPLETE
266,-0.6830493857593043,2025-12-07 15:02:56.492065,2025-12-07 15:03:30.837937,0 days 00:00:34.345872,1.3289381701658587,0.7993377501748199,0.647628046262298,0.05937776571084085,3,10,7,183,2.13995400300561,1.7193865731565214,0.7075133991644463,0.8334348514213872,0.49531848042190674,COMPLETE
267,-0.6608283221204236,2025-12-07 15:02:58.343048,2025-12-07 15:03:29.423997,0 days 00:00:31.080949,1.1716970964396682,0.7971066300327633,0.6612744817998453,0.06048518823947488,3,10,16,178,1.6923513948895117,1.7351646623288706,0.7104085336269004,0.8341195850271803,0.49107560526462446,COMPLETE
268,-0.7240301060776504,2025-12-07 15:03:01.521580,2025-12-07 15:03:35.460999,0 days 00:00:33.939419,2.053831073396556,0.7969566196815329,0.6470448680904902,0.059228278520437314,3,10,7,180,2.1394806189646576,1.817073664723239,0.7145268924566623,0.836707800308529,0.45297009599792953,COMPLETE
269,-0.7240629413534097,2025-12-07 15:03:02.716484,2025-12-07 15:03:39.905603,0 days 00:00:37.189119,1.1554557964778467,0.7967924169586228,0.6655878156331443,0.051647338218921396,0,10,9,198,2.140907459123406,1.761540498905228,0.7255196521381658,0.8358395899090673,0.339043099741066,COMPLETE
270,-0.7235232798087443,2025-12-07 15:03:03.184232,2025-12-07 15:03:37.886892,0 days 00:00:34.702660,2.2504083435929663,0.7933513673017735,0.6450688233239794,0.05916333417973,0,10,7,178,2.1215831791190656,2.2236165136549295,0.7278412167131584,0.8345884607978155,0.4521399224003515,COMPLETE
271,-0.7114455150043437,2025-12-07 15:03:04.799426,2025-12-07 15:03:38.076400,0 days 00:00:33.276974,2.12133227392802,0.7967694197989241,0.6556770749518595,0.05978687926738055,0,10,9,176,2.1464732312329624,2.1926539856762854,0.7126246157013665,0.8392437813880013,0.1366741179767419,COMPLETE
272,-0.6956962149506974,2025-12-07 15:03:09.105825,2025-12-07 15:03:43.377360,0 days 00:00:34.271535,1.3812310425347218,0.798338092965003,0.6455647500569874,0.05892734243783934,0,10,7,175,2.4865402149115656,1.7416161008100812,0.7253099012601735,0.8396056521648432,0.48968193670914006,COMPLETE
273,-0.6149051313694259,2025-12-07 15:03:10.636124,2025-12-07 15:03:42.894311,0 days 00:00:32.258187,0.9456297323765612,0.7975412811524341,0.6461047476978953,0.0603029124624506,3,10,7,175,2.1345825863286914,2.0922033630346655,0.7272601584886575,0.8392490976833733,0.4883915071715956,COMPLETE
274,-0.7169354873295744,2025-12-07 15:03:10.641564,2025-12-07 15:03:28.132162,0 days 00:00:17.490598,2.0954557514002485,0.8005630685088329,0.6544516124154233,0.05981708772607176,0,3,7,195,2.4521011859725164,1.808089639531624,0.7307065346337358,0.8436733463463102,0.4516446601829948,COMPLETE
275,-0.7227783815592288,2025-12-07 15:03:11.434873,2025-12-07 15:03:46.193478,0 days 00:00:34.758605,2.104737178058974,0.7998109856683261,0.657094207449754,0.05946482805215595,0,10,7,180,2.46211239129427,1.7251214334089393,0.7303460438755675,0.8397038231118076,0.49268425889011724,COMPLETE
276,-0.7165582856594874,2025-12-07 15:03:11.931729,2025-12-07 15:03:28.332886,0 days 00:00:16.401157,2.1171604618984503,0.7994019562107403,0.654008220913847,0.059796961100645356,0,3,7,181,2.4103431713595316,2.0728894390602908,0.7300515632060637,0.8431180363028695,0.4935808605041627,COMPLETE
277,-0.7236970673622949,2025-12-07 15:03:13.934022,2025-12-07 15:03:51.802300,0 days 00:00:37.868278,2.1263046700218022,0.8019862490939818,0.6457677510591773,0.05914044877485707,0,10,7,196,2.5062112086891073,2.08388437596063,0.781856211738124,0.8363918173262938,0.4499855282596337,COMPLETE
278,-0.7229784763511831,2025-12-07 15:03:14.402248,2025-12-07 15:03:52.119330,0 days 00:00:37.717082,2.119367513283678,0.7996631029369922,0.11639810691173556,0.059926143719432286,0,10,7,198,2.1660358037184237,2.2451330597988703,0.7353358212278526,0.8397561656088579,0.4233383972892012,COMPLETE
279,-0.7229919736159154,2025-12-07 15:03:14.834783,2025-12-07 15:03:52.279544,0 days 00:00:37.444761,2.1329830302481483,0.8000067740049184,0.1302714513207861,0.05917844010318773,0,10,7,199,2.1466046193989015,2.0569420818127178,0.736255673554418,0.8408720552550472,0.4244099859759784,COMPLETE
280,-0.7237470808127882,2025-12-07 15:03:17.279723,2025-12-07 15:03:53.863877,0 days 00:00:36.584154,2.1195594339457413,0.8009168148040715,1.250215656587275,0.059779976673895806,0,10,7,193,2.4208933656367506,2.115949807222283,0.7818523661443777,0.84174223867458,0.45087111508747707,COMPLETE
281,-0.7118907136069312,2025-12-07 15:03:17.630587,2025-12-07 15:03:54.598307,0 days 00:00:36.967720,2.1187132593264097,0.8023948303523137,0.12255536757152784,0.06110305881465646,0,10,8,198,2.4697962714598107,2.0464397223932314,0.7807595194162722,0.843162255381773,0.15028064419973924,COMPLETE
282,-0.7163932150050554,2025-12-07 15:03:20.270734,2025-12-07 15:03:37.912329,0 days 00:00:17.641595,2.1373624399287627,0.7890079044966918,0.14815514242678415,0.060249822983454104,0,3,6,197,2.4137115767761586,2.0850038165739413,0.7890177175031575,0.841366181959586,0.4475352161789114,COMPLETE
283,-0.7227817282552336,2025-12-07 15:03:23.035079,2025-12-07 15:03:59.823633,0 days 00:00:36.788554,2.12599387017798,0.7880780067290895,0.11863896133357119,0.05881682808964121,0,10,6,192,2.481047775082348,2.0862684634317086,0.7836547964390412,0.8412754238036887,0.42552543226623124,COMPLETE
284,-0.7230257869931411,2025-12-07 15:03:25.493190,2025-12-07 15:04:02.965925,0 days 00:00:37.472735,2.1266617776703027,0.7885169351129707,0.7376057913594734,0.059980707671775726,0,10,6,199,2.417927964146784,2.069950622120383,0.7811682215045277,0.8437262639976794,0.4290691902675308,COMPLETE
285,-0.7117987707274649,2025-12-07 15:03:25.981187,2025-12-07 15:03:43.869592,0 days 00:00:17.888405,0.7612609332088511,0.7878289873010133,0.8153763927910924,0.06083411801593895,0,3,6,198,2.1628035725957258,2.0681556742215164,0.787074564205438,0.8369751001053747,0.13143357844532016,COMPLETE
286,-0.7229086943332991,2025-12-07 15:03:26.293723,2025-12-07 15:04:03.177200,0 days 00:00:36.883477,2.1380965559826195,0.7901711899177813,0.7363230414736449,0.058492325294080855,0,10,7,197,2.4987537611987816,2.0971108434264947,0.7769986953702814,0.8414077681676341,0.41995529237074813,COMPLETE
287,-0.6824387924461476,2025-12-07 15:03:26.956162,2025-12-07 15:04:00.762561,0 days 00:00:33.806399,0.9010036968127386,0.7883718029278408,1.2461468695049938,0.06197944166098745,0,10,7,194,2.1858803037187777,2.0701363711058005,0.7836088080500504,0.8401528912896769,0.4290113020416585,COMPLETE
288,-0.7224975819222073,2025-12-07 15:03:27.550162,2025-12-07 15:04:02.472031,0 days 00:00:34.921869,2.134301616680897,0.786054121613646,1.3393589793515883,0.06080743289379475,0,10,8,191,2.462065912878092,2.052934071885078,0.7838099968332194,0.8398673080634136,0.4212394298957151,COMPLETE
289,-0.7222168557080709,2025-12-07 15:03:28.133502,2025-12-07 15:04:10.950003,0 days 00:00:42.816501,2.153197475792874,0.802317551379083,1.2784393496136692,0.03379586927613256,0,10,6,230,2.1563309736395184,2.057625800208198,0.7780516170358845,0.8411714443827513,0.4259607308474379,COMPLETE
290,-0.7223204306713067,2025-12-07 15:03:28.333967,2025-12-07 15:04:06.468789,0 days 00:00:38.134822,2.2412736072526585,0.7877035920010409,0.837832004927661,0.06152708667231927,0,10,8,226,2.1674318377593758,2.0770408384527244,0.7921164347514602,0.8403532862432609,0.42646392680944945,COMPLETE
291,-0.7224919403078097,2025-12-07 15:03:28.955763,2025-12-07 15:04:05.653351,0 days 00:00:36.697588,2.257922500115041,0.789855528220603,1.3578947565621402,0.06129728652783152,0,10,6,196,2.1691136922480805,2.0489688030309883,0.7909255243093918,0.8402097615909139,0.4278533545018165,COMPLETE
292,-0.7146195497789327,2025-12-07 15:03:29.425237,2025-12-07 15:04:03.404483,0 days 00:00:33.979246,0.7593667150335861,0.6129781430612249,0.7377503156550576,0.05709381369803512,0,10,6,198,2.179150353983585,2.095481292286369,0.7789914475981514,0.840462043516778,0.13692916909053063,COMPLETE
293,-0.7219749417108584,2025-12-07 15:03:30.839010,2025-12-07 15:04:05.620034,0 days 00:00:34.781024,2.268031770701615,0.7877245243507768,0.7402350988318311,0.06284684770886315,0,10,8,200,1.8993165360730504,3.4188949925816168,0.7896290600025516,0.8408328979063635,0.43222936555412994,COMPLETE
294,-0.7222919917632383,2025-12-07 15:03:35.462017,2025-12-07 15:04:09.032971,0 days 00:00:33.570954,2.2221619099311503,0.7880576743408823,0.7521333077705277,0.06158358355410731,3,10,6,198,2.1494455438768165,1.5982262592310332,0.7787870013834777,0.8403341214546148,0.4320867725577379,COMPLETE
295,-0.6837803896871772,2025-12-07 15:03:37.887839,2025-12-07 15:04:12.730893,0 days 00:00:34.843054,0.9029195503476328,0.7885534073718012,0.8092174893844059,0.056758456760296186,0,10,6,198,2.1810248328284034,2.0825930078713624,0.7856746606102203,0.8412382497325825,0.4287934940714294,COMPLETE
296,-0.7111824999484712,2025-12-07 15:03:37.915039,2025-12-07 15:04:14.781191,0 days 00:00:36.866152,2.287609515538146,0.6300721409960964,0.735280066447353,0.0565594309495731,0,10,8,230,2.159480293732673,1.9036981204184302,0.7739263041395977,0.8424515063749789,0.14224889232071117,COMPLETE
297,-0.7228157087827712,2025-12-07 15:03:38.078106,2025-12-07 15:04:13.506214,0 days 00:00:35.428108,2.221635082189585,0.7877900579332421,0.7420166958273201,0.062164500640613254,0,9,6,230,1.9267041750216973,1.878842471437195,0.7729615751718284,0.8402367327524141,0.4279211663945192,COMPLETE
298,-0.7182619358434895,2025-12-07 15:03:39.906718,2025-12-07 15:04:11.053573,0 days 00:00:31.146855,2.3025961873693124,0.7892608959552777,0.732398789962746,0.05670660987048111,0,9,6,198,1.9084945266353506,1.5847387673450193,0.7827696495453442,0.8412311953903734,0.33779950043052676,COMPLETE
299,-0.7206612054261119,2025-12-07 15:03:42.895580,2025-12-07 15:04:18.664931,0 days 00:00:35.769351,2.2891009647449576,0.7877012946425815,0.7305416919946055,0.03116048218051189,0,10,6,196,1.8886402920427805,1.53180045444513,0.7816385656163389,0.841891193432184,0.4277888893805999,COMPLETE
